Customer_ID,Customer_Name,Email,Age,City,Signup_Date
1000,Customer_1000,customer_1000@email.com,25,Chennai,2022-01-01 00:00:00.000000
1001,Customer_1001,customer_1001@email.com,42,Mumbai,2022-01-01 13:07:43.509006
1002,Customer_1002,customer_1002@email.com,27,Chennai,2022-01-02 02:15:27.018012
1003,Customer_1003,customer_1003@email.com,39,Delhi,2022-01-02 15:23:10.527018
1004,Customer_1004,customer_1004@email.com,52,Bangalore,2022-01-03 04:30:54.036024
1005,Customer_1005,customer_1005@email.com,59,Pune,2022-01-03 17:38:37.545030
1006,Customer_1006,customer_1006@email.com,41,Pune,2022-01-04 06:46:21.054036
1007,Customer_1007,customer_1007@email.com,43,Hyderabad,2022-01-04 19:54:04.563042
1008,Customer_1008,customer_1008@email.com,48,Kolkata,2022-01-05 09:01:48.072048
1009,Customer_1009,customer_1009@email.com,40,Chennai,2022-01-05 22:09:31.581054
1010,Customer_1010,customer_1010@email.com,19,Bangalore,2022-01-06 11:17:15.090060
1011,Customer_1011,customer_1011@email.com,56,Bangalore,2022-01-07 00:24:58.599066
1012,Customer_1012,customer_1012@email.com,50,Bangalore,2022-01-07 13:32:42.108072
1013,Customer_1013,customer_1013@email.com,41,Bangalore,2022-01-08 02:40:25.617078
1014,Customer_1014,customer_1014@email.com,29,Bangalore,2022-01-08 15:48:09.126084
1015,Customer_1015,customer_1015@email.com,54,Kolkata,2022-01-09 04:55:52.635090
1016,Customer_1016,customer_1016@email.com,26,Hyderabad,2022-01-09 18:03:36.144096
1017,Customer_1017,customer_1017@email.com,61,Pune,2022-01-10 07:11:19.653102
1018,Customer_1018,customer_1018@email.com,60,Hyderabad,2022-01-10 20:19:03.162108
1019,Customer_1019,customer_1019@email.com,61,Chennai,2022-01-11 09:26:46.671114
1020,Customer_1020,customer_1020@email.com,20,Pune,2022-01-11 22:34:30.180120
1021,Customer_1021,customer_1021@email.com,61,Pune,2022-01-12 11:42:13.689126
1022,Customer_1022,customer_1022@email.com,40,Mumbai,2022-01-13 00:49:57.198132
1023,Customer_1023,customer_1023@email.com,41,Chennai,2022-01-13 13:57:40.707138
1024,Customer_1024,customer_1024@email.com,50,Kolkata,2022-01-14 03:05:24.216144
1025,Customer_1025,customer_1025@email.com,47,Bangalore,2022-01-14 16:13:07.725150
1026,Customer_1026,customer_1026@email.com,55,Mumbai,2022-01-15 05:20:51.234156
1027,Customer_1027,customer_1027@email.com,60,Pune,2022-01-15 18:28:34.743162
1028,Customer_1028,customer_1028@email.com,19,Kolkata,2022-01-16 07:36:18.252168
1029,Customer_1029,customer_1029@email.com,57,Kolkata,2022-01-16 20:44:01.761174
1030,Customer_1030,customer_1030@email.com,39,Chennai,2022-01-17 09:51:45.270180
1031,Customer_1031,customer_1031@email.com,28,Mumbai,2022-01-17 22:59:28.779186
1032,Customer_1032,customer_1032@email.com,29,Pune,2022-01-18 12:07:12.288192
1033,Customer_1033,customer_1033@email.com,36,Hyderabad,2022-01-19 01:14:55.797198
1034,Customer_1034,customer_1034@email.com,37,Bangalore,2022-01-19 14:22:39.306204
1035,Customer_1035,customer_1035@email.com,26,Kolkata,2022-01-20 03:30:22.815210
1036,Customer_1036,customer_1036@email.com,60,Mumbai,2022-01-20 16:38:06.324216
1037,Customer_1037,customer_1037@email.com,35,Delhi,2022-01-21 05:45:49.833222
1038,Customer_1038,customer_1038@email.com,58,Bangalore,2022-01-21 18:53:33.342228
1039,Customer_1039,customer_1039@email.com,64,Hyderabad,2022-01-22 08:01:16.851234
1040,Customer_1040,customer_1040@email.com,35,Hyderabad,2022-01-22 21:09:00.360240
1041,Customer_1041,customer_1041@email.com,57,Chennai,2022-01-23 10:16:43.869246
1042,Customer_1042,customer_1042@email.com,53,Kolkata,2022-01-23 23:24:27.378252
1043,Customer_1043,customer_1043@email.com,44,Pune,2022-01-24 12:32:10.887258
1044,Customer_1044,customer_1044@email.com,30,Delhi,2022-01-25 01:39:54.396264
1045,Customer_1045,customer_1045@email.com,64,Mumbai,2022-01-25 14:47:37.905270
1046,Customer_1046,customer_1046@email.com,25,Kolkata,2022-01-26 03:55:21.414276
1047,Customer_1047,customer_1047@email.com,65,Chennai,2022-01-26 17:03:04.923282
1048,Customer_1048,customer_1048@email.com,60,Hyderabad,2022-01-27 06:10:48.432288
1049,Customer_1049,customer_1049@email.com,40,Mumbai,2022-01-27 19:18:31.941294
1050,Customer_1050,customer_1050@email.com,30,Hyderabad,2022-01-28 08:26:15.450300
1051,Customer_1051,customer_1051@email.com,24,Hyderabad,2022-01-28 21:33:58.959306
1052,Customer_1052,customer_1052@email.com,67,Delhi,2022-01-29 10:41:42.468312
1053,Customer_1053,customer_1053@email.com,57,Bangalore,2022-01-29 23:49:25.977318
1054,Customer_1054,customer_1054@email.com,19,Mumbai,2022-01-30 12:57:09.486324
1055,Customer_1055,customer_1055@email.com,20,Delhi,2022-01-31 02:04:52.995330
1056,Customer_1056,customer_1056@email.com,59,Pune,2022-01-31 15:12:36.504336
1057,Customer_1057,customer_1057@email.com,56,Kolkata,2022-02-01 04:20:20.013342
1058,Customer_1058,customer_1058@email.com,40,Hyderabad,2022-02-01 17:28:03.522348
1059,Customer_1059,customer_1059@email.com,24,Hyderabad,2022-02-02 06:35:47.031354
1060,Customer_1060,customer_1060@email.com,21,Delhi,2022-02-02 19:43:30.540360
1061,Customer_1061,customer_1061@email.com,25,Pune,2022-02-03 08:51:14.049366
1062,Customer_1062,customer_1062@email.com,49,Mumbai,2022-02-03 21:58:57.558372
1063,Customer_1063,customer_1063@email.com,36,Hyderabad,2022-02-04 11:06:41.067378
1064,Customer_1064,customer_1064@email.com,29,Pune,2022-02-05 00:14:24.576384
1065,Customer_1065,customer_1065@email.com,27,Mumbai,2022-02-05 13:22:08.085390
1066,Customer_1066,customer_1066@email.com,31,Delhi,2022-02-06 02:29:51.594396
1067,Customer_1067,customer_1067@email.com,44,Hyderabad,2022-02-06 15:37:35.103402
1068,Customer_1068,customer_1068@email.com,61,Chennai,2022-02-07 04:45:18.612408
1069,Customer_1069,customer_1069@email.com,38,Chennai,2022-02-07 17:53:02.121414
1070,Customer_1070,customer_1070@email.com,37,Hyderabad,2022-02-08 07:00:45.630420
1071,Customer_1071,customer_1071@email.com,21,Bangalore,2022-02-08 20:08:29.139426
1072,Customer_1072,customer_1072@email.com,36,Hyderabad,2022-02-09 09:16:12.648432
1073,Customer_1073,customer_1073@email.com,46,Hyderabad,2022-02-09 22:23:56.157438
1074,Customer_1074,customer_1074@email.com,24,Hyderabad,2022-02-10 11:31:39.666444
1075,Customer_1075,customer_1075@email.com,50,Delhi,2022-02-11 00:39:23.175450
1076,Customer_1076,customer_1076@email.com,25,Hyderabad,2022-02-11 13:47:06.684456
1077,Customer_1077,customer_1077@email.com,28,Hyderabad,2022-02-12 02:54:50.193462
1078,Customer_1078,customer_1078@email.com,50,Delhi,2022-02-12 16:02:33.702468
1079,Customer_1079,customer_1079@email.com,42,Hyderabad,2022-02-13 05:10:17.211474
1080,Customer_1080,customer_1080@email.com,50,Chennai,2022-02-13 18:18:00.720480
1081,Customer_1081,customer_1081@email.com,53,Chennai,2022-02-14 07:25:44.229486
1082,Customer_1082,customer_1082@email.com,43,Kolkata,2022-02-14 20:33:27.738492
1083,Customer_1083,customer_1083@email.com,53,Pune,2022-02-15 09:41:11.247498
1084,Customer_1084,customer_1084@email.com,28,Kolkata,2022-02-15 22:48:54.756504
1085,Customer_1085,customer_1085@email.com,47,Kolkata,2022-02-16 11:56:38.265510
1086,Customer_1086,customer_1086@email.com,50,Hyderabad,2022-02-17 01:04:21.774516
1087,Customer_1087,customer_1087@email.com,27,Delhi,2022-02-17 14:12:05.283522
1088,Customer_1088,customer_1088@email.com,46,Hyderabad,2022-02-18 03:19:48.792528
1089,Customer_1089,customer_1089@email.com,42,Hyderabad,2022-02-18 16:27:32.301534
1090,Customer_1090,customer_1090@email.com,49,Pune,2022-02-19 05:35:15.810540
1091,Customer_1091,customer_1091@email.com,21,Mumbai,2022-02-19 18:42:59.319546
1092,Customer_1092,customer_1092@email.com,56,Kolkata,2022-02-20 07:50:42.828552
1093,Customer_1093,customer_1093@email.com,51,Pune,2022-02-20 20:58:26.337558
1094,Customer_1094,customer_1094@email.com,39,Bangalore,2022-02-21 10:06:09.846564
1095,Customer_1095,customer_1095@email.com,30,Delhi,2022-02-21 23:13:53.355570
1096,Customer_1096,customer_1096@email.com,68,Kolkata,2022-02-22 12:21:36.864576
1097,Customer_1097,customer_1097@email.com,53,Bangalore,2022-02-23 01:29:20.373582
1098,Customer_1098,customer_1098@email.com,23,Mumbai,2022-02-23 14:37:03.882588
1099,Customer_1099,customer_1099@email.com,34,Bangalore,2022-02-24 03:44:47.391594
1100,Customer_1100,customer_1100@email.com,43,Hyderabad,2022-02-24 16:52:30.900600
1101,Customer_1101,customer_1101@email.com,41,Chennai,2022-02-25 06:00:14.409606
1102,Customer_1102,customer_1102@email.com,26,Delhi,2022-02-25 19:07:57.918612
1103,Customer_1103,customer_1103@email.com,19,Delhi,2022-02-26 08:15:41.427618
1104,Customer_1104,customer_1104@email.com,37,Hyderabad,2022-02-26 21:23:24.936624
1105,Customer_1105,customer_1105@email.com,44,Pune,2022-02-27 10:31:08.445630
1106,Customer_1106,customer_1106@email.com,23,Kolkata,2022-02-27 23:38:51.954636
1107,Customer_1107,customer_1107@email.com,67,Kolkata,2022-02-28 12:46:35.463642
1108,Customer_1108,customer_1108@email.com,44,Kolkata,2022-03-01 01:54:18.972648
1109,Customer_1109,customer_1109@email.com,41,Bangalore,2022-03-01 15:02:02.481654
1110,Customer_1110,customer_1110@email.com,32,Delhi,2022-03-02 04:09:45.990660
1111,Customer_1111,customer_1111@email.com,65,Pune,2022-03-02 17:17:29.499666
1112,Customer_1112,customer_1112@email.com,50,Kolkata,2022-03-03 06:25:13.008672
1113,Customer_1113,customer_1113@email.com,59,Kolkata,2022-03-03 19:32:56.517678
1114,Customer_1114,customer_1114@email.com,27,Mumbai,2022-03-04 08:40:40.026684
1115,Customer_1115,customer_1115@email.com,38,Kolkata,2022-03-04 21:48:23.535690
1116,Customer_1116,customer_1116@email.com,23,Mumbai,2022-03-05 10:56:07.044696
1117,Customer_1117,customer_1117@email.com,47,Bangalore,2022-03-06 00:03:50.553702
1118,Customer_1118,customer_1118@email.com,40,Mumbai,2022-03-06 13:11:34.062708
1119,Customer_1119,customer_1119@email.com,53,Kolkata,2022-03-07 02:19:17.571714
1120,Customer_1120,customer_1120@email.com,63,Chennai,2022-03-07 15:27:01.080720
1121,Customer_1121,customer_1121@email.com,66,Hyderabad,2022-03-08 04:34:44.589726
1122,Customer_1122,customer_1122@email.com,20,Kolkata,2022-03-08 17:42:28.098732
1123,Customer_1123,customer_1123@email.com,43,Delhi,2022-03-09 06:50:11.607738
1124,Customer_1124,customer_1124@email.com,51,Pune,2022-03-09 19:57:55.116744
1125,Customer_1125,customer_1125@email.com,47,Hyderabad,2022-03-10 09:05:38.625750
1126,Customer_1126,customer_1126@email.com,35,Bangalore,2022-03-10 22:13:22.134756
1127,Customer_1127,customer_1127@email.com,34,Hyderabad,2022-03-11 11:21:05.643762
1128,Customer_1128,customer_1128@email.com,62,Delhi,2022-03-12 00:28:49.152768
1129,Customer_1129,customer_1129@email.com,68,Kolkata,2022-03-12 13:36:32.661774
1130,Customer_1130,customer_1130@email.com,59,Pune,2022-03-13 02:44:16.170780
1131,Customer_1131,customer_1131@email.com,38,Delhi,2022-03-13 15:51:59.679786
1132,Customer_1132,customer_1132@email.com,41,Bangalore,2022-03-14 04:59:43.188792
1133,Customer_1133,customer_1133@email.com,21,Delhi,2022-03-14 18:07:26.697798
1134,Customer_1134,customer_1134@email.com,66,Mumbai,2022-03-15 07:15:10.206804
1135,Customer_1135,customer_1135@email.com,65,Pune,2022-03-15 20:22:53.715810
1136,Customer_1136,customer_1136@email.com,42,Pune,2022-03-16 09:30:37.224816
1137,Customer_1137,customer_1137@email.com,68,Hyderabad,2022-03-16 22:38:20.733822
1138,Customer_1138,customer_1138@email.com,41,Chennai,2022-03-17 11:46:04.242828
1139,Customer_1139,customer_1139@email.com,63,Chennai,2022-03-18 00:53:47.751834
1140,Customer_1140,customer_1140@email.com,69,Chennai,2022-03-18 14:01:31.260840
1141,Customer_1141,customer_1141@email.com,44,Bangalore,2022-03-19 03:09:14.769846
1142,Customer_1142,customer_1142@email.com,48,Chennai,2022-03-19 16:16:58.278852
1143,Customer_1143,customer_1143@email.com,64,Pune,2022-03-20 05:24:41.787858
1144,Customer_1144,customer_1144@email.com,68,Kolkata,2022-03-20 18:32:25.296864
1145,Customer_1145,customer_1145@email.com,52,Pune,2022-03-21 07:40:08.805870
1146,Customer_1146,customer_1146@email.com,69,Hyderabad,2022-03-21 20:47:52.314876
1147,Customer_1147,customer_1147@email.com,37,Delhi,2022-03-22 09:55:35.823882
1148,Customer_1148,customer_1148@email.com,33,Mumbai,2022-03-22 23:03:19.332888
1149,Customer_1149,customer_1149@email.com,48,Kolkata,2022-03-23 12:11:02.841894
1150,Customer_1150,customer_1150@email.com,24,Chennai,2022-03-24 01:18:46.350900
1151,Customer_1151,customer_1151@email.com,35,Chennai,2022-03-24 14:26:29.859906
1152,Customer_1152,customer_1152@email.com,25,Kolkata,2022-03-25 03:34:13.368912
1153,Customer_1153,customer_1153@email.com,44,Chennai,2022-03-25 16:41:56.877918
1154,Customer_1154,customer_1154@email.com,31,Mumbai,2022-03-26 05:49:40.386924
1155,Customer_1155,customer_1155@email.com,35,Hyderabad,2022-03-26 18:57:23.895930
1156,Customer_1156,customer_1156@email.com,18,Kolkata,2022-03-27 08:05:07.404936
1157,Customer_1157,customer_1157@email.com,48,Kolkata,2022-03-27 21:12:50.913942
1158,Customer_1158,customer_1158@email.com,37,Chennai,2022-03-28 10:20:34.422948
1159,Customer_1159,customer_1159@email.com,23,Delhi,2022-03-28 23:28:17.931954
1160,Customer_1160,customer_1160@email.com,62,Bangalore,2022-03-29 12:36:01.440960
1161,Customer_1161,customer_1161@email.com,18,Mumbai,2022-03-30 01:43:44.949966
1162,Customer_1162,customer_1162@email.com,36,Hyderabad,2022-03-30 14:51:28.458972
1163,Customer_1163,customer_1163@email.com,56,Pune,2022-03-31 03:59:11.967978
1164,Customer_1164,customer_1164@email.com,44,Delhi,2022-03-31 17:06:55.476984
1165,Customer_1165,customer_1165@email.com,33,Mumbai,2022-04-01 06:14:38.985990
1166,Customer_1166,customer_1166@email.com,31,Pune,2022-04-01 19:22:22.494996
1167,Customer_1167,customer_1167@email.com,51,Mumbai,2022-04-02 08:30:06.004002
1168,Customer_1168,customer_1168@email.com,24,Bangalore,2022-04-02 21:37:49.513008
1169,Customer_1169,customer_1169@email.com,37,Bangalore,2022-04-03 10:45:33.022014
1170,Customer_1170,customer_1170@email.com,48,Pune,2022-04-03 23:53:16.531020
1171,Customer_1171,customer_1171@email.com,39,Pune,2022-04-04 13:01:00.040026
1172,Customer_1172,customer_1172@email.com,37,Hyderabad,2022-04-05 02:08:43.549032
1173,Customer_1173,customer_1173@email.com,32,Chennai,2022-04-05 15:16:27.058038
1174,Customer_1174,customer_1174@email.com,42,Kolkata,2022-04-06 04:24:10.567044
1175,Customer_1175,customer_1175@email.com,63,Pune,2022-04-06 17:31:54.076050
1176,Customer_1176,customer_1176@email.com,18,Bangalore,2022-04-07 06:39:37.585056
1177,Customer_1177,customer_1177@email.com,34,Hyderabad,2022-04-07 19:47:21.094062
1178,Customer_1178,customer_1178@email.com,33,Mumbai,2022-04-08 08:55:04.603068
1179,Customer_1179,customer_1179@email.com,54,Kolkata,2022-04-08 22:02:48.112074
1180,Customer_1180,customer_1180@email.com,38,Chennai,2022-04-09 11:10:31.621080
1181,Customer_1181,customer_1181@email.com,44,Delhi,2022-04-10 00:18:15.130086
1182,Customer_1182,customer_1182@email.com,52,Mumbai,2022-04-10 13:25:58.639092
1183,Customer_1183,customer_1183@email.com,41,Kolkata,2022-04-11 02:33:42.148098
1184,Customer_1184,customer_1184@email.com,69,Hyderabad,2022-04-11 15:41:25.657104
1185,Customer_1185,customer_1185@email.com,68,Delhi,2022-04-12 04:49:09.166110
1186,Customer_1186,customer_1186@email.com,19,Kolkata,2022-04-12 17:56:52.675116
1187,Customer_1187,customer_1187@email.com,63,Mumbai,2022-04-13 07:04:36.184122
1188,Customer_1188,customer_1188@email.com,42,Bangalore,2022-04-13 20:12:19.693128
1189,Customer_1189,customer_1189@email.com,36,Hyderabad,2022-04-14 09:20:03.202134
1190,Customer_1190,customer_1190@email.com,62,Delhi,2022-04-14 22:27:46.711140
1191,Customer_1191,customer_1191@email.com,30,Pune,2022-04-15 11:35:30.220146
1192,Customer_1192,customer_1192@email.com,46,Bangalore,2022-04-16 00:43:13.729152
1193,Customer_1193,customer_1193@email.com,49,Pune,2022-04-16 13:50:57.238158
1194,Customer_1194,customer_1194@email.com,23,Pune,2022-04-17 02:58:40.747164
1195,Customer_1195,customer_1195@email.com,26,Delhi,2022-04-17 16:06:24.256170
1196,Customer_1196,customer_1196@email.com,69,Chennai,2022-04-18 05:14:07.765176
1197,Customer_1197,customer_1197@email.com,18,Kolkata,2022-04-18 18:21:51.274182
1198,Customer_1198,customer_1198@email.com,41,Kolkata,2022-04-19 07:29:34.783188
1199,Customer_1199,customer_1199@email.com,27,Chennai,2022-04-19 20:37:18.292194
1200,Customer_1200,customer_1200@email.com,52,Hyderabad,2022-04-20 09:45:01.801200
1201,Customer_1201,customer_1201@email.com,23,Delhi,2022-04-20 22:52:45.310206
1202,Customer_1202,customer_1202@email.com,65,Kolkata,2022-04-21 12:00:28.819212
1203,Customer_1203,customer_1203@email.com,37,Chennai,2022-04-22 01:08:12.328218
1204,Customer_1204,customer_1204@email.com,55,Mumbai,2022-04-22 14:15:55.837224
1205,Customer_1205,customer_1205@email.com,29,Mumbai,2022-04-23 03:23:39.346230
1206,Customer_1206,customer_1206@email.com,20,Chennai,2022-04-23 16:31:22.855236
1207,Customer_1207,customer_1207@email.com,35,Kolkata,2022-04-24 05:39:06.364242
1208,Customer_1208,customer_1208@email.com,38,Pune,2022-04-24 18:46:49.873248
1209,Customer_1209,customer_1209@email.com,52,Pune,2022-04-25 07:54:33.382254
1210,Customer_1210,customer_1210@email.com,54,Chennai,2022-04-25 21:02:16.891260
1211,Customer_1211,customer_1211@email.com,36,Hyderabad,2022-04-26 10:10:00.400266
1212,Customer_1212,customer_1212@email.com,42,Pune,2022-04-26 23:17:43.909272
1213,Customer_1213,customer_1213@email.com,35,Hyderabad,2022-04-27 12:25:27.418278
1214,Customer_1214,customer_1214@email.com,57,Mumbai,2022-04-28 01:33:10.927284
1215,Customer_1215,customer_1215@email.com,47,Bangalore,2022-04-28 14:40:54.436290
1216,Customer_1216,customer_1216@email.com,59,Delhi,2022-04-29 03:48:37.945296
1217,Customer_1217,customer_1217@email.com,68,Bangalore,2022-04-29 16:56:21.454302
1218,Customer_1218,customer_1218@email.com,59,Hyderabad,2022-04-30 06:04:04.963308
1219,Customer_1219,customer_1219@email.com,51,Pune,2022-04-30 19:11:48.472314
1220,Customer_1220,customer_1220@email.com,27,Bangalore,2022-05-01 08:19:31.981320
1221,Customer_1221,customer_1221@email.com,39,Hyderabad,2022-05-01 21:27:15.490326
1222,Customer_1222,customer_1222@email.com,67,Kolkata,2022-05-02 10:34:58.999332
1223,Customer_1223,customer_1223@email.com,21,Bangalore,2022-05-02 23:42:42.508338
1224,Customer_1224,customer_1224@email.com,20,Mumbai,2022-05-03 12:50:26.017344
1225,Customer_1225,customer_1225@email.com,66,Hyderabad,2022-05-04 01:58:09.526350
1226,Customer_1226,customer_1226@email.com,66,Mumbai,2022-05-04 15:05:53.035356
1227,Customer_1227,customer_1227@email.com,45,Bangalore,2022-05-05 04:13:36.544362
1228,Customer_1228,customer_1228@email.com,39,Chennai,2022-05-05 17:21:20.053368
1229,Customer_1229,customer_1229@email.com,29,Chennai,2022-05-06 06:29:03.562374
1230,Customer_1230,customer_1230@email.com,66,Delhi,2022-05-06 19:36:47.071380
1231,Customer_1231,customer_1231@email.com,30,Kolkata,2022-05-07 08:44:30.580386
1232,Customer_1232,customer_1232@email.com,58,Chennai,2022-05-07 21:52:14.089392
1233,Customer_1233,customer_1233@email.com,50,Kolkata,2022-05-08 10:59:57.598398
1234,Customer_1234,customer_1234@email.com,64,Delhi,2022-05-09 00:07:41.107404
1235,Customer_1235,customer_1235@email.com,36,Bangalore,2022-05-09 13:15:24.616410
1236,Customer_1236,customer_1236@email.com,58,Delhi,2022-05-10 02:23:08.125416
1237,Customer_1237,customer_1237@email.com,34,Delhi,2022-05-10 15:30:51.634422
1238,Customer_1238,customer_1238@email.com,64,Delhi,2022-05-11 04:38:35.143428
1239,Customer_1239,customer_1239@email.com,51,Kolkata,2022-05-11 17:46:18.652434
1240,Customer_1240,customer_1240@email.com,21,Mumbai,2022-05-12 06:54:02.161440
1241,Customer_1241,customer_1241@email.com,56,Kolkata,2022-05-12 20:01:45.670446
1242,Customer_1242,customer_1242@email.com,25,Kolkata,2022-05-13 09:09:29.179452
1243,Customer_1243,customer_1243@email.com,50,Delhi,2022-05-13 22:17:12.688458
1244,Customer_1244,customer_1244@email.com,18,Pune,2022-05-14 11:24:56.197464
1245,Customer_1245,customer_1245@email.com,22,Hyderabad,2022-05-15 00:32:39.706470
1246,Customer_1246,customer_1246@email.com,49,Bangalore,2022-05-15 13:40:23.215476
1247,Customer_1247,customer_1247@email.com,57,Mumbai,2022-05-16 02:48:06.724482
1248,Customer_1248,customer_1248@email.com,18,Hyderabad,2022-05-16 15:55:50.233488
1249,Customer_1249,customer_1249@email.com,52,Bangalore,2022-05-17 05:03:33.742494
1250,Customer_1250,customer_1250@email.com,39,Kolkata,2022-05-17 18:11:17.251501
1251,Customer_1251,customer_1251@email.com,46,Mumbai,2022-05-18 07:19:00.760507
1252,Customer_1252,customer_1252@email.com,34,Kolkata,2022-05-18 20:26:44.269513
1253,Customer_1253,customer_1253@email.com,47,Bangalore,2022-05-19 09:34:27.778519
1254,Customer_1254,customer_1254@email.com,52,Chennai,2022-05-19 22:42:11.287525
1255,Customer_1255,customer_1255@email.com,18,Bangalore,2022-05-20 11:49:54.796531
1256,Customer_1256,customer_1256@email.com,21,Chennai,2022-05-21 00:57:38.305537
1257,Customer_1257,customer_1257@email.com,26,Kolkata,2022-05-21 14:05:21.814543
1258,Customer_1258,customer_1258@email.com,62,Chennai,2022-05-22 03:13:05.323549
1259,Customer_1259,customer_1259@email.com,49,Pune,2022-05-22 16:20:48.832555
1260,Customer_1260,customer_1260@email.com,22,Bangalore,2022-05-23 05:28:32.341561
1261,Customer_1261,customer_1261@email.com,31,Kolkata,2022-05-23 18:36:15.850567
1262,Customer_1262,customer_1262@email.com,68,Kolkata,2022-05-24 07:43:59.359573
1263,Customer_1263,customer_1263@email.com,43,Chennai,2022-05-24 20:51:42.868579
1264,Customer_1264,customer_1264@email.com,40,Pune,2022-05-25 09:59:26.377585
1265,Customer_1265,customer_1265@email.com,63,Mumbai,2022-05-25 23:07:09.886591
1266,Customer_1266,customer_1266@email.com,39,Chennai,2022-05-26 12:14:53.395597
1267,Customer_1267,customer_1267@email.com,44,Delhi,2022-05-27 01:22:36.904603
1268,Customer_1268,customer_1268@email.com,42,Mumbai,2022-05-27 14:30:20.413609
1269,Customer_1269,customer_1269@email.com,53,Kolkata,2022-05-28 03:38:03.922615
1270,Customer_1270,customer_1270@email.com,21,Pune,2022-05-28 16:45:47.431621
1271,Customer_1271,customer_1271@email.com,49,Mumbai,2022-05-29 05:53:30.940627
1272,Customer_1272,customer_1272@email.com,26,Mumbai,2022-05-29 19:01:14.449633
1273,Customer_1273,customer_1273@email.com,19,Kolkata,2022-05-30 08:08:57.958639
1274,Customer_1274,customer_1274@email.com,59,Delhi,2022-05-30 21:16:41.467645
1275,Customer_1275,customer_1275@email.com,67,Delhi,2022-05-31 10:24:24.976651
1276,Customer_1276,customer_1276@email.com,56,Delhi,2022-05-31 23:32:08.485657
1277,Customer_1277,customer_1277@email.com,63,Delhi,2022-06-01 12:39:51.994663
1278,Customer_1278,customer_1278@email.com,42,Pune,2022-06-02 01:47:35.503669
1279,Customer_1279,customer_1279@email.com,64,Delhi,2022-06-02 14:55:19.012675
1280,Customer_1280,customer_1280@email.com,27,Pune,2022-06-03 04:03:02.521681
1281,Customer_1281,customer_1281@email.com,54,Pune,2022-06-03 17:10:46.030687
1282,Customer_1282,customer_1282@email.com,42,Hyderabad,2022-06-04 06:18:29.539693
1283,Customer_1283,customer_1283@email.com,57,Kolkata,2022-06-04 19:26:13.048699
1284,Customer_1284,customer_1284@email.com,46,Hyderabad,2022-06-05 08:33:56.557705
1285,Customer_1285,customer_1285@email.com,54,Delhi,2022-06-05 21:41:40.066711
1286,Customer_1286,customer_1286@email.com,22,Pune,2022-06-06 10:49:23.575717
1287,Customer_1287,customer_1287@email.com,31,Mumbai,2022-06-06 23:57:07.084723
1288,Customer_1288,customer_1288@email.com,50,Chennai,2022-06-07 13:04:50.593729
1289,Customer_1289,customer_1289@email.com,44,Chennai,2022-06-08 02:12:34.102735
1290,Customer_1290,customer_1290@email.com,22,Hyderabad,2022-06-08 15:20:17.611741
1291,Customer_1291,customer_1291@email.com,68,Delhi,2022-06-09 04:28:01.120747
1292,Customer_1292,customer_1292@email.com,61,Bangalore,2022-06-09 17:35:44.629753
1293,Customer_1293,customer_1293@email.com,32,Chennai,2022-06-10 06:43:28.138759
1294,Customer_1294,customer_1294@email.com,20,Kolkata,2022-06-10 19:51:11.647765
1295,Customer_1295,customer_1295@email.com,18,Kolkata,2022-06-11 08:58:55.156771
1296,Customer_1296,customer_1296@email.com,41,Pune,2022-06-11 22:06:38.665777
1297,Customer_1297,customer_1297@email.com,29,Kolkata,2022-06-12 11:14:22.174783
1298,Customer_1298,customer_1298@email.com,62,Pune,2022-06-13 00:22:05.683789
1299,Customer_1299,customer_1299@email.com,31,Chennai,2022-06-13 13:29:49.192795
1300,Customer_1300,customer_1300@email.com,59,Mumbai,2022-06-14 02:37:32.701801
1301,Customer_1301,customer_1301@email.com,37,Chennai,2022-06-14 15:45:16.210807
1302,Customer_1302,customer_1302@email.com,31,Hyderabad,2022-06-15 04:52:59.719813
1303,Customer_1303,customer_1303@email.com,31,Kolkata,2022-06-15 18:00:43.228819
1304,Customer_1304,customer_1304@email.com,62,Delhi,2022-06-16 07:08:26.737825
1305,Customer_1305,customer_1305@email.com,52,Delhi,2022-06-16 20:16:10.246831
1306,Customer_1306,customer_1306@email.com,36,Pune,2022-06-17 09:23:53.755837
1307,Customer_1307,customer_1307@email.com,37,Chennai,2022-06-17 22:31:37.264843
1308,Customer_1308,customer_1308@email.com,59,Bangalore,2022-06-18 11:39:20.773849
1309,Customer_1309,customer_1309@email.com,61,Hyderabad,2022-06-19 00:47:04.282855
1310,Customer_1310,customer_1310@email.com,40,Pune,2022-06-19 13:54:47.791861
1311,Customer_1311,customer_1311@email.com,51,Chennai,2022-06-20 03:02:31.300867
1312,Customer_1312,customer_1312@email.com,18,Hyderabad,2022-06-20 16:10:14.809873
1313,Customer_1313,customer_1313@email.com,21,Bangalore,2022-06-21 05:17:58.318879
1314,Customer_1314,customer_1314@email.com,57,Pune,2022-06-21 18:25:41.827885
1315,Customer_1315,customer_1315@email.com,34,Kolkata,2022-06-22 07:33:25.336891
1316,Customer_1316,customer_1316@email.com,43,Hyderabad,2022-06-22 20:41:08.845897
1317,Customer_1317,customer_1317@email.com,31,Pune,2022-06-23 09:48:52.354903
1318,Customer_1318,customer_1318@email.com,63,Hyderabad,2022-06-23 22:56:35.863909
1319,Customer_1319,customer_1319@email.com,68,Hyderabad,2022-06-24 12:04:19.372915
1320,Customer_1320,customer_1320@email.com,49,Kolkata,2022-06-25 01:12:02.881921
1321,Customer_1321,customer_1321@email.com,53,Pune,2022-06-25 14:19:46.390927
1322,Customer_1322,customer_1322@email.com,37,Delhi,2022-06-26 03:27:29.899933
1323,Customer_1323,customer_1323@email.com,33,Kolkata,2022-06-26 16:35:13.408939
1324,Customer_1324,customer_1324@email.com,68,Bangalore,2022-06-27 05:42:56.917945
1325,Customer_1325,customer_1325@email.com,36,Pune,2022-06-27 18:50:40.426951
1326,Customer_1326,customer_1326@email.com,62,Delhi,2022-06-28 07:58:23.935957
1327,Customer_1327,customer_1327@email.com,56,Mumbai,2022-06-28 21:06:07.444963
1328,Customer_1328,customer_1328@email.com,41,Chennai,2022-06-29 10:13:50.953969
1329,Customer_1329,customer_1329@email.com,31,Pune,2022-06-29 23:21:34.462975
1330,Customer_1330,customer_1330@email.com,46,Delhi,2022-06-30 12:29:17.971981
1331,Customer_1331,customer_1331@email.com,59,Pune,2022-07-01 01:37:01.480987
1332,Customer_1332,customer_1332@email.com,31,Pune,2022-07-01 14:44:44.989993
1333,Customer_1333,customer_1333@email.com,69,Pune,2022-07-02 03:52:28.498999
1334,Customer_1334,customer_1334@email.com,28,Kolkata,2022-07-02 17:00:12.008005
1335,Customer_1335,customer_1335@email.com,28,Hyderabad,2022-07-03 06:07:55.517011
1336,Customer_1336,customer_1336@email.com,64,Mumbai,2022-07-03 19:15:39.026017
1337,Customer_1337,customer_1337@email.com,57,Bangalore,2022-07-04 08:23:22.535023
1338,Customer_1338,customer_1338@email.com,41,Bangalore,2022-07-04 21:31:06.044029
1339,Customer_1339,customer_1339@email.com,39,Pune,2022-07-05 10:38:49.553035
1340,Customer_1340,customer_1340@email.com,66,Delhi,2022-07-05 23:46:33.062041
1341,Customer_1341,customer_1341@email.com,38,Kolkata,2022-07-06 12:54:16.571047
1342,Customer_1342,customer_1342@email.com,23,Pune,2022-07-07 02:02:00.080053
1343,Customer_1343,customer_1343@email.com,31,Hyderabad,2022-07-07 15:09:43.589059
1344,Customer_1344,customer_1344@email.com,26,Hyderabad,2022-07-08 04:17:27.098065
1345,Customer_1345,customer_1345@email.com,52,Pune,2022-07-08 17:25:10.607071
1346,Customer_1346,customer_1346@email.com,61,Bangalore,2022-07-09 06:32:54.116077
1347,Customer_1347,customer_1347@email.com,53,Hyderabad,2022-07-09 19:40:37.625083
1348,Customer_1348,customer_1348@email.com,42,Chennai,2022-07-10 08:48:21.134089
1349,Customer_1349,customer_1349@email.com,32,Delhi,2022-07-10 21:56:04.643095
1350,Customer_1350,customer_1350@email.com,62,Delhi,2022-07-11 11:03:48.152101
1351,Customer_1351,customer_1351@email.com,45,Hyderabad,2022-07-12 00:11:31.661107
1352,Customer_1352,customer_1352@email.com,67,Bangalore,2022-07-12 13:19:15.170113
1353,Customer_1353,customer_1353@email.com,31,Kolkata,2022-07-13 02:26:58.679119
1354,Customer_1354,customer_1354@email.com,30,Pune,2022-07-13 15:34:42.188125
1355,Customer_1355,customer_1355@email.com,58,Chennai,2022-07-14 04:42:25.697131
1356,Customer_1356,customer_1356@email.com,48,Chennai,2022-07-14 17:50:09.206137
1357,Customer_1357,customer_1357@email.com,22,Pune,2022-07-15 06:57:52.715143
1358,Customer_1358,customer_1358@email.com,36,Kolkata,2022-07-15 20:05:36.224149
1359,Customer_1359,customer_1359@email.com,25,Chennai,2022-07-16 09:13:19.733155
1360,Customer_1360,customer_1360@email.com,30,Mumbai,2022-07-16 22:21:03.242161
1361,Customer_1361,customer_1361@email.com,58,Hyderabad,2022-07-17 11:28:46.751167
1362,Customer_1362,customer_1362@email.com,34,Chennai,2022-07-18 00:36:30.260173
1363,Customer_1363,customer_1363@email.com,49,Kolkata,2022-07-18 13:44:13.769179
1364,Customer_1364,customer_1364@email.com,22,Hyderabad,2022-07-19 02:51:57.278185
1365,Customer_1365,customer_1365@email.com,26,Bangalore,2022-07-19 15:59:40.787191
1366,Customer_1366,customer_1366@email.com,60,Bangalore,2022-07-20 05:07:24.296197
1367,Customer_1367,customer_1367@email.com,51,Pune,2022-07-20 18:15:07.805203
1368,Customer_1368,customer_1368@email.com,62,Bangalore,2022-07-21 07:22:51.314209
1369,Customer_1369,customer_1369@email.com,18,Mumbai,2022-07-21 20:30:34.823215
1370,Customer_1370,customer_1370@email.com,57,Bangalore,2022-07-22 09:38:18.332221
1371,Customer_1371,customer_1371@email.com,32,Hyderabad,2022-07-22 22:46:01.841227
1372,Customer_1372,customer_1372@email.com,49,Delhi,2022-07-23 11:53:45.350233
1373,Customer_1373,customer_1373@email.com,51,Delhi,2022-07-24 01:01:28.859239
1374,Customer_1374,customer_1374@email.com,52,Hyderabad,2022-07-24 14:09:12.368245
1375,Customer_1375,customer_1375@email.com,66,Delhi,2022-07-25 03:16:55.877251
1376,Customer_1376,customer_1376@email.com,67,Chennai,2022-07-25 16:24:39.386257
1377,Customer_1377,customer_1377@email.com,45,Delhi,2022-07-26 05:32:22.895263
1378,Customer_1378,customer_1378@email.com,34,Kolkata,2022-07-26 18:40:06.404269
1379,Customer_1379,customer_1379@email.com,63,Mumbai,2022-07-27 07:47:49.913275
1380,Customer_1380,customer_1380@email.com,28,Bangalore,2022-07-27 20:55:33.422281
1381,Customer_1381,customer_1381@email.com,40,Delhi,2022-07-28 10:03:16.931287
1382,Customer_1382,customer_1382@email.com,43,Delhi,2022-07-28 23:11:00.440293
1383,Customer_1383,customer_1383@email.com,63,Kolkata,2022-07-29 12:18:43.949299
1384,Customer_1384,customer_1384@email.com,22,Pune,2022-07-30 01:26:27.458305
1385,Customer_1385,customer_1385@email.com,43,Mumbai,2022-07-30 14:34:10.967311
1386,Customer_1386,customer_1386@email.com,23,Pune,2022-07-31 03:41:54.476317
1387,Customer_1387,customer_1387@email.com,68,Mumbai,2022-07-31 16:49:37.985323
1388,Customer_1388,customer_1388@email.com,60,Delhi,2022-08-01 05:57:21.494329
1389,Customer_1389,customer_1389@email.com,51,Chennai,2022-08-01 19:05:05.003335
1390,Customer_1390,customer_1390@email.com,59,Delhi,2022-08-02 08:12:48.512341
1391,Customer_1391,customer_1391@email.com,30,Chennai,2022-08-02 21:20:32.021347
1392,Customer_1392,customer_1392@email.com,42,Pune,2022-08-03 10:28:15.530353
1393,Customer_1393,customer_1393@email.com,19,Kolkata,2022-08-03 23:35:59.039359
1394,Customer_1394,customer_1394@email.com,31,Bangalore,2022-08-04 12:43:42.548365
1395,Customer_1395,customer_1395@email.com,34,Hyderabad,2022-08-05 01:51:26.057371
1396,Customer_1396,customer_1396@email.com,58,Bangalore,2022-08-05 14:59:09.566377
1397,Customer_1397,customer_1397@email.com,57,Delhi,2022-08-06 04:06:53.075383
1398,Customer_1398,customer_1398@email.com,57,Delhi,2022-08-06 17:14:36.584389
1399,Customer_1399,customer_1399@email.com,56,Chennai,2022-08-07 06:22:20.093395
1400,Customer_1400,customer_1400@email.com,42,Mumbai,2022-08-07 19:30:03.602401
1401,Customer_1401,customer_1401@email.com,44,Pune,2022-08-08 08:37:47.111407
1402,Customer_1402,customer_1402@email.com,65,Pune,2022-08-08 21:45:30.620413
1403,Customer_1403,customer_1403@email.com,68,Pune,2022-08-09 10:53:14.129419
1404,Customer_1404,customer_1404@email.com,41,Chennai,2022-08-10 00:00:57.638425
1405,Customer_1405,customer_1405@email.com,66,Mumbai,2022-08-10 13:08:41.147431
1406,Customer_1406,customer_1406@email.com,50,Mumbai,2022-08-11 02:16:24.656437
1407,Customer_1407,customer_1407@email.com,44,Kolkata,2022-08-11 15:24:08.165443
1408,Customer_1408,customer_1408@email.com,62,Mumbai,2022-08-12 04:31:51.674449
1409,Customer_1409,customer_1409@email.com,48,Mumbai,2022-08-12 17:39:35.183455
1410,Customer_1410,customer_1410@email.com,65,Delhi,2022-08-13 06:47:18.692461
1411,Customer_1411,customer_1411@email.com,55,Hyderabad,2022-08-13 19:55:02.201467
1412,Customer_1412,customer_1412@email.com,32,Pune,2022-08-14 09:02:45.710473
1413,Customer_1413,customer_1413@email.com,61,Hyderabad,2022-08-14 22:10:29.219479
1414,Customer_1414,customer_1414@email.com,57,Bangalore,2022-08-15 11:18:12.728485
1415,Customer_1415,customer_1415@email.com,18,Bangalore,2022-08-16 00:25:56.237491
1416,Customer_1416,customer_1416@email.com,28,Bangalore,2022-08-16 13:33:39.746497
1417,Customer_1417,customer_1417@email.com,32,Chennai,2022-08-17 02:41:23.255503
1418,Customer_1418,customer_1418@email.com,50,Bangalore,2022-08-17 15:49:06.764509
1419,Customer_1419,customer_1419@email.com,65,Pune,2022-08-18 04:56:50.273515
1420,Customer_1420,customer_1420@email.com,49,Kolkata,2022-08-18 18:04:33.782521
1421,Customer_1421,customer_1421@email.com,42,Bangalore,2022-08-19 07:12:17.291527
1422,Customer_1422,customer_1422@email.com,56,Bangalore,2022-08-19 20:20:00.800533
1423,Customer_1423,customer_1423@email.com,50,Kolkata,2022-08-20 09:27:44.309539
1424,Customer_1424,customer_1424@email.com,46,Delhi,2022-08-20 22:35:27.818545
1425,Customer_1425,customer_1425@email.com,51,Bangalore,2022-08-21 11:43:11.327551
1426,Customer_1426,customer_1426@email.com,25,Kolkata,2022-08-22 00:50:54.836557
1427,Customer_1427,customer_1427@email.com,28,Hyderabad,2022-08-22 13:58:38.345563
1428,Customer_1428,customer_1428@email.com,30,Delhi,2022-08-23 03:06:21.854569
1429,Customer_1429,customer_1429@email.com,22,Mumbai,2022-08-23 16:14:05.363575
1430,Customer_1430,customer_1430@email.com,67,Chennai,2022-08-24 05:21:48.872581
1431,Customer_1431,customer_1431@email.com,36,Delhi,2022-08-24 18:29:32.381587
1432,Customer_1432,customer_1432@email.com,38,Delhi,2022-08-25 07:37:15.890593
1433,Customer_1433,customer_1433@email.com,20,Hyderabad,2022-08-25 20:44:59.399599
1434,Customer_1434,customer_1434@email.com,43,Kolkata,2022-08-26 09:52:42.908605
1435,Customer_1435,customer_1435@email.com,50,Pune,2022-08-26 23:00:26.417611
1436,Customer_1436,customer_1436@email.com,47,Pune,2022-08-27 12:08:09.926617
1437,Customer_1437,customer_1437@email.com,39,Bangalore,2022-08-28 01:15:53.435623
1438,Customer_1438,customer_1438@email.com,22,Mumbai,2022-08-28 14:23:36.944629
1439,Customer_1439,customer_1439@email.com,36,Kolkata,2022-08-29 03:31:20.453635
1440,Customer_1440,customer_1440@email.com,26,Hyderabad,2022-08-29 16:39:03.962641
1441,Customer_1441,customer_1441@email.com,41,Kolkata,2022-08-30 05:46:47.471647
1442,Customer_1442,customer_1442@email.com,56,Kolkata,2022-08-30 18:54:30.980653
1443,Customer_1443,customer_1443@email.com,29,Hyderabad,2022-08-31 08:02:14.489659
1444,Customer_1444,customer_1444@email.com,63,Delhi,2022-08-31 21:09:57.998665
1445,Customer_1445,customer_1445@email.com,65,Mumbai,2022-09-01 10:17:41.507671
1446,Customer_1446,customer_1446@email.com,62,Kolkata,2022-09-01 23:25:25.016677
1447,Customer_1447,customer_1447@email.com,44,Hyderabad,2022-09-02 12:33:08.525683
1448,Customer_1448,customer_1448@email.com,67,Pune,2022-09-03 01:40:52.034689
1449,Customer_1449,customer_1449@email.com,59,Chennai,2022-09-03 14:48:35.543695
1450,Customer_1450,customer_1450@email.com,38,Kolkata,2022-09-04 03:56:19.052701
1451,Customer_1451,customer_1451@email.com,55,Chennai,2022-09-04 17:04:02.561707
1452,Customer_1452,customer_1452@email.com,52,Hyderabad,2022-09-05 06:11:46.070713
1453,Customer_1453,customer_1453@email.com,49,Delhi,2022-09-05 19:19:29.579719
1454,Customer_1454,customer_1454@email.com,53,Kolkata,2022-09-06 08:27:13.088725
1455,Customer_1455,customer_1455@email.com,50,Chennai,2022-09-06 21:34:56.597731
1456,Customer_1456,customer_1456@email.com,60,Delhi,2022-09-07 10:42:40.106737
1457,Customer_1457,customer_1457@email.com,34,Bangalore,2022-09-07 23:50:23.615743
1458,Customer_1458,customer_1458@email.com,22,Bangalore,2022-09-08 12:58:07.124749
1459,Customer_1459,customer_1459@email.com,61,Kolkata,2022-09-09 02:05:50.633755
1460,Customer_1460,customer_1460@email.com,37,Delhi,2022-09-09 15:13:34.142761
1461,Customer_1461,customer_1461@email.com,40,Hyderabad,2022-09-10 04:21:17.651767
1462,Customer_1462,customer_1462@email.com,56,Bangalore,2022-09-10 17:29:01.160773
1463,Customer_1463,customer_1463@email.com,21,Pune,2022-09-11 06:36:44.669779
1464,Customer_1464,customer_1464@email.com,43,Kolkata,2022-09-11 19:44:28.178785
1465,Customer_1465,customer_1465@email.com,47,Kolkata,2022-09-12 08:52:11.687791
1466,Customer_1466,customer_1466@email.com,65,Bangalore,2022-09-12 21:59:55.196797
1467,Customer_1467,customer_1467@email.com,64,Pune,2022-09-13 11:07:38.705803
1468,Customer_1468,customer_1468@email.com,63,Chennai,2022-09-14 00:15:22.214809
1469,Customer_1469,customer_1469@email.com,46,Hyderabad,2022-09-14 13:23:05.723815
1470,Customer_1470,customer_1470@email.com,51,Delhi,2022-09-15 02:30:49.232821
1471,Customer_1471,customer_1471@email.com,27,Bangalore,2022-09-15 15:38:32.741827
1472,Customer_1472,customer_1472@email.com,37,Kolkata,2022-09-16 04:46:16.250833
1473,Customer_1473,customer_1473@email.com,41,Hyderabad,2022-09-16 17:53:59.759839
1474,Customer_1474,customer_1474@email.com,51,Bangalore,2022-09-17 07:01:43.268845
1475,Customer_1475,customer_1475@email.com,54,Chennai,2022-09-17 20:09:26.777851
1476,Customer_1476,customer_1476@email.com,30,Hyderabad,2022-09-18 09:17:10.286857
1477,Customer_1477,customer_1477@email.com,40,Mumbai,2022-09-18 22:24:53.795863
1478,Customer_1478,customer_1478@email.com,27,Kolkata,2022-09-19 11:32:37.304869
1479,Customer_1479,customer_1479@email.com,39,Chennai,2022-09-20 00:40:20.813875
1480,Customer_1480,customer_1480@email.com,62,Delhi,2022-09-20 13:48:04.322881
1481,Customer_1481,customer_1481@email.com,31,Hyderabad,2022-09-21 02:55:47.831887
1482,Customer_1482,customer_1482@email.com,42,Pune,2022-09-21 16:03:31.340893
1483,Customer_1483,customer_1483@email.com,35,Bangalore,2022-09-22 05:11:14.849899
1484,Customer_1484,customer_1484@email.com,37,Pune,2022-09-22 18:18:58.358905
1485,Customer_1485,customer_1485@email.com,45,Hyderabad,2022-09-23 07:26:41.867911
1486,Customer_1486,customer_1486@email.com,25,Delhi,2022-09-23 20:34:25.376917
1487,Customer_1487,customer_1487@email.com,22,Pune,2022-09-24 09:42:08.885923
1488,Customer_1488,customer_1488@email.com,38,Pune,2022-09-24 22:49:52.394929
1489,Customer_1489,customer_1489@email.com,37,Pune,2022-09-25 11:57:35.903935
1490,Customer_1490,customer_1490@email.com,61,Kolkata,2022-09-26 01:05:19.412941
1491,Customer_1491,customer_1491@email.com,33,Hyderabad,2022-09-26 14:13:02.921947
1492,Customer_1492,customer_1492@email.com,37,Bangalore,2022-09-27 03:20:46.430953
1493,Customer_1493,customer_1493@email.com,68,Kolkata,2022-09-27 16:28:29.939959
1494,Customer_1494,customer_1494@email.com,42,Pune,2022-09-28 05:36:13.448965
1495,Customer_1495,customer_1495@email.com,24,Chennai,2022-09-28 18:43:56.957971
1496,Customer_1496,customer_1496@email.com,42,Chennai,2022-09-29 07:51:40.466977
1497,Customer_1497,customer_1497@email.com,53,Bangalore,2022-09-29 20:59:23.975983
1498,Customer_1498,customer_1498@email.com,68,Kolkata,2022-09-30 10:07:07.484989
1499,Customer_1499,customer_1499@email.com,27,Mumbai,2022-09-30 23:14:50.993996
1500,Customer_1500,customer_1500@email.com,57,Mumbai,2022-10-01 12:22:34.503002
1501,Customer_1501,customer_1501@email.com,33,Chennai,2022-10-02 01:30:18.012008
1502,Customer_1502,customer_1502@email.com,21,Pune,2022-10-02 14:38:01.521014
1503,Customer_1503,customer_1503@email.com,27,Delhi,2022-10-03 03:45:45.030020
1504,Customer_1504,customer_1504@email.com,68,Hyderabad,2022-10-03 16:53:28.539026
1505,Customer_1505,customer_1505@email.com,65,Kolkata,2022-10-04 06:01:12.048032
1506,Customer_1506,customer_1506@email.com,48,Bangalore,2022-10-04 19:08:55.557038
1507,Customer_1507,customer_1507@email.com,29,Delhi,2022-10-05 08:16:39.066044
1508,Customer_1508,customer_1508@email.com,37,Kolkata,2022-10-05 21:24:22.575050
1509,Customer_1509,customer_1509@email.com,49,Pune,2022-10-06 10:32:06.084056
1510,Customer_1510,customer_1510@email.com,19,Hyderabad,2022-10-06 23:39:49.593062
1511,Customer_1511,customer_1511@email.com,28,Kolkata,2022-10-07 12:47:33.102068
1512,Customer_1512,customer_1512@email.com,37,Chennai,2022-10-08 01:55:16.611074
1513,Customer_1513,customer_1513@email.com,40,Kolkata,2022-10-08 15:03:00.120080
1514,Customer_1514,customer_1514@email.com,30,Bangalore,2022-10-09 04:10:43.629086
1515,Customer_1515,customer_1515@email.com,52,Delhi,2022-10-09 17:18:27.138092
1516,Customer_1516,customer_1516@email.com,34,Hyderabad,2022-10-10 06:26:10.647098
1517,Customer_1517,customer_1517@email.com,27,Chennai,2022-10-10 19:33:54.156104
1518,Customer_1518,customer_1518@email.com,57,Chennai,2022-10-11 08:41:37.665110
1519,Customer_1519,customer_1519@email.com,55,Hyderabad,2022-10-11 21:49:21.174116
1520,Customer_1520,customer_1520@email.com,31,Mumbai,2022-10-12 10:57:04.683122
1521,Customer_1521,customer_1521@email.com,36,Kolkata,2022-10-13 00:04:48.192128
1522,Customer_1522,customer_1522@email.com,49,Kolkata,2022-10-13 13:12:31.701134
1523,Customer_1523,customer_1523@email.com,50,Mumbai,2022-10-14 02:20:15.210140
1524,Customer_1524,customer_1524@email.com,60,Hyderabad,2022-10-14 15:27:58.719146
1525,Customer_1525,customer_1525@email.com,42,Hyderabad,2022-10-15 04:35:42.228152
1526,Customer_1526,customer_1526@email.com,42,Hyderabad,2022-10-15 17:43:25.737158
1527,Customer_1527,customer_1527@email.com,31,Chennai,2022-10-16 06:51:09.246164
1528,Customer_1528,customer_1528@email.com,62,Pune,2022-10-16 19:58:52.755170
1529,Customer_1529,customer_1529@email.com,61,Kolkata,2022-10-17 09:06:36.264176
1530,Customer_1530,customer_1530@email.com,55,Pune,2022-10-17 22:14:19.773182
1531,Customer_1531,customer_1531@email.com,53,Kolkata,2022-10-18 11:22:03.282188
1532,Customer_1532,customer_1532@email.com,41,Bangalore,2022-10-19 00:29:46.791194
1533,Customer_1533,customer_1533@email.com,58,Chennai,2022-10-19 13:37:30.300200
1534,Customer_1534,customer_1534@email.com,56,Kolkata,2022-10-20 02:45:13.809206
1535,Customer_1535,customer_1535@email.com,56,Chennai,2022-10-20 15:52:57.318212
1536,Customer_1536,customer_1536@email.com,30,Mumbai,2022-10-21 05:00:40.827218
1537,Customer_1537,customer_1537@email.com,19,Hyderabad,2022-10-21 18:08:24.336224
1538,Customer_1538,customer_1538@email.com,51,Chennai,2022-10-22 07:16:07.845230
1539,Customer_1539,customer_1539@email.com,32,Chennai,2022-10-22 20:23:51.354236
1540,Customer_1540,customer_1540@email.com,65,Hyderabad,2022-10-23 09:31:34.863242
1541,Customer_1541,customer_1541@email.com,19,Pune,2022-10-23 22:39:18.372248
1542,Customer_1542,customer_1542@email.com,69,Bangalore,2022-10-24 11:47:01.881254
1543,Customer_1543,customer_1543@email.com,42,Mumbai,2022-10-25 00:54:45.390260
1544,Customer_1544,customer_1544@email.com,22,Delhi,2022-10-25 14:02:28.899266
1545,Customer_1545,customer_1545@email.com,51,Pune,2022-10-26 03:10:12.408272
1546,Customer_1546,customer_1546@email.com,69,Chennai,2022-10-26 16:17:55.917278
1547,Customer_1547,customer_1547@email.com,56,Bangalore,2022-10-27 05:25:39.426284
1548,Customer_1548,customer_1548@email.com,22,Delhi,2022-10-27 18:33:22.935290
1549,Customer_1549,customer_1549@email.com,60,Kolkata,2022-10-28 07:41:06.444296
1550,Customer_1550,customer_1550@email.com,25,Pune,2022-10-28 20:48:49.953302
1551,Customer_1551,customer_1551@email.com,66,Kolkata,2022-10-29 09:56:33.462308
1552,Customer_1552,customer_1552@email.com,31,Pune,2022-10-29 23:04:16.971314
1553,Customer_1553,customer_1553@email.com,46,Hyderabad,2022-10-30 12:12:00.480320
1554,Customer_1554,customer_1554@email.com,47,Delhi,2022-10-31 01:19:43.989326
1555,Customer_1555,customer_1555@email.com,54,Hyderabad,2022-10-31 14:27:27.498332
1556,Customer_1556,customer_1556@email.com,21,Kolkata,2022-11-01 03:35:11.007338
1557,Customer_1557,customer_1557@email.com,52,Pune,2022-11-01 16:42:54.516344
1558,Customer_1558,customer_1558@email.com,24,Pune,2022-11-02 05:50:38.025350
1559,Customer_1559,customer_1559@email.com,43,Pune,2022-11-02 18:58:21.534356
1560,Customer_1560,customer_1560@email.com,49,Bangalore,2022-11-03 08:06:05.043362
1561,Customer_1561,customer_1561@email.com,60,Pune,2022-11-03 21:13:48.552368
1562,Customer_1562,customer_1562@email.com,50,Delhi,2022-11-04 10:21:32.061374
1563,Customer_1563,customer_1563@email.com,41,Mumbai,2022-11-04 23:29:15.570380
1564,Customer_1564,customer_1564@email.com,67,Bangalore,2022-11-05 12:36:59.079386
1565,Customer_1565,customer_1565@email.com,18,Delhi,2022-11-06 01:44:42.588392
1566,Customer_1566,customer_1566@email.com,46,Chennai,2022-11-06 14:52:26.097398
1567,Customer_1567,customer_1567@email.com,65,Delhi,2022-11-07 04:00:09.606404
1568,Customer_1568,customer_1568@email.com,62,Kolkata,2022-11-07 17:07:53.115410
1569,Customer_1569,customer_1569@email.com,55,Delhi,2022-11-08 06:15:36.624416
1570,Customer_1570,customer_1570@email.com,55,Mumbai,2022-11-08 19:23:20.133422
1571,Customer_1571,customer_1571@email.com,38,Bangalore,2022-11-09 08:31:03.642428
1572,Customer_1572,customer_1572@email.com,40,Chennai,2022-11-09 21:38:47.151434
1573,Customer_1573,customer_1573@email.com,63,Pune,2022-11-10 10:46:30.660440
1574,Customer_1574,customer_1574@email.com,22,Bangalore,2022-11-10 23:54:14.169446
1575,Customer_1575,customer_1575@email.com,47,Bangalore,2022-11-11 13:01:57.678452
1576,Customer_1576,customer_1576@email.com,57,Chennai,2022-11-12 02:09:41.187458
1577,Customer_1577,customer_1577@email.com,35,Kolkata,2022-11-12 15:17:24.696464
1578,Customer_1578,customer_1578@email.com,23,Chennai,2022-11-13 04:25:08.205470
1579,Customer_1579,customer_1579@email.com,22,Mumbai,2022-11-13 17:32:51.714476
1580,Customer_1580,customer_1580@email.com,59,Kolkata,2022-11-14 06:40:35.223482
1581,Customer_1581,customer_1581@email.com,35,Hyderabad,2022-11-14 19:48:18.732488
1582,Customer_1582,customer_1582@email.com,30,Mumbai,2022-11-15 08:56:02.241494
1583,Customer_1583,customer_1583@email.com,37,Kolkata,2022-11-15 22:03:45.750500
1584,Customer_1584,customer_1584@email.com,55,Kolkata,2022-11-16 11:11:29.259506
1585,Customer_1585,customer_1585@email.com,38,Pune,2022-11-17 00:19:12.768512
1586,Customer_1586,customer_1586@email.com,21,Chennai,2022-11-17 13:26:56.277518
1587,Customer_1587,customer_1587@email.com,30,Delhi,2022-11-18 02:34:39.786524
1588,Customer_1588,customer_1588@email.com,35,Delhi,2022-11-18 15:42:23.295530
1589,Customer_1589,customer_1589@email.com,30,Bangalore,2022-11-19 04:50:06.804536
1590,Customer_1590,customer_1590@email.com,30,Bangalore,2022-11-19 17:57:50.313542
1591,Customer_1591,customer_1591@email.com,56,Hyderabad,2022-11-20 07:05:33.822548
1592,Customer_1592,customer_1592@email.com,54,Kolkata,2022-11-20 20:13:17.331554
1593,Customer_1593,customer_1593@email.com,52,Hyderabad,2022-11-21 09:21:00.840560
1594,Customer_1594,customer_1594@email.com,55,Hyderabad,2022-11-21 22:28:44.349566
1595,Customer_1595,customer_1595@email.com,57,Hyderabad,2022-11-22 11:36:27.858572
1596,Customer_1596,customer_1596@email.com,44,Delhi,2022-11-23 00:44:11.367578
1597,Customer_1597,customer_1597@email.com,43,Kolkata,2022-11-23 13:51:54.876584
1598,Customer_1598,customer_1598@email.com,29,Chennai,2022-11-24 02:59:38.385590
1599,Customer_1599,customer_1599@email.com,19,Pune,2022-11-24 16:07:21.894596
1600,Customer_1600,customer_1600@email.com,60,Pune,2022-11-25 05:15:05.403602
1601,Customer_1601,customer_1601@email.com,37,Hyderabad,2022-11-25 18:22:48.912608
1602,Customer_1602,customer_1602@email.com,52,Kolkata,2022-11-26 07:30:32.421614
1603,Customer_1603,customer_1603@email.com,27,Mumbai,2022-11-26 20:38:15.930620
1604,Customer_1604,customer_1604@email.com,25,Pune,2022-11-27 09:45:59.439626
1605,Customer_1605,customer_1605@email.com,57,Hyderabad,2022-11-27 22:53:42.948632
1606,Customer_1606,customer_1606@email.com,63,Delhi,2022-11-28 12:01:26.457638
1607,Customer_1607,customer_1607@email.com,53,Bangalore,2022-11-29 01:09:09.966644
1608,Customer_1608,customer_1608@email.com,48,Mumbai,2022-11-29 14:16:53.475650
1609,Customer_1609,customer_1609@email.com,32,Hyderabad,2022-11-30 03:24:36.984656
1610,Customer_1610,customer_1610@email.com,59,Delhi,2022-11-30 16:32:20.493662
1611,Customer_1611,customer_1611@email.com,35,Bangalore,2022-12-01 05:40:04.002668
1612,Customer_1612,customer_1612@email.com,32,Hyderabad,2022-12-01 18:47:47.511674
1613,Customer_1613,customer_1613@email.com,36,Delhi,2022-12-02 07:55:31.020680
1614,Customer_1614,customer_1614@email.com,41,Delhi,2022-12-02 21:03:14.529686
1615,Customer_1615,customer_1615@email.com,52,Chennai,2022-12-03 10:10:58.038692
1616,Customer_1616,customer_1616@email.com,19,Delhi,2022-12-03 23:18:41.547698
1617,Customer_1617,customer_1617@email.com,30,Hyderabad,2022-12-04 12:26:25.056704
1618,Customer_1618,customer_1618@email.com,62,Kolkata,2022-12-05 01:34:08.565710
1619,Customer_1619,customer_1619@email.com,26,Delhi,2022-12-05 14:41:52.074716
1620,Customer_1620,customer_1620@email.com,52,Mumbai,2022-12-06 03:49:35.583722
1621,Customer_1621,customer_1621@email.com,19,Delhi,2022-12-06 16:57:19.092728
1622,Customer_1622,customer_1622@email.com,63,Delhi,2022-12-07 06:05:02.601734
1623,Customer_1623,customer_1623@email.com,33,Pune,2022-12-07 19:12:46.110740
1624,Customer_1624,customer_1624@email.com,63,Mumbai,2022-12-08 08:20:29.619746
1625,Customer_1625,customer_1625@email.com,53,Hyderabad,2022-12-08 21:28:13.128752
1626,Customer_1626,customer_1626@email.com,19,Bangalore,2022-12-09 10:35:56.637758
1627,Customer_1627,customer_1627@email.com,33,Chennai,2022-12-09 23:43:40.146764
1628,Customer_1628,customer_1628@email.com,25,Pune,2022-12-10 12:51:23.655770
1629,Customer_1629,customer_1629@email.com,18,Bangalore,2022-12-11 01:59:07.164776
1630,Customer_1630,customer_1630@email.com,35,Hyderabad,2022-12-11 15:06:50.673782
1631,Customer_1631,customer_1631@email.com,58,Hyderabad,2022-12-12 04:14:34.182788
1632,Customer_1632,customer_1632@email.com,43,Pune,2022-12-12 17:22:17.691794
1633,Customer_1633,customer_1633@email.com,61,Mumbai,2022-12-13 06:30:01.200800
1634,Customer_1634,customer_1634@email.com,22,Bangalore,2022-12-13 19:37:44.709806
1635,Customer_1635,customer_1635@email.com,38,Delhi,2022-12-14 08:45:28.218812
1636,Customer_1636,customer_1636@email.com,52,Mumbai,2022-12-14 21:53:11.727818
1637,Customer_1637,customer_1637@email.com,57,Mumbai,2022-12-15 11:00:55.236824
1638,Customer_1638,customer_1638@email.com,45,Chennai,2022-12-16 00:08:38.745830
1639,Customer_1639,customer_1639@email.com,43,Mumbai,2022-12-16 13:16:22.254836
1640,Customer_1640,customer_1640@email.com,49,Bangalore,2022-12-17 02:24:05.763842
1641,Customer_1641,customer_1641@email.com,65,Hyderabad,2022-12-17 15:31:49.272848
1642,Customer_1642,customer_1642@email.com,67,Pune,2022-12-18 04:39:32.781854
1643,Customer_1643,customer_1643@email.com,61,Chennai,2022-12-18 17:47:16.290860
1644,Customer_1644,customer_1644@email.com,61,Pune,2022-12-19 06:54:59.799866
1645,Customer_1645,customer_1645@email.com,38,Pune,2022-12-19 20:02:43.308872
1646,Customer_1646,customer_1646@email.com,21,Delhi,2022-12-20 09:10:26.817878
1647,Customer_1647,customer_1647@email.com,59,Kolkata,2022-12-20 22:18:10.326884
1648,Customer_1648,customer_1648@email.com,58,Bangalore,2022-12-21 11:25:53.835890
1649,Customer_1649,customer_1649@email.com,53,Delhi,2022-12-22 00:33:37.344896
1650,Customer_1650,customer_1650@email.com,41,Kolkata,2022-12-22 13:41:20.853902
1651,Customer_1651,customer_1651@email.com,50,Kolkata,2022-12-23 02:49:04.362908
1652,Customer_1652,customer_1652@email.com,22,Mumbai,2022-12-23 15:56:47.871914
1653,Customer_1653,customer_1653@email.com,20,Bangalore,2022-12-24 05:04:31.380920
1654,Customer_1654,customer_1654@email.com,28,Pune,2022-12-24 18:12:14.889926
1655,Customer_1655,customer_1655@email.com,62,Kolkata,2022-12-25 07:19:58.398932
1656,Customer_1656,customer_1656@email.com,49,Chennai,2022-12-25 20:27:41.907938
1657,Customer_1657,customer_1657@email.com,39,Pune,2022-12-26 09:35:25.416944
1658,Customer_1658,customer_1658@email.com,28,Chennai,2022-12-26 22:43:08.925950
1659,Customer_1659,customer_1659@email.com,55,Delhi,2022-12-27 11:50:52.434956
1660,Customer_1660,customer_1660@email.com,39,Hyderabad,2022-12-28 00:58:35.943962
1661,Customer_1661,customer_1661@email.com,21,Kolkata,2022-12-28 14:06:19.452968
1662,Customer_1662,customer_1662@email.com,56,Pune,2022-12-29 03:14:02.961974
1663,Customer_1663,customer_1663@email.com,20,Chennai,2022-12-29 16:21:46.470980
1664,Customer_1664,customer_1664@email.com,27,Delhi,2022-12-30 05:29:29.979986
1665,Customer_1665,customer_1665@email.com,54,Hyderabad,2022-12-30 18:37:13.488992
1666,Customer_1666,customer_1666@email.com,36,Bangalore,2022-12-31 07:44:56.997998
1667,Customer_1667,customer_1667@email.com,35,Chennai,2022-12-31 20:52:40.507004
1668,Customer_1668,customer_1668@email.com,45,Chennai,2023-01-01 10:00:24.016010
1669,Customer_1669,customer_1669@email.com,48,Pune,2023-01-01 23:08:07.525016
1670,Customer_1670,customer_1670@email.com,34,Pune,2023-01-02 12:15:51.034022
1671,Customer_1671,customer_1671@email.com,41,Delhi,2023-01-03 01:23:34.543028
1672,Customer_1672,customer_1672@email.com,18,Chennai,2023-01-03 14:31:18.052034
1673,Customer_1673,customer_1673@email.com,22,Kolkata,2023-01-04 03:39:01.561040
1674,Customer_1674,customer_1674@email.com,49,Delhi,2023-01-04 16:46:45.070046
1675,Customer_1675,customer_1675@email.com,34,Chennai,2023-01-05 05:54:28.579052
1676,Customer_1676,customer_1676@email.com,38,Delhi,2023-01-05 19:02:12.088058
1677,Customer_1677,customer_1677@email.com,58,Kolkata,2023-01-06 08:09:55.597064
1678,Customer_1678,customer_1678@email.com,60,Kolkata,2023-01-06 21:17:39.106070
1679,Customer_1679,customer_1679@email.com,39,Chennai,2023-01-07 10:25:22.615076
1680,Customer_1680,customer_1680@email.com,56,Bangalore,2023-01-07 23:33:06.124082
1681,Customer_1681,customer_1681@email.com,56,Pune,2023-01-08 12:40:49.633088
1682,Customer_1682,customer_1682@email.com,51,Bangalore,2023-01-09 01:48:33.142094
1683,Customer_1683,customer_1683@email.com,31,Kolkata,2023-01-09 14:56:16.651100
1684,Customer_1684,customer_1684@email.com,33,Delhi,2023-01-10 04:04:00.160106
1685,Customer_1685,customer_1685@email.com,22,Kolkata,2023-01-10 17:11:43.669112
1686,Customer_1686,customer_1686@email.com,35,Bangalore,2023-01-11 06:19:27.178118
1687,Customer_1687,customer_1687@email.com,21,Delhi,2023-01-11 19:27:10.687124
1688,Customer_1688,customer_1688@email.com,61,Pune,2023-01-12 08:34:54.196130
1689,Customer_1689,customer_1689@email.com,68,Kolkata,2023-01-12 21:42:37.705136
1690,Customer_1690,customer_1690@email.com,45,Delhi,2023-01-13 10:50:21.214142
1691,Customer_1691,customer_1691@email.com,62,Pune,2023-01-13 23:58:04.723148
1692,Customer_1692,customer_1692@email.com,44,Mumbai,2023-01-14 13:05:48.232154
1693,Customer_1693,customer_1693@email.com,23,Bangalore,2023-01-15 02:13:31.741160
1694,Customer_1694,customer_1694@email.com,28,Mumbai,2023-01-15 15:21:15.250166
1695,Customer_1695,customer_1695@email.com,64,Kolkata,2023-01-16 04:28:58.759172
1696,Customer_1696,customer_1696@email.com,38,Pune,2023-01-16 17:36:42.268178
1697,Customer_1697,customer_1697@email.com,34,Pune,2023-01-17 06:44:25.777184
1698,Customer_1698,customer_1698@email.com,48,Mumbai,2023-01-17 19:52:09.286190
1699,Customer_1699,customer_1699@email.com,51,Kolkata,2023-01-18 08:59:52.795196
1700,Customer_1700,customer_1700@email.com,30,Pune,2023-01-18 22:07:36.304202
1701,Customer_1701,customer_1701@email.com,40,Chennai,2023-01-19 11:15:19.813208
1702,Customer_1702,customer_1702@email.com,18,Delhi,2023-01-20 00:23:03.322214
1703,Customer_1703,customer_1703@email.com,21,Hyderabad,2023-01-20 13:30:46.831220
1704,Customer_1704,customer_1704@email.com,47,Mumbai,2023-01-21 02:38:30.340226
1705,Customer_1705,customer_1705@email.com,48,Chennai,2023-01-21 15:46:13.849232
1706,Customer_1706,customer_1706@email.com,64,Bangalore,2023-01-22 04:53:57.358238
1707,Customer_1707,customer_1707@email.com,33,Hyderabad,2023-01-22 18:01:40.867244
1708,Customer_1708,customer_1708@email.com,60,Pune,2023-01-23 07:09:24.376250
1709,Customer_1709,customer_1709@email.com,20,Delhi,2023-01-23 20:17:07.885256
1710,Customer_1710,customer_1710@email.com,29,Chennai,2023-01-24 09:24:51.394262
1711,Customer_1711,customer_1711@email.com,29,Hyderabad,2023-01-24 22:32:34.903268
1712,Customer_1712,customer_1712@email.com,28,Delhi,2023-01-25 11:40:18.412274
1713,Customer_1713,customer_1713@email.com,33,Delhi,2023-01-26 00:48:01.921280
1714,Customer_1714,customer_1714@email.com,46,Hyderabad,2023-01-26 13:55:45.430286
1715,Customer_1715,customer_1715@email.com,38,Chennai,2023-01-27 03:03:28.939292
1716,Customer_1716,customer_1716@email.com,62,Pune,2023-01-27 16:11:12.448298
1717,Customer_1717,customer_1717@email.com,61,Hyderabad,2023-01-28 05:18:55.957304
1718,Customer_1718,customer_1718@email.com,59,Mumbai,2023-01-28 18:26:39.466310
1719,Customer_1719,customer_1719@email.com,60,Delhi,2023-01-29 07:34:22.975316
1720,Customer_1720,customer_1720@email.com,67,Bangalore,2023-01-29 20:42:06.484322
1721,Customer_1721,customer_1721@email.com,22,Pune,2023-01-30 09:49:49.993328
1722,Customer_1722,customer_1722@email.com,69,Kolkata,2023-01-30 22:57:33.502334
1723,Customer_1723,customer_1723@email.com,30,Kolkata,2023-01-31 12:05:17.011340
1724,Customer_1724,customer_1724@email.com,34,Hyderabad,2023-02-01 01:13:00.520346
1725,Customer_1725,customer_1725@email.com,29,Hyderabad,2023-02-01 14:20:44.029352
1726,Customer_1726,customer_1726@email.com,34,Delhi,2023-02-02 03:28:27.538358
1727,Customer_1727,customer_1727@email.com,18,Delhi,2023-02-02 16:36:11.047364
1728,Customer_1728,customer_1728@email.com,25,Hyderabad,2023-02-03 05:43:54.556370
1729,Customer_1729,customer_1729@email.com,33,Kolkata,2023-02-03 18:51:38.065376
1730,Customer_1730,customer_1730@email.com,32,Bangalore,2023-02-04 07:59:21.574382
1731,Customer_1731,customer_1731@email.com,36,Delhi,2023-02-04 21:07:05.083388
1732,Customer_1732,customer_1732@email.com,42,Delhi,2023-02-05 10:14:48.592394
1733,Customer_1733,customer_1733@email.com,48,Mumbai,2023-02-05 23:22:32.101400
1734,Customer_1734,customer_1734@email.com,59,Chennai,2023-02-06 12:30:15.610406
1735,Customer_1735,customer_1735@email.com,19,Mumbai,2023-02-07 01:37:59.119412
1736,Customer_1736,customer_1736@email.com,42,Bangalore,2023-02-07 14:45:42.628418
1737,Customer_1737,customer_1737@email.com,48,Kolkata,2023-02-08 03:53:26.137424
1738,Customer_1738,customer_1738@email.com,21,Chennai,2023-02-08 17:01:09.646430
1739,Customer_1739,customer_1739@email.com,21,Kolkata,2023-02-09 06:08:53.155436
1740,Customer_1740,customer_1740@email.com,69,Hyderabad,2023-02-09 19:16:36.664442
1741,Customer_1741,customer_1741@email.com,29,Kolkata,2023-02-10 08:24:20.173448
1742,Customer_1742,customer_1742@email.com,34,Bangalore,2023-02-10 21:32:03.682454
1743,Customer_1743,customer_1743@email.com,38,Bangalore,2023-02-11 10:39:47.191460
1744,Customer_1744,customer_1744@email.com,46,Mumbai,2023-02-11 23:47:30.700466
1745,Customer_1745,customer_1745@email.com,39,Chennai,2023-02-12 12:55:14.209472
1746,Customer_1746,customer_1746@email.com,53,Bangalore,2023-02-13 02:02:57.718478
1747,Customer_1747,customer_1747@email.com,57,Chennai,2023-02-13 15:10:41.227484
1748,Customer_1748,customer_1748@email.com,33,Kolkata,2023-02-14 04:18:24.736490
1749,Customer_1749,customer_1749@email.com,32,Pune,2023-02-14 17:26:08.245497
1750,Customer_1750,customer_1750@email.com,47,Kolkata,2023-02-15 06:33:51.754503
1751,Customer_1751,customer_1751@email.com,63,Hyderabad,2023-02-15 19:41:35.263509
1752,Customer_1752,customer_1752@email.com,68,Chennai,2023-02-16 08:49:18.772515
1753,Customer_1753,customer_1753@email.com,28,Mumbai,2023-02-16 21:57:02.281521
1754,Customer_1754,customer_1754@email.com,30,Kolkata,2023-02-17 11:04:45.790527
1755,Customer_1755,customer_1755@email.com,40,Mumbai,2023-02-18 00:12:29.299533
1756,Customer_1756,customer_1756@email.com,57,Bangalore,2023-02-18 13:20:12.808539
1757,Customer_1757,customer_1757@email.com,58,Chennai,2023-02-19 02:27:56.317545
1758,Customer_1758,customer_1758@email.com,51,Kolkata,2023-02-19 15:35:39.826551
1759,Customer_1759,customer_1759@email.com,37,Mumbai,2023-02-20 04:43:23.335557
1760,Customer_1760,customer_1760@email.com,19,Delhi,2023-02-20 17:51:06.844563
1761,Customer_1761,customer_1761@email.com,25,Mumbai,2023-02-21 06:58:50.353569
1762,Customer_1762,customer_1762@email.com,35,Hyderabad,2023-02-21 20:06:33.862575
1763,Customer_1763,customer_1763@email.com,24,Delhi,2023-02-22 09:14:17.371581
1764,Customer_1764,customer_1764@email.com,60,Chennai,2023-02-22 22:22:00.880587
1765,Customer_1765,customer_1765@email.com,48,Pune,2023-02-23 11:29:44.389593
1766,Customer_1766,customer_1766@email.com,39,Bangalore,2023-02-24 00:37:27.898599
1767,Customer_1767,customer_1767@email.com,45,Delhi,2023-02-24 13:45:11.407605
1768,Customer_1768,customer_1768@email.com,42,Mumbai,2023-02-25 02:52:54.916611
1769,Customer_1769,customer_1769@email.com,69,Kolkata,2023-02-25 16:00:38.425617
1770,Customer_1770,customer_1770@email.com,18,Kolkata,2023-02-26 05:08:21.934623
1771,Customer_1771,customer_1771@email.com,49,Bangalore,2023-02-26 18:16:05.443629
1772,Customer_1772,customer_1772@email.com,42,Pune,2023-02-27 07:23:48.952635
1773,Customer_1773,customer_1773@email.com,65,Pune,2023-02-27 20:31:32.461641
1774,Customer_1774,customer_1774@email.com,33,Bangalore,2023-02-28 09:39:15.970647
1775,Customer_1775,customer_1775@email.com,46,Bangalore,2023-02-28 22:46:59.479653
1776,Customer_1776,customer_1776@email.com,59,Bangalore,2023-03-01 11:54:42.988659
1777,Customer_1777,customer_1777@email.com,41,Chennai,2023-03-02 01:02:26.497665
1778,Customer_1778,customer_1778@email.com,34,Chennai,2023-03-02 14:10:10.006671
1779,Customer_1779,customer_1779@email.com,59,Chennai,2023-03-03 03:17:53.515677
1780,Customer_1780,customer_1780@email.com,23,Kolkata,2023-03-03 16:25:37.024683
1781,Customer_1781,customer_1781@email.com,31,Mumbai,2023-03-04 05:33:20.533689
1782,Customer_1782,customer_1782@email.com,43,Chennai,2023-03-04 18:41:04.042695
1783,Customer_1783,customer_1783@email.com,45,Bangalore,2023-03-05 07:48:47.551701
1784,Customer_1784,customer_1784@email.com,64,Delhi,2023-03-05 20:56:31.060707
1785,Customer_1785,customer_1785@email.com,53,Delhi,2023-03-06 10:04:14.569713
1786,Customer_1786,customer_1786@email.com,48,Pune,2023-03-06 23:11:58.078719
1787,Customer_1787,customer_1787@email.com,44,Delhi,2023-03-07 12:19:41.587725
1788,Customer_1788,customer_1788@email.com,19,Delhi,2023-03-08 01:27:25.096731
1789,Customer_1789,customer_1789@email.com,36,Delhi,2023-03-08 14:35:08.605737
1790,Customer_1790,customer_1790@email.com,45,Pune,2023-03-09 03:42:52.114743
1791,Customer_1791,customer_1791@email.com,62,Hyderabad,2023-03-09 16:50:35.623749
1792,Customer_1792,customer_1792@email.com,61,Kolkata,2023-03-10 05:58:19.132755
1793,Customer_1793,customer_1793@email.com,38,Delhi,2023-03-10 19:06:02.641761
1794,Customer_1794,customer_1794@email.com,62,Delhi,2023-03-11 08:13:46.150767
1795,Customer_1795,customer_1795@email.com,32,Delhi,2023-03-11 21:21:29.659773
1796,Customer_1796,customer_1796@email.com,51,Kolkata,2023-03-12 10:29:13.168779
1797,Customer_1797,customer_1797@email.com,57,Pune,2023-03-12 23:36:56.677785
1798,Customer_1798,customer_1798@email.com,20,Mumbai,2023-03-13 12:44:40.186791
1799,Customer_1799,customer_1799@email.com,18,Hyderabad,2023-03-14 01:52:23.695797
1800,Customer_1800,customer_1800@email.com,41,Kolkata,2023-03-14 15:00:07.204803
1801,Customer_1801,customer_1801@email.com,60,Delhi,2023-03-15 04:07:50.713809
1802,Customer_1802,customer_1802@email.com,44,Pune,2023-03-15 17:15:34.222815
1803,Customer_1803,customer_1803@email.com,26,Pune,2023-03-16 06:23:17.731821
1804,Customer_1804,customer_1804@email.com,41,Chennai,2023-03-16 19:31:01.240827
1805,Customer_1805,customer_1805@email.com,34,Kolkata,2023-03-17 08:38:44.749833
1806,Customer_1806,customer_1806@email.com,45,Kolkata,2023-03-17 21:46:28.258839
1807,Customer_1807,customer_1807@email.com,56,Mumbai,2023-03-18 10:54:11.767845
1808,Customer_1808,customer_1808@email.com,21,Pune,2023-03-19 00:01:55.276851
1809,Customer_1809,customer_1809@email.com,46,Pune,2023-03-19 13:09:38.785857
1810,Customer_1810,customer_1810@email.com,62,Hyderabad,2023-03-20 02:17:22.294863
1811,Customer_1811,customer_1811@email.com,45,Chennai,2023-03-20 15:25:05.803869
1812,Customer_1812,customer_1812@email.com,54,Chennai,2023-03-21 04:32:49.312875
1813,Customer_1813,customer_1813@email.com,46,Mumbai,2023-03-21 17:40:32.821881
1814,Customer_1814,customer_1814@email.com,61,Pune,2023-03-22 06:48:16.330887
1815,Customer_1815,customer_1815@email.com,69,Chennai,2023-03-22 19:55:59.839893
1816,Customer_1816,customer_1816@email.com,46,Bangalore,2023-03-23 09:03:43.348899
1817,Customer_1817,customer_1817@email.com,22,Mumbai,2023-03-23 22:11:26.857905
1818,Customer_1818,customer_1818@email.com,28,Mumbai,2023-03-24 11:19:10.366911
1819,Customer_1819,customer_1819@email.com,19,Bangalore,2023-03-25 00:26:53.875917
1820,Customer_1820,customer_1820@email.com,21,Mumbai,2023-03-25 13:34:37.384923
1821,Customer_1821,customer_1821@email.com,27,Chennai,2023-03-26 02:42:20.893929
1822,Customer_1822,customer_1822@email.com,56,Chennai,2023-03-26 15:50:04.402935
1823,Customer_1823,customer_1823@email.com,61,Kolkata,2023-03-27 04:57:47.911941
1824,Customer_1824,customer_1824@email.com,25,Chennai,2023-03-27 18:05:31.420947
1825,Customer_1825,customer_1825@email.com,40,Bangalore,2023-03-28 07:13:14.929953
1826,Customer_1826,customer_1826@email.com,44,Kolkata,2023-03-28 20:20:58.438959
1827,Customer_1827,customer_1827@email.com,40,Chennai,2023-03-29 09:28:41.947965
1828,Customer_1828,customer_1828@email.com,65,Bangalore,2023-03-29 22:36:25.456971
1829,Customer_1829,customer_1829@email.com,51,Bangalore,2023-03-30 11:44:08.965977
1830,Customer_1830,customer_1830@email.com,52,Bangalore,2023-03-31 00:51:52.474983
1831,Customer_1831,customer_1831@email.com,34,Kolkata,2023-03-31 13:59:35.983989
1832,Customer_1832,customer_1832@email.com,64,Mumbai,2023-04-01 03:07:19.492995
1833,Customer_1833,customer_1833@email.com,67,Hyderabad,2023-04-01 16:15:03.002001
1834,Customer_1834,customer_1834@email.com,27,Pune,2023-04-02 05:22:46.511007
1835,Customer_1835,customer_1835@email.com,19,Bangalore,2023-04-02 18:30:30.020013
1836,Customer_1836,customer_1836@email.com,34,Chennai,2023-04-03 07:38:13.529019
1837,Customer_1837,customer_1837@email.com,48,Bangalore,2023-04-03 20:45:57.038025
1838,Customer_1838,customer_1838@email.com,33,Pune,2023-04-04 09:53:40.547031
1839,Customer_1839,customer_1839@email.com,41,Delhi,2023-04-04 23:01:24.056037
1840,Customer_1840,customer_1840@email.com,24,Mumbai,2023-04-05 12:09:07.565043
1841,Customer_1841,customer_1841@email.com,36,Chennai,2023-04-06 01:16:51.074049
1842,Customer_1842,customer_1842@email.com,33,Mumbai,2023-04-06 14:24:34.583055
1843,Customer_1843,customer_1843@email.com,50,Mumbai,2023-04-07 03:32:18.092061
1844,Customer_1844,customer_1844@email.com,53,Delhi,2023-04-07 16:40:01.601067
1845,Customer_1845,customer_1845@email.com,62,Bangalore,2023-04-08 05:47:45.110073
1846,Customer_1846,customer_1846@email.com,27,Chennai,2023-04-08 18:55:28.619079
1847,Customer_1847,customer_1847@email.com,60,Hyderabad,2023-04-09 08:03:12.128085
1848,Customer_1848,customer_1848@email.com,68,Mumbai,2023-04-09 21:10:55.637091
1849,Customer_1849,customer_1849@email.com,32,Pune,2023-04-10 10:18:39.146097
1850,Customer_1850,customer_1850@email.com,60,Hyderabad,2023-04-10 23:26:22.655103
1851,Customer_1851,customer_1851@email.com,20,Hyderabad,2023-04-11 12:34:06.164109
1852,Customer_1852,customer_1852@email.com,19,Kolkata,2023-04-12 01:41:49.673115
1853,Customer_1853,customer_1853@email.com,60,Bangalore,2023-04-12 14:49:33.182121
1854,Customer_1854,customer_1854@email.com,59,Hyderabad,2023-04-13 03:57:16.691127
1855,Customer_1855,customer_1855@email.com,52,Chennai,2023-04-13 17:05:00.200133
1856,Customer_1856,customer_1856@email.com,44,Bangalore,2023-04-14 06:12:43.709139
1857,Customer_1857,customer_1857@email.com,22,Pune,2023-04-14 19:20:27.218145
1858,Customer_1858,customer_1858@email.com,32,Hyderabad,2023-04-15 08:28:10.727151
1859,Customer_1859,customer_1859@email.com,53,Bangalore,2023-04-15 21:35:54.236157
1860,Customer_1860,customer_1860@email.com,66,Chennai,2023-04-16 10:43:37.745163
1861,Customer_1861,customer_1861@email.com,50,Mumbai,2023-04-16 23:51:21.254169
1862,Customer_1862,customer_1862@email.com,18,Delhi,2023-04-17 12:59:04.763175
1863,Customer_1863,customer_1863@email.com,29,Bangalore,2023-04-18 02:06:48.272181
1864,Customer_1864,customer_1864@email.com,59,Pune,2023-04-18 15:14:31.781187
1865,Customer_1865,customer_1865@email.com,58,Delhi,2023-04-19 04:22:15.290193
1866,Customer_1866,customer_1866@email.com,26,Kolkata,2023-04-19 17:29:58.799199
1867,Customer_1867,customer_1867@email.com,69,Mumbai,2023-04-20 06:37:42.308205
1868,Customer_1868,customer_1868@email.com,37,Pune,2023-04-20 19:45:25.817211
1869,Customer_1869,customer_1869@email.com,47,Chennai,2023-04-21 08:53:09.326217
1870,Customer_1870,customer_1870@email.com,31,Pune,2023-04-21 22:00:52.835223
1871,Customer_1871,customer_1871@email.com,40,Mumbai,2023-04-22 11:08:36.344229
1872,Customer_1872,customer_1872@email.com,46,Delhi,2023-04-23 00:16:19.853235
1873,Customer_1873,customer_1873@email.com,68,Chennai,2023-04-23 13:24:03.362241
1874,Customer_1874,customer_1874@email.com,59,Pune,2023-04-24 02:31:46.871247
1875,Customer_1875,customer_1875@email.com,52,Hyderabad,2023-04-24 15:39:30.380253
1876,Customer_1876,customer_1876@email.com,69,Hyderabad,2023-04-25 04:47:13.889259
1877,Customer_1877,customer_1877@email.com,44,Bangalore,2023-04-25 17:54:57.398265
1878,Customer_1878,customer_1878@email.com,66,Hyderabad,2023-04-26 07:02:40.907271
1879,Customer_1879,customer_1879@email.com,44,Pune,2023-04-26 20:10:24.416277
1880,Customer_1880,customer_1880@email.com,47,Delhi,2023-04-27 09:18:07.925283
1881,Customer_1881,customer_1881@email.com,20,Hyderabad,2023-04-27 22:25:51.434289
1882,Customer_1882,customer_1882@email.com,29,Bangalore,2023-04-28 11:33:34.943295
1883,Customer_1883,customer_1883@email.com,64,Chennai,2023-04-29 00:41:18.452301
1884,Customer_1884,customer_1884@email.com,48,Hyderabad,2023-04-29 13:49:01.961307
1885,Customer_1885,customer_1885@email.com,54,Bangalore,2023-04-30 02:56:45.470313
1886,Customer_1886,customer_1886@email.com,44,Hyderabad,2023-04-30 16:04:28.979319
1887,Customer_1887,customer_1887@email.com,64,Kolkata,2023-05-01 05:12:12.488325
1888,Customer_1888,customer_1888@email.com,69,Hyderabad,2023-05-01 18:19:55.997331
1889,Customer_1889,customer_1889@email.com,41,Pune,2023-05-02 07:27:39.506337
1890,Customer_1890,customer_1890@email.com,65,Delhi,2023-05-02 20:35:23.015343
1891,Customer_1891,customer_1891@email.com,58,Bangalore,2023-05-03 09:43:06.524349
1892,Customer_1892,customer_1892@email.com,57,Bangalore,2023-05-03 22:50:50.033355
1893,Customer_1893,customer_1893@email.com,28,Mumbai,2023-05-04 11:58:33.542361
1894,Customer_1894,customer_1894@email.com,44,Mumbai,2023-05-05 01:06:17.051367
1895,Customer_1895,customer_1895@email.com,26,Bangalore,2023-05-05 14:14:00.560373
1896,Customer_1896,customer_1896@email.com,33,Pune,2023-05-06 03:21:44.069379
1897,Customer_1897,customer_1897@email.com,31,Delhi,2023-05-06 16:29:27.578385
1898,Customer_1898,customer_1898@email.com,64,Hyderabad,2023-05-07 05:37:11.087391
1899,Customer_1899,customer_1899@email.com,47,Chennai,2023-05-07 18:44:54.596397
1900,Customer_1900,customer_1900@email.com,63,Pune,2023-05-08 07:52:38.105403
1901,Customer_1901,customer_1901@email.com,41,Hyderabad,2023-05-08 21:00:21.614409
1902,Customer_1902,customer_1902@email.com,59,Chennai,2023-05-09 10:08:05.123415
1903,Customer_1903,customer_1903@email.com,30,Delhi,2023-05-09 23:15:48.632421
1904,Customer_1904,customer_1904@email.com,50,Mumbai,2023-05-10 12:23:32.141427
1905,Customer_1905,customer_1905@email.com,26,Bangalore,2023-05-11 01:31:15.650433
1906,Customer_1906,customer_1906@email.com,66,Delhi,2023-05-11 14:38:59.159439
1907,Customer_1907,customer_1907@email.com,43,Chennai,2023-05-12 03:46:42.668445
1908,Customer_1908,customer_1908@email.com,66,Pune,2023-05-12 16:54:26.177451
1909,Customer_1909,customer_1909@email.com,59,Bangalore,2023-05-13 06:02:09.686457
1910,Customer_1910,customer_1910@email.com,62,Chennai,2023-05-13 19:09:53.195463
1911,Customer_1911,customer_1911@email.com,67,Hyderabad,2023-05-14 08:17:36.704469
1912,Customer_1912,customer_1912@email.com,30,Hyderabad,2023-05-14 21:25:20.213475
1913,Customer_1913,customer_1913@email.com,38,Pune,2023-05-15 10:33:03.722481
1914,Customer_1914,customer_1914@email.com,46,Hyderabad,2023-05-15 23:40:47.231487
1915,Customer_1915,customer_1915@email.com,45,Bangalore,2023-05-16 12:48:30.740493
1916,Customer_1916,customer_1916@email.com,41,Mumbai,2023-05-17 01:56:14.249499
1917,Customer_1917,customer_1917@email.com,30,Mumbai,2023-05-17 15:03:57.758505
1918,Customer_1918,customer_1918@email.com,59,Chennai,2023-05-18 04:11:41.267511
1919,Customer_1919,customer_1919@email.com,37,Mumbai,2023-05-18 17:19:24.776517
1920,Customer_1920,customer_1920@email.com,56,Mumbai,2023-05-19 06:27:08.285523
1921,Customer_1921,customer_1921@email.com,24,Chennai,2023-05-19 19:34:51.794529
1922,Customer_1922,customer_1922@email.com,58,Chennai,2023-05-20 08:42:35.303535
1923,Customer_1923,customer_1923@email.com,65,Chennai,2023-05-20 21:50:18.812541
1924,Customer_1924,customer_1924@email.com,32,Bangalore,2023-05-21 10:58:02.321547
1925,Customer_1925,customer_1925@email.com,42,Kolkata,2023-05-22 00:05:45.830553
1926,Customer_1926,customer_1926@email.com,52,Chennai,2023-05-22 13:13:29.339559
1927,Customer_1927,customer_1927@email.com,30,Bangalore,2023-05-23 02:21:12.848565
1928,Customer_1928,customer_1928@email.com,60,Bangalore,2023-05-23 15:28:56.357571
1929,Customer_1929,customer_1929@email.com,25,Bangalore,2023-05-24 04:36:39.866577
1930,Customer_1930,customer_1930@email.com,38,Kolkata,2023-05-24 17:44:23.375583
1931,Customer_1931,customer_1931@email.com,23,Chennai,2023-05-25 06:52:06.884589
1932,Customer_1932,customer_1932@email.com,27,Mumbai,2023-05-25 19:59:50.393595
1933,Customer_1933,customer_1933@email.com,66,Pune,2023-05-26 09:07:33.902601
1934,Customer_1934,customer_1934@email.com,69,Pune,2023-05-26 22:15:17.411607
1935,Customer_1935,customer_1935@email.com,58,Kolkata,2023-05-27 11:23:00.920613
1936,Customer_1936,customer_1936@email.com,38,Mumbai,2023-05-28 00:30:44.429619
1937,Customer_1937,customer_1937@email.com,31,Kolkata,2023-05-28 13:38:27.938625
1938,Customer_1938,customer_1938@email.com,69,Chennai,2023-05-29 02:46:11.447631
1939,Customer_1939,customer_1939@email.com,62,Mumbai,2023-05-29 15:53:54.956637
1940,Customer_1940,customer_1940@email.com,50,Kolkata,2023-05-30 05:01:38.465643
1941,Customer_1941,customer_1941@email.com,42,Chennai,2023-05-30 18:09:21.974649
1942,Customer_1942,customer_1942@email.com,36,Kolkata,2023-05-31 07:17:05.483655
1943,Customer_1943,customer_1943@email.com,26,Bangalore,2023-05-31 20:24:48.992661
1944,Customer_1944,customer_1944@email.com,66,Hyderabad,2023-06-01 09:32:32.501667
1945,Customer_1945,customer_1945@email.com,64,Delhi,2023-06-01 22:40:16.010673
1946,Customer_1946,customer_1946@email.com,69,Kolkata,2023-06-02 11:47:59.519679
1947,Customer_1947,customer_1947@email.com,54,Pune,2023-06-03 00:55:43.028685
1948,Customer_1948,customer_1948@email.com,53,Kolkata,2023-06-03 14:03:26.537691
1949,Customer_1949,customer_1949@email.com,53,Chennai,2023-06-04 03:11:10.046697
1950,Customer_1950,customer_1950@email.com,32,Bangalore,2023-06-04 16:18:53.555703
1951,Customer_1951,customer_1951@email.com,22,Hyderabad,2023-06-05 05:26:37.064709
1952,Customer_1952,customer_1952@email.com,34,Bangalore,2023-06-05 18:34:20.573715
1953,Customer_1953,customer_1953@email.com,47,Delhi,2023-06-06 07:42:04.082721
1954,Customer_1954,customer_1954@email.com,24,Pune,2023-06-06 20:49:47.591727
1955,Customer_1955,customer_1955@email.com,23,Mumbai,2023-06-07 09:57:31.100733
1956,Customer_1956,customer_1956@email.com,32,Mumbai,2023-06-07 23:05:14.609739
1957,Customer_1957,customer_1957@email.com,69,Bangalore,2023-06-08 12:12:58.118745
1958,Customer_1958,customer_1958@email.com,63,Delhi,2023-06-09 01:20:41.627751
1959,Customer_1959,customer_1959@email.com,27,Bangalore,2023-06-09 14:28:25.136757
1960,Customer_1960,customer_1960@email.com,23,Mumbai,2023-06-10 03:36:08.645763
1961,Customer_1961,customer_1961@email.com,59,Bangalore,2023-06-10 16:43:52.154769
1962,Customer_1962,customer_1962@email.com,69,Hyderabad,2023-06-11 05:51:35.663775
1963,Customer_1963,customer_1963@email.com,58,Delhi,2023-06-11 18:59:19.172781
1964,Customer_1964,customer_1964@email.com,30,Mumbai,2023-06-12 08:07:02.681787
1965,Customer_1965,customer_1965@email.com,31,Pune,2023-06-12 21:14:46.190793
1966,Customer_1966,customer_1966@email.com,18,Pune,2023-06-13 10:22:29.699799
1967,Customer_1967,customer_1967@email.com,50,Bangalore,2023-06-13 23:30:13.208805
1968,Customer_1968,customer_1968@email.com,36,Delhi,2023-06-14 12:37:56.717811
1969,Customer_1969,customer_1969@email.com,26,Bangalore,2023-06-15 01:45:40.226817
1970,Customer_1970,customer_1970@email.com,54,Mumbai,2023-06-15 14:53:23.735823
1971,Customer_1971,customer_1971@email.com,66,Delhi,2023-06-16 04:01:07.244829
1972,Customer_1972,customer_1972@email.com,65,Mumbai,2023-06-16 17:08:50.753835
1973,Customer_1973,customer_1973@email.com,29,Hyderabad,2023-06-17 06:16:34.262841
1974,Customer_1974,customer_1974@email.com,22,Hyderabad,2023-06-17 19:24:17.771847
1975,Customer_1975,customer_1975@email.com,23,Pune,2023-06-18 08:32:01.280853
1976,Customer_1976,customer_1976@email.com,69,Chennai,2023-06-18 21:39:44.789859
1977,Customer_1977,customer_1977@email.com,28,Delhi,2023-06-19 10:47:28.298865
1978,Customer_1978,customer_1978@email.com,68,Hyderabad,2023-06-19 23:55:11.807871
1979,Customer_1979,customer_1979@email.com,55,Chennai,2023-06-20 13:02:55.316877
1980,Customer_1980,customer_1980@email.com,27,Pune,2023-06-21 02:10:38.825883
1981,Customer_1981,customer_1981@email.com,32,Delhi,2023-06-21 15:18:22.334889
1982,Customer_1982,customer_1982@email.com,67,Mumbai,2023-06-22 04:26:05.843895
1983,Customer_1983,customer_1983@email.com,56,Bangalore,2023-06-22 17:33:49.352901
1984,Customer_1984,customer_1984@email.com,45,Bangalore,2023-06-23 06:41:32.861907
1985,Customer_1985,customer_1985@email.com,20,Mumbai,2023-06-23 19:49:16.370913
1986,Customer_1986,customer_1986@email.com,33,Hyderabad,2023-06-24 08:56:59.879919
1987,Customer_1987,customer_1987@email.com,62,Bangalore,2023-06-24 22:04:43.388925
1988,Customer_1988,customer_1988@email.com,34,Mumbai,2023-06-25 11:12:26.897931
1989,Customer_1989,customer_1989@email.com,53,Chennai,2023-06-26 00:20:10.406937
1990,Customer_1990,customer_1990@email.com,36,Chennai,2023-06-26 13:27:53.915943
1991,Customer_1991,customer_1991@email.com,21,Mumbai,2023-06-27 02:35:37.424949
1992,Customer_1992,customer_1992@email.com,42,Delhi,2023-06-27 15:43:20.933955
1993,Customer_1993,customer_1993@email.com,44,Hyderabad,2023-06-28 04:51:04.442961
1994,Customer_1994,customer_1994@email.com,29,Hyderabad,2023-06-28 17:58:47.951967
1995,Customer_1995,customer_1995@email.com,44,Mumbai,2023-06-29 07:06:31.460973
1996,Customer_1996,customer_1996@email.com,21,Bangalore,2023-06-29 20:14:14.969979
1997,Customer_1997,customer_1997@email.com,41,Pune,2023-06-30 09:21:58.478985
1998,Customer_1998,customer_1998@email.com,34,Hyderabad,2023-06-30 22:29:41.987992
1999,Customer_1999,customer_1999@email.com,43,Hyderabad,2023-07-01 11:37:25.496998
2000,Customer_2000,customer_2000@email.com,35,Chennai,2023-07-02 00:45:09.006004
2001,Customer_2001,customer_2001@email.com,39,Chennai,2023-07-02 13:52:52.515010
2002,Customer_2002,customer_2002@email.com,23,Chennai,2023-07-03 03:00:36.024016
2003,Customer_2003,customer_2003@email.com,36,Pune,2023-07-03 16:08:19.533022
2004,Customer_2004,customer_2004@email.com,54,Hyderabad,2023-07-04 05:16:03.042028
2005,Customer_2005,customer_2005@email.com,51,Hyderabad,2023-07-04 18:23:46.551034
2006,Customer_2006,customer_2006@email.com,28,Pune,2023-07-05 07:31:30.060040
2007,Customer_2007,customer_2007@email.com,41,Kolkata,2023-07-05 20:39:13.569046
2008,Customer_2008,customer_2008@email.com,62,Hyderabad,2023-07-06 09:46:57.078052
2009,Customer_2009,customer_2009@email.com,54,Bangalore,2023-07-06 22:54:40.587058
2010,Customer_2010,customer_2010@email.com,40,Bangalore,2023-07-07 12:02:24.096064
2011,Customer_2011,customer_2011@email.com,57,Bangalore,2023-07-08 01:10:07.605070
2012,Customer_2012,customer_2012@email.com,60,Kolkata,2023-07-08 14:17:51.114076
2013,Customer_2013,customer_2013@email.com,21,Delhi,2023-07-09 03:25:34.623082
2014,Customer_2014,customer_2014@email.com,35,Hyderabad,2023-07-09 16:33:18.132088
2015,Customer_2015,customer_2015@email.com,47,Pune,2023-07-10 05:41:01.641094
2016,Customer_2016,customer_2016@email.com,32,Hyderabad,2023-07-10 18:48:45.150100
2017,Customer_2017,customer_2017@email.com,54,Pune,2023-07-11 07:56:28.659106
2018,Customer_2018,customer_2018@email.com,40,Kolkata,2023-07-11 21:04:12.168112
2019,Customer_2019,customer_2019@email.com,29,Mumbai,2023-07-12 10:11:55.677118
2020,Customer_2020,customer_2020@email.com,21,Mumbai,2023-07-12 23:19:39.186124
2021,Customer_2021,customer_2021@email.com,21,Delhi,2023-07-13 12:27:22.695130
2022,Customer_2022,customer_2022@email.com,69,Mumbai,2023-07-14 01:35:06.204136
2023,Customer_2023,customer_2023@email.com,58,Bangalore,2023-07-14 14:42:49.713142
2024,Customer_2024,customer_2024@email.com,58,Delhi,2023-07-15 03:50:33.222148
2025,Customer_2025,customer_2025@email.com,31,Delhi,2023-07-15 16:58:16.731154
2026,Customer_2026,customer_2026@email.com,25,Delhi,2023-07-16 06:06:00.240160
2027,Customer_2027,customer_2027@email.com,40,Chennai,2023-07-16 19:13:43.749166
2028,Customer_2028,customer_2028@email.com,18,Kolkata,2023-07-17 08:21:27.258172
2029,Customer_2029,customer_2029@email.com,28,Mumbai,2023-07-17 21:29:10.767178
2030,Customer_2030,customer_2030@email.com,44,Hyderabad,2023-07-18 10:36:54.276184
2031,Customer_2031,customer_2031@email.com,21,Chennai,2023-07-18 23:44:37.785190
2032,Customer_2032,customer_2032@email.com,46,Pune,2023-07-19 12:52:21.294196
2033,Customer_2033,customer_2033@email.com,34,Bangalore,2023-07-20 02:00:04.803202
2034,Customer_2034,customer_2034@email.com,66,Chennai,2023-07-20 15:07:48.312208
2035,Customer_2035,customer_2035@email.com,36,Bangalore,2023-07-21 04:15:31.821214
2036,Customer_2036,customer_2036@email.com,62,Kolkata,2023-07-21 17:23:15.330220
2037,Customer_2037,customer_2037@email.com,68,Hyderabad,2023-07-22 06:30:58.839226
2038,Customer_2038,customer_2038@email.com,66,Hyderabad,2023-07-22 19:38:42.348232
2039,Customer_2039,customer_2039@email.com,41,Mumbai,2023-07-23 08:46:25.857238
2040,Customer_2040,customer_2040@email.com,69,Pune,2023-07-23 21:54:09.366244
2041,Customer_2041,customer_2041@email.com,61,Chennai,2023-07-24 11:01:52.875250
2042,Customer_2042,customer_2042@email.com,69,Hyderabad,2023-07-25 00:09:36.384256
2043,Customer_2043,customer_2043@email.com,63,Kolkata,2023-07-25 13:17:19.893262
2044,Customer_2044,customer_2044@email.com,58,Bangalore,2023-07-26 02:25:03.402268
2045,Customer_2045,customer_2045@email.com,61,Hyderabad,2023-07-26 15:32:46.911274
2046,Customer_2046,customer_2046@email.com,49,Mumbai,2023-07-27 04:40:30.420280
2047,Customer_2047,customer_2047@email.com,48,Bangalore,2023-07-27 17:48:13.929286
2048,Customer_2048,customer_2048@email.com,66,Delhi,2023-07-28 06:55:57.438292
2049,Customer_2049,customer_2049@email.com,33,Pune,2023-07-28 20:03:40.947298
2050,Customer_2050,customer_2050@email.com,49,Mumbai,2023-07-29 09:11:24.456304
2051,Customer_2051,customer_2051@email.com,61,Kolkata,2023-07-29 22:19:07.965310
2052,Customer_2052,customer_2052@email.com,59,Kolkata,2023-07-30 11:26:51.474316
2053,Customer_2053,customer_2053@email.com,51,Kolkata,2023-07-31 00:34:34.983322
2054,Customer_2054,customer_2054@email.com,52,Kolkata,2023-07-31 13:42:18.492328
2055,Customer_2055,customer_2055@email.com,54,Mumbai,2023-08-01 02:50:02.001334
2056,Customer_2056,customer_2056@email.com,33,Delhi,2023-08-01 15:57:45.510340
2057,Customer_2057,customer_2057@email.com,38,Pune,2023-08-02 05:05:29.019346
2058,Customer_2058,customer_2058@email.com,30,Kolkata,2023-08-02 18:13:12.528352
2059,Customer_2059,customer_2059@email.com,35,Hyderabad,2023-08-03 07:20:56.037358
2060,Customer_2060,customer_2060@email.com,19,Mumbai,2023-08-03 20:28:39.546364
2061,Customer_2061,customer_2061@email.com,50,Delhi,2023-08-04 09:36:23.055370
2062,Customer_2062,customer_2062@email.com,58,Pune,2023-08-04 22:44:06.564376
2063,Customer_2063,customer_2063@email.com,35,Delhi,2023-08-05 11:51:50.073382
2064,Customer_2064,customer_2064@email.com,45,Pune,2023-08-06 00:59:33.582388
2065,Customer_2065,customer_2065@email.com,54,Mumbai,2023-08-06 14:07:17.091394
2066,Customer_2066,customer_2066@email.com,52,Chennai,2023-08-07 03:15:00.600400
2067,Customer_2067,customer_2067@email.com,54,Kolkata,2023-08-07 16:22:44.109406
2068,Customer_2068,customer_2068@email.com,29,Mumbai,2023-08-08 05:30:27.618412
2069,Customer_2069,customer_2069@email.com,57,Kolkata,2023-08-08 18:38:11.127418
2070,Customer_2070,customer_2070@email.com,25,Pune,2023-08-09 07:45:54.636424
2071,Customer_2071,customer_2071@email.com,42,Chennai,2023-08-09 20:53:38.145430
2072,Customer_2072,customer_2072@email.com,24,Hyderabad,2023-08-10 10:01:21.654436
2073,Customer_2073,customer_2073@email.com,19,Delhi,2023-08-10 23:09:05.163442
2074,Customer_2074,customer_2074@email.com,50,Bangalore,2023-08-11 12:16:48.672448
2075,Customer_2075,customer_2075@email.com,50,Mumbai,2023-08-12 01:24:32.181454
2076,Customer_2076,customer_2076@email.com,57,Bangalore,2023-08-12 14:32:15.690460
2077,Customer_2077,customer_2077@email.com,66,Hyderabad,2023-08-13 03:39:59.199466
2078,Customer_2078,customer_2078@email.com,40,Mumbai,2023-08-13 16:47:42.708472
2079,Customer_2079,customer_2079@email.com,22,Bangalore,2023-08-14 05:55:26.217478
2080,Customer_2080,customer_2080@email.com,31,Hyderabad,2023-08-14 19:03:09.726484
2081,Customer_2081,customer_2081@email.com,25,Chennai,2023-08-15 08:10:53.235490
2082,Customer_2082,customer_2082@email.com,37,Hyderabad,2023-08-15 21:18:36.744496
2083,Customer_2083,customer_2083@email.com,35,Mumbai,2023-08-16 10:26:20.253502
2084,Customer_2084,customer_2084@email.com,40,Pune,2023-08-16 23:34:03.762508
2085,Customer_2085,customer_2085@email.com,46,Pune,2023-08-17 12:41:47.271514
2086,Customer_2086,customer_2086@email.com,24,Kolkata,2023-08-18 01:49:30.780520
2087,Customer_2087,customer_2087@email.com,41,Kolkata,2023-08-18 14:57:14.289526
2088,Customer_2088,customer_2088@email.com,63,Pune,2023-08-19 04:04:57.798532
2089,Customer_2089,customer_2089@email.com,42,Mumbai,2023-08-19 17:12:41.307538
2090,Customer_2090,customer_2090@email.com,31,Mumbai,2023-08-20 06:20:24.816544
2091,Customer_2091,customer_2091@email.com,55,Hyderabad,2023-08-20 19:28:08.325550
2092,Customer_2092,customer_2092@email.com,20,Mumbai,2023-08-21 08:35:51.834556
2093,Customer_2093,customer_2093@email.com,63,Kolkata,2023-08-21 21:43:35.343562
2094,Customer_2094,customer_2094@email.com,31,Hyderabad,2023-08-22 10:51:18.852568
2095,Customer_2095,customer_2095@email.com,20,Pune,2023-08-22 23:59:02.361574
2096,Customer_2096,customer_2096@email.com,59,Kolkata,2023-08-23 13:06:45.870580
2097,Customer_2097,customer_2097@email.com,26,Delhi,2023-08-24 02:14:29.379586
2098,Customer_2098,customer_2098@email.com,24,Delhi,2023-08-24 15:22:12.888592
2099,Customer_2099,customer_2099@email.com,43,Kolkata,2023-08-25 04:29:56.397598
2100,Customer_2100,customer_2100@email.com,24,Kolkata,2023-08-25 17:37:39.906604
2101,Customer_2101,customer_2101@email.com,24,Delhi,2023-08-26 06:45:23.415610
2102,Customer_2102,customer_2102@email.com,61,Bangalore,2023-08-26 19:53:06.924616
2103,Customer_2103,customer_2103@email.com,53,Delhi,2023-08-27 09:00:50.433622
2104,Customer_2104,customer_2104@email.com,69,Delhi,2023-08-27 22:08:33.942628
2105,Customer_2105,customer_2105@email.com,30,Hyderabad,2023-08-28 11:16:17.451634
2106,Customer_2106,customer_2106@email.com,20,Hyderabad,2023-08-29 00:24:00.960640
2107,Customer_2107,customer_2107@email.com,37,Pune,2023-08-29 13:31:44.469646
2108,Customer_2108,customer_2108@email.com,26,Kolkata,2023-08-30 02:39:27.978652
2109,Customer_2109,customer_2109@email.com,39,Mumbai,2023-08-30 15:47:11.487658
2110,Customer_2110,customer_2110@email.com,69,Mumbai,2023-08-31 04:54:54.996664
2111,Customer_2111,customer_2111@email.com,62,Mumbai,2023-08-31 18:02:38.505670
2112,Customer_2112,customer_2112@email.com,50,Pune,2023-09-01 07:10:22.014676
2113,Customer_2113,customer_2113@email.com,40,Hyderabad,2023-09-01 20:18:05.523682
2114,Customer_2114,customer_2114@email.com,40,Hyderabad,2023-09-02 09:25:49.032688
2115,Customer_2115,customer_2115@email.com,55,Delhi,2023-09-02 22:33:32.541694
2116,Customer_2116,customer_2116@email.com,69,Chennai,2023-09-03 11:41:16.050700
2117,Customer_2117,customer_2117@email.com,43,Hyderabad,2023-09-04 00:48:59.559706
2118,Customer_2118,customer_2118@email.com,49,Pune,2023-09-04 13:56:43.068712
2119,Customer_2119,customer_2119@email.com,45,Chennai,2023-09-05 03:04:26.577718
2120,Customer_2120,customer_2120@email.com,47,Hyderabad,2023-09-05 16:12:10.086724
2121,Customer_2121,customer_2121@email.com,57,Pune,2023-09-06 05:19:53.595730
2122,Customer_2122,customer_2122@email.com,34,Hyderabad,2023-09-06 18:27:37.104736
2123,Customer_2123,customer_2123@email.com,35,Bangalore,2023-09-07 07:35:20.613742
2124,Customer_2124,customer_2124@email.com,42,Chennai,2023-09-07 20:43:04.122748
2125,Customer_2125,customer_2125@email.com,21,Kolkata,2023-09-08 09:50:47.631754
2126,Customer_2126,customer_2126@email.com,43,Kolkata,2023-09-08 22:58:31.140760
2127,Customer_2127,customer_2127@email.com,48,Bangalore,2023-09-09 12:06:14.649766
2128,Customer_2128,customer_2128@email.com,29,Delhi,2023-09-10 01:13:58.158772
2129,Customer_2129,customer_2129@email.com,65,Bangalore,2023-09-10 14:21:41.667778
2130,Customer_2130,customer_2130@email.com,35,Bangalore,2023-09-11 03:29:25.176784
2131,Customer_2131,customer_2131@email.com,27,Pune,2023-09-11 16:37:08.685790
2132,Customer_2132,customer_2132@email.com,53,Kolkata,2023-09-12 05:44:52.194796
2133,Customer_2133,customer_2133@email.com,19,Delhi,2023-09-12 18:52:35.703802
2134,Customer_2134,customer_2134@email.com,42,Chennai,2023-09-13 08:00:19.212808
2135,Customer_2135,customer_2135@email.com,64,Mumbai,2023-09-13 21:08:02.721814
2136,Customer_2136,customer_2136@email.com,26,Hyderabad,2023-09-14 10:15:46.230820
2137,Customer_2137,customer_2137@email.com,64,Pune,2023-09-14 23:23:29.739826
2138,Customer_2138,customer_2138@email.com,49,Chennai,2023-09-15 12:31:13.248832
2139,Customer_2139,customer_2139@email.com,22,Delhi,2023-09-16 01:38:56.757838
2140,Customer_2140,customer_2140@email.com,68,Bangalore,2023-09-16 14:46:40.266844
2141,Customer_2141,customer_2141@email.com,20,Mumbai,2023-09-17 03:54:23.775850
2142,Customer_2142,customer_2142@email.com,34,Bangalore,2023-09-17 17:02:07.284856
2143,Customer_2143,customer_2143@email.com,30,Hyderabad,2023-09-18 06:09:50.793862
2144,Customer_2144,customer_2144@email.com,20,Delhi,2023-09-18 19:17:34.302868
2145,Customer_2145,customer_2145@email.com,45,Mumbai,2023-09-19 08:25:17.811874
2146,Customer_2146,customer_2146@email.com,21,Chennai,2023-09-19 21:33:01.320880
2147,Customer_2147,customer_2147@email.com,35,Chennai,2023-09-20 10:40:44.829886
2148,Customer_2148,customer_2148@email.com,52,Delhi,2023-09-20 23:48:28.338892
2149,Customer_2149,customer_2149@email.com,31,Delhi,2023-09-21 12:56:11.847898
2150,Customer_2150,customer_2150@email.com,33,Pune,2023-09-22 02:03:55.356904
2151,Customer_2151,customer_2151@email.com,29,Bangalore,2023-09-22 15:11:38.865910
2152,Customer_2152,customer_2152@email.com,28,Mumbai,2023-09-23 04:19:22.374916
2153,Customer_2153,customer_2153@email.com,19,Hyderabad,2023-09-23 17:27:05.883922
2154,Customer_2154,customer_2154@email.com,50,Delhi,2023-09-24 06:34:49.392928
2155,Customer_2155,customer_2155@email.com,30,Mumbai,2023-09-24 19:42:32.901934
2156,Customer_2156,customer_2156@email.com,47,Pune,2023-09-25 08:50:16.410940
2157,Customer_2157,customer_2157@email.com,43,Kolkata,2023-09-25 21:57:59.919946
2158,Customer_2158,customer_2158@email.com,67,Delhi,2023-09-26 11:05:43.428952
2159,Customer_2159,customer_2159@email.com,35,Delhi,2023-09-27 00:13:26.937958
2160,Customer_2160,customer_2160@email.com,30,Chennai,2023-09-27 13:21:10.446964
2161,Customer_2161,customer_2161@email.com,21,Kolkata,2023-09-28 02:28:53.955970
2162,Customer_2162,customer_2162@email.com,50,Mumbai,2023-09-28 15:36:37.464976
2163,Customer_2163,customer_2163@email.com,32,Chennai,2023-09-29 04:44:20.973982
2164,Customer_2164,customer_2164@email.com,34,Pune,2023-09-29 17:52:04.482988
2165,Customer_2165,customer_2165@email.com,23,Chennai,2023-09-30 06:59:47.991994
2166,Customer_2166,customer_2166@email.com,22,Kolkata,2023-09-30 20:07:31.501000
2167,Customer_2167,customer_2167@email.com,50,Pune,2023-10-01 09:15:15.010006
2168,Customer_2168,customer_2168@email.com,33,Kolkata,2023-10-01 22:22:58.519012
2169,Customer_2169,customer_2169@email.com,63,Mumbai,2023-10-02 11:30:42.028018
2170,Customer_2170,customer_2170@email.com,41,Pune,2023-10-03 00:38:25.537024
2171,Customer_2171,customer_2171@email.com,22,Pune,2023-10-03 13:46:09.046030
2172,Customer_2172,customer_2172@email.com,20,Chennai,2023-10-04 02:53:52.555036
2173,Customer_2173,customer_2173@email.com,52,Kolkata,2023-10-04 16:01:36.064042
2174,Customer_2174,customer_2174@email.com,44,Bangalore,2023-10-05 05:09:19.573048
2175,Customer_2175,customer_2175@email.com,29,Kolkata,2023-10-05 18:17:03.082054
2176,Customer_2176,customer_2176@email.com,67,Hyderabad,2023-10-06 07:24:46.591060
2177,Customer_2177,customer_2177@email.com,58,Hyderabad,2023-10-06 20:32:30.100066
2178,Customer_2178,customer_2178@email.com,42,Bangalore,2023-10-07 09:40:13.609072
2179,Customer_2179,customer_2179@email.com,34,Delhi,2023-10-07 22:47:57.118078
2180,Customer_2180,customer_2180@email.com,66,Chennai,2023-10-08 11:55:40.627084
2181,Customer_2181,customer_2181@email.com,37,Hyderabad,2023-10-09 01:03:24.136090
2182,Customer_2182,customer_2182@email.com,45,Mumbai,2023-10-09 14:11:07.645096
2183,Customer_2183,customer_2183@email.com,67,Pune,2023-10-10 03:18:51.154102
2184,Customer_2184,customer_2184@email.com,52,Pune,2023-10-10 16:26:34.663108
2185,Customer_2185,customer_2185@email.com,67,Delhi,2023-10-11 05:34:18.172114
2186,Customer_2186,customer_2186@email.com,32,Hyderabad,2023-10-11 18:42:01.681120
2187,Customer_2187,customer_2187@email.com,50,Kolkata,2023-10-12 07:49:45.190126
2188,Customer_2188,customer_2188@email.com,20,Chennai,2023-10-12 20:57:28.699132
2189,Customer_2189,customer_2189@email.com,24,Hyderabad,2023-10-13 10:05:12.208138
2190,Customer_2190,customer_2190@email.com,27,Chennai,2023-10-13 23:12:55.717144
2191,Customer_2191,customer_2191@email.com,58,Delhi,2023-10-14 12:20:39.226150
2192,Customer_2192,customer_2192@email.com,43,Kolkata,2023-10-15 01:28:22.735156
2193,Customer_2193,customer_2193@email.com,58,Kolkata,2023-10-15 14:36:06.244162
2194,Customer_2194,customer_2194@email.com,57,Kolkata,2023-10-16 03:43:49.753168
2195,Customer_2195,customer_2195@email.com,23,Pune,2023-10-16 16:51:33.262174
2196,Customer_2196,customer_2196@email.com,50,Bangalore,2023-10-17 05:59:16.771180
2197,Customer_2197,customer_2197@email.com,33,Pune,2023-10-17 19:07:00.280186
2198,Customer_2198,customer_2198@email.com,41,Chennai,2023-10-18 08:14:43.789192
2199,Customer_2199,customer_2199@email.com,47,Chennai,2023-10-18 21:22:27.298198
2200,Customer_2200,customer_2200@email.com,27,Delhi,2023-10-19 10:30:10.807204
2201,Customer_2201,customer_2201@email.com,28,Delhi,2023-10-19 23:37:54.316210
2202,Customer_2202,customer_2202@email.com,61,Mumbai,2023-10-20 12:45:37.825216
2203,Customer_2203,customer_2203@email.com,39,Pune,2023-10-21 01:53:21.334222
2204,Customer_2204,customer_2204@email.com,20,Pune,2023-10-21 15:01:04.843228
2205,Customer_2205,customer_2205@email.com,55,Delhi,2023-10-22 04:08:48.352234
2206,Customer_2206,customer_2206@email.com,57,Hyderabad,2023-10-22 17:16:31.861240
2207,Customer_2207,customer_2207@email.com,40,Chennai,2023-10-23 06:24:15.370246
2208,Customer_2208,customer_2208@email.com,62,Kolkata,2023-10-23 19:31:58.879252
2209,Customer_2209,customer_2209@email.com,36,Bangalore,2023-10-24 08:39:42.388258
2210,Customer_2210,customer_2210@email.com,57,Delhi,2023-10-24 21:47:25.897264
2211,Customer_2211,customer_2211@email.com,30,Kolkata,2023-10-25 10:55:09.406270
2212,Customer_2212,customer_2212@email.com,53,Chennai,2023-10-26 00:02:52.915276
2213,Customer_2213,customer_2213@email.com,20,Bangalore,2023-10-26 13:10:36.424282
2214,Customer_2214,customer_2214@email.com,39,Mumbai,2023-10-27 02:18:19.933288
2215,Customer_2215,customer_2215@email.com,42,Hyderabad,2023-10-27 15:26:03.442294
2216,Customer_2216,customer_2216@email.com,37,Mumbai,2023-10-28 04:33:46.951300
2217,Customer_2217,customer_2217@email.com,45,Delhi,2023-10-28 17:41:30.460306
2218,Customer_2218,customer_2218@email.com,20,Hyderabad,2023-10-29 06:49:13.969312
2219,Customer_2219,customer_2219@email.com,39,Mumbai,2023-10-29 19:56:57.478318
2220,Customer_2220,customer_2220@email.com,61,Chennai,2023-10-30 09:04:40.987324
2221,Customer_2221,customer_2221@email.com,54,Delhi,2023-10-30 22:12:24.496330
2222,Customer_2222,customer_2222@email.com,55,Pune,2023-10-31 11:20:08.005336
2223,Customer_2223,customer_2223@email.com,35,Mumbai,2023-11-01 00:27:51.514342
2224,Customer_2224,customer_2224@email.com,37,Hyderabad,2023-11-01 13:35:35.023348
2225,Customer_2225,customer_2225@email.com,63,Hyderabad,2023-11-02 02:43:18.532354
2226,Customer_2226,customer_2226@email.com,22,Pune,2023-11-02 15:51:02.041360
2227,Customer_2227,customer_2227@email.com,60,Kolkata,2023-11-03 04:58:45.550366
2228,Customer_2228,customer_2228@email.com,26,Bangalore,2023-11-03 18:06:29.059372
2229,Customer_2229,customer_2229@email.com,46,Hyderabad,2023-11-04 07:14:12.568378
2230,Customer_2230,customer_2230@email.com,34,Hyderabad,2023-11-04 20:21:56.077384
2231,Customer_2231,customer_2231@email.com,29,Kolkata,2023-11-05 09:29:39.586390
2232,Customer_2232,customer_2232@email.com,43,Delhi,2023-11-05 22:37:23.095396
2233,Customer_2233,customer_2233@email.com,50,Hyderabad,2023-11-06 11:45:06.604402
2234,Customer_2234,customer_2234@email.com,50,Bangalore,2023-11-07 00:52:50.113408
2235,Customer_2235,customer_2235@email.com,53,Hyderabad,2023-11-07 14:00:33.622414
2236,Customer_2236,customer_2236@email.com,46,Bangalore,2023-11-08 03:08:17.131420
2237,Customer_2237,customer_2237@email.com,39,Kolkata,2023-11-08 16:16:00.640426
2238,Customer_2238,customer_2238@email.com,35,Chennai,2023-11-09 05:23:44.149432
2239,Customer_2239,customer_2239@email.com,34,Bangalore,2023-11-09 18:31:27.658438
2240,Customer_2240,customer_2240@email.com,61,Delhi,2023-11-10 07:39:11.167444
2241,Customer_2241,customer_2241@email.com,69,Mumbai,2023-11-10 20:46:54.676450
2242,Customer_2242,customer_2242@email.com,41,Pune,2023-11-11 09:54:38.185456
2243,Customer_2243,customer_2243@email.com,39,Mumbai,2023-11-11 23:02:21.694462
2244,Customer_2244,customer_2244@email.com,61,Chennai,2023-11-12 12:10:05.203468
2245,Customer_2245,customer_2245@email.com,22,Delhi,2023-11-13 01:17:48.712474
2246,Customer_2246,customer_2246@email.com,18,Chennai,2023-11-13 14:25:32.221480
2247,Customer_2247,customer_2247@email.com,36,Chennai,2023-11-14 03:33:15.730486
2248,Customer_2248,customer_2248@email.com,47,Hyderabad,2023-11-14 16:40:59.239493
2249,Customer_2249,customer_2249@email.com,56,Hyderabad,2023-11-15 05:48:42.748499
2250,Customer_2250,customer_2250@email.com,32,Delhi,2023-11-15 18:56:26.257505
2251,Customer_2251,customer_2251@email.com,63,Mumbai,2023-11-16 08:04:09.766511
2252,Customer_2252,customer_2252@email.com,52,Bangalore,2023-11-16 21:11:53.275517
2253,Customer_2253,customer_2253@email.com,22,Hyderabad,2023-11-17 10:19:36.784523
2254,Customer_2254,customer_2254@email.com,23,Delhi,2023-11-17 23:27:20.293529
2255,Customer_2255,customer_2255@email.com,42,Delhi,2023-11-18 12:35:03.802535
2256,Customer_2256,customer_2256@email.com,28,Kolkata,2023-11-19 01:42:47.311541
2257,Customer_2257,customer_2257@email.com,68,Mumbai,2023-11-19 14:50:30.820547
2258,Customer_2258,customer_2258@email.com,39,Delhi,2023-11-20 03:58:14.329553
2259,Customer_2259,customer_2259@email.com,51,Pune,2023-11-20 17:05:57.838559
2260,Customer_2260,customer_2260@email.com,61,Delhi,2023-11-21 06:13:41.347565
2261,Customer_2261,customer_2261@email.com,31,Mumbai,2023-11-21 19:21:24.856571
2262,Customer_2262,customer_2262@email.com,26,Hyderabad,2023-11-22 08:29:08.365577
2263,Customer_2263,customer_2263@email.com,37,Mumbai,2023-11-22 21:36:51.874583
2264,Customer_2264,customer_2264@email.com,33,Chennai,2023-11-23 10:44:35.383589
2265,Customer_2265,customer_2265@email.com,34,Hyderabad,2023-11-23 23:52:18.892595
2266,Customer_2266,customer_2266@email.com,34,Chennai,2023-11-24 13:00:02.401601
2267,Customer_2267,customer_2267@email.com,51,Delhi,2023-11-25 02:07:45.910607
2268,Customer_2268,customer_2268@email.com,59,Chennai,2023-11-25 15:15:29.419613
2269,Customer_2269,customer_2269@email.com,28,Mumbai,2023-11-26 04:23:12.928619
2270,Customer_2270,customer_2270@email.com,52,Mumbai,2023-11-26 17:30:56.437625
2271,Customer_2271,customer_2271@email.com,51,Kolkata,2023-11-27 06:38:39.946631
2272,Customer_2272,customer_2272@email.com,53,Bangalore,2023-11-27 19:46:23.455637
2273,Customer_2273,customer_2273@email.com,25,Kolkata,2023-11-28 08:54:06.964643
2274,Customer_2274,customer_2274@email.com,36,Kolkata,2023-11-28 22:01:50.473649
2275,Customer_2275,customer_2275@email.com,69,Pune,2023-11-29 11:09:33.982655
2276,Customer_2276,customer_2276@email.com,67,Kolkata,2023-11-30 00:17:17.491661
2277,Customer_2277,customer_2277@email.com,50,Delhi,2023-11-30 13:25:01.000667
2278,Customer_2278,customer_2278@email.com,40,Mumbai,2023-12-01 02:32:44.509673
2279,Customer_2279,customer_2279@email.com,19,Hyderabad,2023-12-01 15:40:28.018679
2280,Customer_2280,customer_2280@email.com,25,Kolkata,2023-12-02 04:48:11.527685
2281,Customer_2281,customer_2281@email.com,46,Kolkata,2023-12-02 17:55:55.036691
2282,Customer_2282,customer_2282@email.com,59,Kolkata,2023-12-03 07:03:38.545697
2283,Customer_2283,customer_2283@email.com,68,Mumbai,2023-12-03 20:11:22.054703
2284,Customer_2284,customer_2284@email.com,24,Hyderabad,2023-12-04 09:19:05.563709
2285,Customer_2285,customer_2285@email.com,66,Delhi,2023-12-04 22:26:49.072715
2286,Customer_2286,customer_2286@email.com,46,Pune,2023-12-05 11:34:32.581721
2287,Customer_2287,customer_2287@email.com,48,Bangalore,2023-12-06 00:42:16.090727
2288,Customer_2288,customer_2288@email.com,47,Bangalore,2023-12-06 13:49:59.599733
2289,Customer_2289,customer_2289@email.com,52,Chennai,2023-12-07 02:57:43.108739
2290,Customer_2290,customer_2290@email.com,42,Mumbai,2023-12-07 16:05:26.617745
2291,Customer_2291,customer_2291@email.com,64,Delhi,2023-12-08 05:13:10.126751
2292,Customer_2292,customer_2292@email.com,21,Chennai,2023-12-08 18:20:53.635757
2293,Customer_2293,customer_2293@email.com,66,Delhi,2023-12-09 07:28:37.144763
2294,Customer_2294,customer_2294@email.com,60,Delhi,2023-12-09 20:36:20.653769
2295,Customer_2295,customer_2295@email.com,55,Chennai,2023-12-10 09:44:04.162775
2296,Customer_2296,customer_2296@email.com,34,Delhi,2023-12-10 22:51:47.671781
2297,Customer_2297,customer_2297@email.com,27,Chennai,2023-12-11 11:59:31.180787
2298,Customer_2298,customer_2298@email.com,18,Kolkata,2023-12-12 01:07:14.689793
2299,Customer_2299,customer_2299@email.com,35,Kolkata,2023-12-12 14:14:58.198799
2300,Customer_2300,customer_2300@email.com,63,Pune,2023-12-13 03:22:41.707805
2301,Customer_2301,customer_2301@email.com,36,Mumbai,2023-12-13 16:30:25.216811
2302,Customer_2302,customer_2302@email.com,67,Chennai,2023-12-14 05:38:08.725817
2303,Customer_2303,customer_2303@email.com,49,Mumbai,2023-12-14 18:45:52.234823
2304,Customer_2304,customer_2304@email.com,48,Kolkata,2023-12-15 07:53:35.743829
2305,Customer_2305,customer_2305@email.com,50,Bangalore,2023-12-15 21:01:19.252835
2306,Customer_2306,customer_2306@email.com,39,Chennai,2023-12-16 10:09:02.761841
2307,Customer_2307,customer_2307@email.com,18,Kolkata,2023-12-16 23:16:46.270847
2308,Customer_2308,customer_2308@email.com,58,Pune,2023-12-17 12:24:29.779853
2309,Customer_2309,customer_2309@email.com,63,Bangalore,2023-12-18 01:32:13.288859
2310,Customer_2310,customer_2310@email.com,52,Chennai,2023-12-18 14:39:56.797865
2311,Customer_2311,customer_2311@email.com,61,Delhi,2023-12-19 03:47:40.306871
2312,Customer_2312,customer_2312@email.com,66,Bangalore,2023-12-19 16:55:23.815877
2313,Customer_2313,customer_2313@email.com,34,Hyderabad,2023-12-20 06:03:07.324883
2314,Customer_2314,customer_2314@email.com,51,Hyderabad,2023-12-20 19:10:50.833889
2315,Customer_2315,customer_2315@email.com,46,Hyderabad,2023-12-21 08:18:34.342895
2316,Customer_2316,customer_2316@email.com,23,Bangalore,2023-12-21 21:26:17.851901
2317,Customer_2317,customer_2317@email.com,18,Mumbai,2023-12-22 10:34:01.360907
2318,Customer_2318,customer_2318@email.com,44,Chennai,2023-12-22 23:41:44.869913
2319,Customer_2319,customer_2319@email.com,29,Delhi,2023-12-23 12:49:28.378919
2320,Customer_2320,customer_2320@email.com,21,Delhi,2023-12-24 01:57:11.887925
2321,Customer_2321,customer_2321@email.com,33,Kolkata,2023-12-24 15:04:55.396931
2322,Customer_2322,customer_2322@email.com,69,Bangalore,2023-12-25 04:12:38.905937
2323,Customer_2323,customer_2323@email.com,28,Hyderabad,2023-12-25 17:20:22.414943
2324,Customer_2324,customer_2324@email.com,69,Pune,2023-12-26 06:28:05.923949
2325,Customer_2325,customer_2325@email.com,37,Kolkata,2023-12-26 19:35:49.432955
2326,Customer_2326,customer_2326@email.com,43,Delhi,2023-12-27 08:43:32.941961
2327,Customer_2327,customer_2327@email.com,45,Pune,2023-12-27 21:51:16.450967
2328,Customer_2328,customer_2328@email.com,59,Kolkata,2023-12-28 10:58:59.959973
2329,Customer_2329,customer_2329@email.com,25,Pune,2023-12-29 00:06:43.468979
2330,Customer_2330,customer_2330@email.com,19,Delhi,2023-12-29 13:14:26.977985
2331,Customer_2331,customer_2331@email.com,57,Mumbai,2023-12-30 02:22:10.486991
2332,Customer_2332,customer_2332@email.com,43,Delhi,2023-12-30 15:29:53.995997
2333,Customer_2333,customer_2333@email.com,44,Kolkata,2023-12-31 04:37:37.505003
2334,Customer_2334,customer_2334@email.com,50,Delhi,2023-12-31 17:45:21.014009
2335,Customer_2335,customer_2335@email.com,24,Chennai,2024-01-01 06:53:04.523015
2336,Customer_2336,customer_2336@email.com,63,Delhi,2024-01-01 20:00:48.032021
2337,Customer_2337,customer_2337@email.com,53,Chennai,2024-01-02 09:08:31.541027
2338,Customer_2338,customer_2338@email.com,38,Kolkata,2024-01-02 22:16:15.050033
2339,Customer_2339,customer_2339@email.com,66,Hyderabad,2024-01-03 11:23:58.559039
2340,Customer_2340,customer_2340@email.com,51,Mumbai,2024-01-04 00:31:42.068045
2341,Customer_2341,customer_2341@email.com,40,Kolkata,2024-01-04 13:39:25.577051
2342,Customer_2342,customer_2342@email.com,51,Pune,2024-01-05 02:47:09.086057
2343,Customer_2343,customer_2343@email.com,57,Kolkata,2024-01-05 15:54:52.595063
2344,Customer_2344,customer_2344@email.com,24,Delhi,2024-01-06 05:02:36.104069
2345,Customer_2345,customer_2345@email.com,43,Mumbai,2024-01-06 18:10:19.613075
2346,Customer_2346,customer_2346@email.com,57,Kolkata,2024-01-07 07:18:03.122081
2347,Customer_2347,customer_2347@email.com,69,Pune,2024-01-07 20:25:46.631087
2348,Customer_2348,customer_2348@email.com,66,Kolkata,2024-01-08 09:33:30.140093
2349,Customer_2349,customer_2349@email.com,34,Kolkata,2024-01-08 22:41:13.649099
2350,Customer_2350,customer_2350@email.com,48,Mumbai,2024-01-09 11:48:57.158105
2351,Customer_2351,customer_2351@email.com,56,Pune,2024-01-10 00:56:40.667111
2352,Customer_2352,customer_2352@email.com,42,Pune,2024-01-10 14:04:24.176117
2353,Customer_2353,customer_2353@email.com,54,Mumbai,2024-01-11 03:12:07.685123
2354,Customer_2354,customer_2354@email.com,32,Bangalore,2024-01-11 16:19:51.194129
2355,Customer_2355,customer_2355@email.com,19,Chennai,2024-01-12 05:27:34.703135
2356,Customer_2356,customer_2356@email.com,28,Pune,2024-01-12 18:35:18.212141
2357,Customer_2357,customer_2357@email.com,49,Pune,2024-01-13 07:43:01.721147
2358,Customer_2358,customer_2358@email.com,47,Pune,2024-01-13 20:50:45.230153
2359,Customer_2359,customer_2359@email.com,34,Pune,2024-01-14 09:58:28.739159
2360,Customer_2360,customer_2360@email.com,41,Mumbai,2024-01-14 23:06:12.248165
2361,Customer_2361,customer_2361@email.com,62,Pune,2024-01-15 12:13:55.757171
2362,Customer_2362,customer_2362@email.com,21,Hyderabad,2024-01-16 01:21:39.266177
2363,Customer_2363,customer_2363@email.com,67,Delhi,2024-01-16 14:29:22.775183
2364,Customer_2364,customer_2364@email.com,63,Kolkata,2024-01-17 03:37:06.284189
2365,Customer_2365,customer_2365@email.com,49,Pune,2024-01-17 16:44:49.793195
2366,Customer_2366,customer_2366@email.com,36,Mumbai,2024-01-18 05:52:33.302201
2367,Customer_2367,customer_2367@email.com,20,Kolkata,2024-01-18 19:00:16.811207
2368,Customer_2368,customer_2368@email.com,21,Pune,2024-01-19 08:08:00.320213
2369,Customer_2369,customer_2369@email.com,42,Mumbai,2024-01-19 21:15:43.829219
2370,Customer_2370,customer_2370@email.com,26,Pune,2024-01-20 10:23:27.338225
2371,Customer_2371,customer_2371@email.com,38,Delhi,2024-01-20 23:31:10.847231
2372,Customer_2372,customer_2372@email.com,40,Pune,2024-01-21 12:38:54.356237
2373,Customer_2373,customer_2373@email.com,63,Hyderabad,2024-01-22 01:46:37.865243
2374,Customer_2374,customer_2374@email.com,46,Pune,2024-01-22 14:54:21.374249
2375,Customer_2375,customer_2375@email.com,47,Pune,2024-01-23 04:02:04.883255
2376,Customer_2376,customer_2376@email.com,42,Kolkata,2024-01-23 17:09:48.392261
2377,Customer_2377,customer_2377@email.com,66,Kolkata,2024-01-24 06:17:31.901267
2378,Customer_2378,customer_2378@email.com,46,Mumbai,2024-01-24 19:25:15.410273
2379,Customer_2379,customer_2379@email.com,51,Mumbai,2024-01-25 08:32:58.919279
2380,Customer_2380,customer_2380@email.com,31,Pune,2024-01-25 21:40:42.428285
2381,Customer_2381,customer_2381@email.com,39,Hyderabad,2024-01-26 10:48:25.937291
2382,Customer_2382,customer_2382@email.com,65,Mumbai,2024-01-26 23:56:09.446297
2383,Customer_2383,customer_2383@email.com,68,Kolkata,2024-01-27 13:03:52.955303
2384,Customer_2384,customer_2384@email.com,33,Hyderabad,2024-01-28 02:11:36.464309
2385,Customer_2385,customer_2385@email.com,28,Mumbai,2024-01-28 15:19:19.973315
2386,Customer_2386,customer_2386@email.com,31,Delhi,2024-01-29 04:27:03.482321
2387,Customer_2387,customer_2387@email.com,24,Hyderabad,2024-01-29 17:34:46.991327
2388,Customer_2388,customer_2388@email.com,22,Delhi,2024-01-30 06:42:30.500333
2389,Customer_2389,customer_2389@email.com,57,Delhi,2024-01-30 19:50:14.009339
2390,Customer_2390,customer_2390@email.com,46,Mumbai,2024-01-31 08:57:57.518345
2391,Customer_2391,customer_2391@email.com,34,Kolkata,2024-01-31 22:05:41.027351
2392,Customer_2392,customer_2392@email.com,47,Hyderabad,2024-02-01 11:13:24.536357
2393,Customer_2393,customer_2393@email.com,42,Bangalore,2024-02-02 00:21:08.045363
2394,Customer_2394,customer_2394@email.com,31,Delhi,2024-02-02 13:28:51.554369
2395,Customer_2395,customer_2395@email.com,59,Kolkata,2024-02-03 02:36:35.063375
2396,Customer_2396,customer_2396@email.com,39,Delhi,2024-02-03 15:44:18.572381
2397,Customer_2397,customer_2397@email.com,61,Delhi,2024-02-04 04:52:02.081387
2398,Customer_2398,customer_2398@email.com,22,Mumbai,2024-02-04 17:59:45.590393
2399,Customer_2399,customer_2399@email.com,57,Mumbai,2024-02-05 07:07:29.099399
2400,Customer_2400,customer_2400@email.com,45,Delhi,2024-02-05 20:15:12.608405
2401,Customer_2401,customer_2401@email.com,29,Kolkata,2024-02-06 09:22:56.117411
2402,Customer_2402,customer_2402@email.com,53,Pune,2024-02-06 22:30:39.626417
2403,Customer_2403,customer_2403@email.com,30,Mumbai,2024-02-07 11:38:23.135423
2404,Customer_2404,customer_2404@email.com,38,Mumbai,2024-02-08 00:46:06.644429
2405,Customer_2405,customer_2405@email.com,49,Mumbai,2024-02-08 13:53:50.153435
2406,Customer_2406,customer_2406@email.com,66,Chennai,2024-02-09 03:01:33.662441
2407,Customer_2407,customer_2407@email.com,38,Hyderabad,2024-02-09 16:09:17.171447
2408,Customer_2408,customer_2408@email.com,54,Kolkata,2024-02-10 05:17:00.680453
2409,Customer_2409,customer_2409@email.com,55,Mumbai,2024-02-10 18:24:44.189459
2410,Customer_2410,customer_2410@email.com,26,Chennai,2024-02-11 07:32:27.698465
2411,Customer_2411,customer_2411@email.com,54,Chennai,2024-02-11 20:40:11.207471
2412,Customer_2412,customer_2412@email.com,19,Mumbai,2024-02-12 09:47:54.716477
2413,Customer_2413,customer_2413@email.com,20,Kolkata,2024-02-12 22:55:38.225483
2414,Customer_2414,customer_2414@email.com,60,Pune,2024-02-13 12:03:21.734489
2415,Customer_2415,customer_2415@email.com,27,Chennai,2024-02-14 01:11:05.243495
2416,Customer_2416,customer_2416@email.com,52,Bangalore,2024-02-14 14:18:48.752501
2417,Customer_2417,customer_2417@email.com,26,Chennai,2024-02-15 03:26:32.261507
2418,Customer_2418,customer_2418@email.com,57,Hyderabad,2024-02-15 16:34:15.770513
2419,Customer_2419,customer_2419@email.com,65,Chennai,2024-02-16 05:41:59.279519
2420,Customer_2420,customer_2420@email.com,49,Mumbai,2024-02-16 18:49:42.788525
2421,Customer_2421,customer_2421@email.com,38,Kolkata,2024-02-17 07:57:26.297531
2422,Customer_2422,customer_2422@email.com,51,Pune,2024-02-17 21:05:09.806537
2423,Customer_2423,customer_2423@email.com,42,Delhi,2024-02-18 10:12:53.315543
2424,Customer_2424,customer_2424@email.com,59,Kolkata,2024-02-18 23:20:36.824549
2425,Customer_2425,customer_2425@email.com,49,Kolkata,2024-02-19 12:28:20.333555
2426,Customer_2426,customer_2426@email.com,63,Bangalore,2024-02-20 01:36:03.842561
2427,Customer_2427,customer_2427@email.com,54,Chennai,2024-02-20 14:43:47.351567
2428,Customer_2428,customer_2428@email.com,39,Pune,2024-02-21 03:51:30.860573
2429,Customer_2429,customer_2429@email.com,42,Bangalore,2024-02-21 16:59:14.369579
2430,Customer_2430,customer_2430@email.com,18,Kolkata,2024-02-22 06:06:57.878585
2431,Customer_2431,customer_2431@email.com,62,Kolkata,2024-02-22 19:14:41.387591
2432,Customer_2432,customer_2432@email.com,53,Hyderabad,2024-02-23 08:22:24.896597
2433,Customer_2433,customer_2433@email.com,38,Kolkata,2024-02-23 21:30:08.405603
2434,Customer_2434,customer_2434@email.com,58,Chennai,2024-02-24 10:37:51.914609
2435,Customer_2435,customer_2435@email.com,33,Chennai,2024-02-24 23:45:35.423615
2436,Customer_2436,customer_2436@email.com,49,Bangalore,2024-02-25 12:53:18.932621
2437,Customer_2437,customer_2437@email.com,38,Chennai,2024-02-26 02:01:02.441627
2438,Customer_2438,customer_2438@email.com,45,Kolkata,2024-02-26 15:08:45.950633
2439,Customer_2439,customer_2439@email.com,36,Chennai,2024-02-27 04:16:29.459639
2440,Customer_2440,customer_2440@email.com,31,Delhi,2024-02-27 17:24:12.968645
2441,Customer_2441,customer_2441@email.com,40,Bangalore,2024-02-28 06:31:56.477651
2442,Customer_2442,customer_2442@email.com,41,Mumbai,2024-02-28 19:39:39.986657
2443,Customer_2443,customer_2443@email.com,37,Kolkata,2024-02-29 08:47:23.495663
2444,Customer_2444,customer_2444@email.com,49,Mumbai,2024-02-29 21:55:07.004669
2445,Customer_2445,customer_2445@email.com,57,Hyderabad,2024-03-01 11:02:50.513675
2446,Customer_2446,customer_2446@email.com,27,Delhi,2024-03-02 00:10:34.022681
2447,Customer_2447,customer_2447@email.com,69,Bangalore,2024-03-02 13:18:17.531687
2448,Customer_2448,customer_2448@email.com,18,Bangalore,2024-03-03 02:26:01.040693
2449,Customer_2449,customer_2449@email.com,48,Delhi,2024-03-03 15:33:44.549699
2450,Customer_2450,customer_2450@email.com,69,Delhi,2024-03-04 04:41:28.058705
2451,Customer_2451,customer_2451@email.com,54,Hyderabad,2024-03-04 17:49:11.567711
2452,Customer_2452,customer_2452@email.com,32,Mumbai,2024-03-05 06:56:55.076717
2453,Customer_2453,customer_2453@email.com,57,Pune,2024-03-05 20:04:38.585723
2454,Customer_2454,customer_2454@email.com,48,Bangalore,2024-03-06 09:12:22.094729
2455,Customer_2455,customer_2455@email.com,45,Pune,2024-03-06 22:20:05.603735
2456,Customer_2456,customer_2456@email.com,27,Delhi,2024-03-07 11:27:49.112741
2457,Customer_2457,customer_2457@email.com,23,Bangalore,2024-03-08 00:35:32.621747
2458,Customer_2458,customer_2458@email.com,32,Mumbai,2024-03-08 13:43:16.130753
2459,Customer_2459,customer_2459@email.com,64,Bangalore,2024-03-09 02:50:59.639759
2460,Customer_2460,customer_2460@email.com,44,Pune,2024-03-09 15:58:43.148765
2461,Customer_2461,customer_2461@email.com,27,Bangalore,2024-03-10 05:06:26.657771
2462,Customer_2462,customer_2462@email.com,38,Delhi,2024-03-10 18:14:10.166777
2463,Customer_2463,customer_2463@email.com,36,Delhi,2024-03-11 07:21:53.675783
2464,Customer_2464,customer_2464@email.com,21,Delhi,2024-03-11 20:29:37.184789
2465,Customer_2465,customer_2465@email.com,39,Mumbai,2024-03-12 09:37:20.693795
2466,Customer_2466,customer_2466@email.com,55,Kolkata,2024-03-12 22:45:04.202801
2467,Customer_2467,customer_2467@email.com,32,Kolkata,2024-03-13 11:52:47.711807
2468,Customer_2468,customer_2468@email.com,23,Kolkata,2024-03-14 01:00:31.220813
2469,Customer_2469,customer_2469@email.com,67,Chennai,2024-03-14 14:08:14.729819
2470,Customer_2470,customer_2470@email.com,28,Mumbai,2024-03-15 03:15:58.238825
2471,Customer_2471,customer_2471@email.com,61,Delhi,2024-03-15 16:23:41.747831
2472,Customer_2472,customer_2472@email.com,47,Hyderabad,2024-03-16 05:31:25.256837
2473,Customer_2473,customer_2473@email.com,57,Bangalore,2024-03-16 18:39:08.765843
2474,Customer_2474,customer_2474@email.com,41,Bangalore,2024-03-17 07:46:52.274849
2475,Customer_2475,customer_2475@email.com,39,Pune,2024-03-17 20:54:35.783855
2476,Customer_2476,customer_2476@email.com,47,Bangalore,2024-03-18 10:02:19.292861
2477,Customer_2477,customer_2477@email.com,63,Kolkata,2024-03-18 23:10:02.801867
2478,Customer_2478,customer_2478@email.com,21,Pune,2024-03-19 12:17:46.310873
2479,Customer_2479,customer_2479@email.com,67,Bangalore,2024-03-20 01:25:29.819879
2480,Customer_2480,customer_2480@email.com,23,Hyderabad,2024-03-20 14:33:13.328885
2481,Customer_2481,customer_2481@email.com,55,Pune,2024-03-21 03:40:56.837891
2482,Customer_2482,customer_2482@email.com,43,Delhi,2024-03-21 16:48:40.346897
2483,Customer_2483,customer_2483@email.com,36,Chennai,2024-03-22 05:56:23.855903
2484,Customer_2484,customer_2484@email.com,19,Kolkata,2024-03-22 19:04:07.364909
2485,Customer_2485,customer_2485@email.com,21,Bangalore,2024-03-23 08:11:50.873915
2486,Customer_2486,customer_2486@email.com,22,Pune,2024-03-23 21:19:34.382921
2487,Customer_2487,customer_2487@email.com,64,Chennai,2024-03-24 10:27:17.891927
2488,Customer_2488,customer_2488@email.com,52,Pune,2024-03-24 23:35:01.400933
2489,Customer_2489,customer_2489@email.com,46,Mumbai,2024-03-25 12:42:44.909939
2490,Customer_2490,customer_2490@email.com,33,Mumbai,2024-03-26 01:50:28.418945
2491,Customer_2491,customer_2491@email.com,62,Kolkata,2024-03-26 14:58:11.927951
2492,Customer_2492,customer_2492@email.com,29,Bangalore,2024-03-27 04:05:55.436957
2493,Customer_2493,customer_2493@email.com,38,Delhi,2024-03-27 17:13:38.945963
2494,Customer_2494,customer_2494@email.com,26,Hyderabad,2024-03-28 06:21:22.454969
2495,Customer_2495,customer_2495@email.com,28,Pune,2024-03-28 19:29:05.963975
2496,Customer_2496,customer_2496@email.com,25,Bangalore,2024-03-29 08:36:49.472981
2497,Customer_2497,customer_2497@email.com,43,Mumbai,2024-03-29 21:44:32.981988
2498,Customer_2498,customer_2498@email.com,49,Mumbai,2024-03-30 10:52:16.490994
2499,Customer_2499,customer_2499@email.com,56,Pune,2024-03-31 00:00:00.000000
