Customer_ID,Recency,Frequency,Monetary,R_Score,F_Score,M_Score,RFM_Score,Cluster,Segment,CLV
1000,442,3,3000.183659374912,1,1,1,3,0,Lost Customers,9000.550978124737
1001,549,3,7269.341498080159,1,1,1,3,0,Lost Customers,21808.024494240475
1002,122,9,24912.48195311482,3,5,5,13,1,Loyal Customers,224212.3375780334
1003,175,7,21153.751321349726,2,4,5,11,1,Loyal Customers,148076.25924944808
1004,45,9,17662.123115150738,4,5,4,13,1,Champions,158959.10803635663
1005,94,7,16361.00783289601,3,4,4,11,3,Loyal Customers,114527.05483027207
1006,183,4,12761.708769946572,2,2,3,7,2,Lost Customers,51046.83507978629
1007,67,3,5531.257387225788,4,1,1,6,2,Others,16593.772161677363
1008,84,9,20703.547187279175,3,5,5,13,1,Loyal Customers,186331.92468551258
1009,38,7,18909.389847332786,4,4,4,12,3,Champions,132365.7289313295
1010,128,7,15794.514802927037,3,4,4,11,3,Loyal Customers,110561.60362048926
1011,103,7,10763.258721828726,3,4,2,9,3,Others,75342.81105280109
1012,227,6,24273.813905165996,2,3,5,10,1,At Risk,145642.88343099598
1013,102,4,4853.363163429717,3,2,1,6,2,Others,19413.45265371887
1014,26,3,2332.6065689652755,5,1,1,7,2,Others,6997.819706895827
1015,168,4,11227.387984259563,2,2,2,6,2,Lost Customers,44909.55193703825
1016,16,5,11984.722864326028,5,2,3,10,3,Others,59923.61432163014
1017,155,1,4895.2958712875,2,1,1,4,2,Lost Customers,4895.2958712875
1018,118,5,11581.465096328755,3,2,3,8,2,Others,57907.32548164378
1019,24,4,10799.665418903913,5,2,2,9,2,Others,43198.66167561565
1020,17,7,18849.477392246277,5,4,4,13,3,Champions,131946.34174572394
1021,1,9,23690.891485316202,5,5,5,15,1,Champions,213218.02336784583
1022,91,8,17952.46914357961,3,5,4,12,3,Loyal Customers,143619.75314863687
1023,263,6,20464.709525013433,1,3,5,9,3,At Risk,122788.25715008061
1024,177,7,14641.361001339666,2,4,3,9,3,At Risk,102489.52700937766
1025,119,4,8383.665888245921,3,2,2,7,2,Others,33534.663552983686
1026,224,5,8492.279591993036,2,2,2,6,2,Lost Customers,42461.39795996518
1027,272,5,14895.560350177331,1,2,4,7,3,Lost Customers,74477.80175088666
1028,13,2,6153.819797165828,5,1,1,7,2,Others,12307.639594331657
1029,8,7,15077.040214108321,5,4,4,13,3,Champions,105539.28149875825
1030,551,1,4376.882739962531,1,1,1,3,0,Lost Customers,4376.882739962531
1031,13,3,4352.767423088117,5,1,1,7,2,Others,13058.30226926435
1032,118,4,11733.108068754602,3,2,3,8,2,Others,46932.43227501841
1033,426,2,5888.382735155867,1,1,1,3,0,Lost Customers,11776.765470311733
1034,16,7,11718.818994704387,5,4,3,12,3,Potential Loyalists,82031.7329629307
1035,133,7,19770.14038227518,3,4,5,12,3,Loyal Customers,138390.98267592627
1036,100,5,12856.625108514496,3,2,3,8,3,Others,64283.12554257248
1037,29,8,21217.833072092915,5,5,5,15,1,Champions,169742.66457674332
1038,33,5,9871.407592331992,5,2,2,9,2,Others,49357.03796165996
1039,3,6,18161.55718720939,5,3,4,12,3,Potential Loyalists,108969.34312325635
1040,105,8,24426.558041148197,3,5,5,13,1,Loyal Customers,195412.46432918558
1041,130,5,16902.474699281753,3,2,4,9,3,Others,84512.37349640876
1042,147,4,9333.961692165993,2,2,2,6,2,Lost Customers,37335.84676866397
1043,394,5,6431.1166872803315,1,2,1,4,0,Lost Customers,32155.583436401655
1044,141,10,28402.601645958057,2,5,5,12,1,Loyal Customers,284026.01645958057
1045,70,12,19342.625570350803,4,5,5,14,1,Champions,232111.50684420962
1046,82,10,29164.088332504212,3,5,5,13,1,Loyal Customers,291640.88332504214
1047,219,7,12946.013589951592,2,4,3,9,3,At Risk,90622.09512966115
1048,345,3,9535.601887705767,1,1,2,4,0,Lost Customers,28606.805663117302
1049,75,3,9362.61668826822,4,1,2,7,2,Others,28087.850064804657
1050,106,4,9533.086428270008,3,2,2,7,2,Others,38132.34571308003
1051,162,5,15292.12602708052,2,2,4,8,3,Lost Customers,76460.63013540259
1052,234,6,10113.538890811174,1,3,2,6,3,Others,60681.23334486705
1053,147,8,17154.187036290485,2,5,4,11,3,Loyal Customers,137233.49629032388
1054,75,5,13394.087472575033,4,2,3,9,3,Others,66970.43736287516
1055,83,4,8321.950053561075,3,2,2,7,2,Others,33287.8002142443
1056,547,4,10210.13367350105,1,2,2,5,0,Lost Customers,40840.5346940042
1057,195,6,11825.543756582483,2,3,3,8,3,At Risk,70953.2625394949
1058,255,5,11649.623819736396,1,2,3,6,2,Lost Customers,58248.119098681986
1059,34,4,9423.710414227115,5,2,2,9,2,Others,37694.84165690846
1060,229,8,21459.59479275323,1,5,5,11,1,Loyal Customers,171676.75834202583
1061,160,4,4876.452531497166,2,2,1,5,2,Lost Customers,19505.810125988664
1062,564,3,7359.796569707416,1,1,1,3,0,Lost Customers,22079.389709122246
1063,120,5,11887.18904578628,3,2,3,8,3,Others,59435.94522893139
1064,207,4,10124.853248497722,2,2,2,6,2,Lost Customers,40499.41299399089
1065,105,11,30008.944449940354,3,5,5,13,1,Loyal Customers,330098.3889493439
1066,38,10,30391.789415160045,4,5,5,14,1,Champions,303917.8941516004
1067,69,9,25846.591049172435,4,5,5,14,1,Champions,232619.31944255193
1068,216,9,24853.028555434437,2,5,5,12,1,Loyal Customers,223677.25699890993
1069,334,4,5454.306829201596,1,2,1,4,0,Lost Customers,21817.227316806384
1070,30,9,19679.06917064903,5,5,5,15,1,Champions,177111.62253584125
1071,60,3,2637.775474674006,4,1,1,6,2,Others,7913.326424022018
1072,55,4,6720.439351062323,4,2,1,7,2,Others,26881.757404249292
1073,217,8,25532.619763601106,2,5,5,12,1,Loyal Customers,204260.95810880885
1074,27,6,18611.75075311451,5,3,4,12,3,Potential Loyalists,111670.50451868706
1075,72,2,7700.417616478223,4,1,1,6,2,Others,15400.835232956446
1076,98,5,11294.371259415715,3,2,2,7,2,Others,56471.85629707857
1077,568,3,7112.141735353127,1,1,1,3,0,Lost Customers,21336.42520605938
1078,28,3,10108.624590840887,5,1,2,8,2,Others,30325.87377252266
1079,129,9,27780.434991073882,3,5,5,13,1,Loyal Customers,250023.91491966494
1080,32,7,16835.871970564665,5,4,4,13,3,Champions,117851.10379395266
1081,100,10,22442.079539508715,3,5,5,13,1,Loyal Customers,224420.79539508716
1082,96,8,22278.394844361224,3,5,5,13,1,Loyal Customers,178227.1587548898
1083,626,2,7215.216564232853,1,1,1,3,0,Lost Customers,14430.433128465706
1084,808,1,2825.4289645019103,1,1,1,3,0,Lost Customers,2825.4289645019103
1085,51,6,6516.838188185174,4,3,1,8,2,Others,39101.02912911104
1086,195,5,12419.714800698748,2,2,3,7,3,Lost Customers,62098.57400349374
1087,100,11,32555.489108437967,3,5,5,13,1,Loyal Customers,358110.38019281765
1088,21,6,13206.077058854427,5,3,3,11,3,Potential Loyalists,79236.46235312657
1089,29,7,22455.88373564372,5,4,5,14,1,Champions,157191.18614950604
1090,151,8,15697.89086344037,2,5,4,11,3,Loyal Customers,125583.12690752296
1091,55,9,24275.424761041013,4,5,5,14,1,Champions,218478.8228493691
1092,45,4,13855.654727284202,4,2,3,9,2,Others,55422.61890913681
1093,356,3,4711.409099264261,1,1,1,3,0,Lost Customers,14134.227297792784
1094,69,7,19560.057900841537,4,4,5,13,3,Champions,136920.40530589077
1095,6,3,6004.493240356585,5,1,1,7,2,Others,18013.479721069758
1096,204,3,7288.13530476143,2,1,1,4,2,Lost Customers,21864.40591428429
1097,41,6,11325.713542363716,4,3,2,9,3,Others,67954.2812541823
1098,42,5,8246.706087933419,4,2,2,8,2,Others,41233.53043966709
1099,35,5,13094.18410958698,4,2,3,9,3,Others,65470.920547934904
1100,10,5,6346.219018410877,5,2,1,8,2,Others,31731.095092054384
1101,78,10,18951.368795482416,3,5,4,12,1,Loyal Customers,189513.68795482416
1102,255,7,22421.92604662667,1,4,5,10,1,Loyal Customers,156953.4823263867
1103,205,3,2870.9293789920007,2,1,1,4,2,Lost Customers,8612.788136976002
1104,149,3,7514.640538491823,2,1,1,4,2,Lost Customers,22543.92161547547
1105,35,4,8640.421796101431,4,2,2,8,2,Others,34561.687184405724
1106,181,5,10497.412887030125,2,2,2,6,2,Lost Customers,52487.06443515062
1107,13,4,7389.337446059312,5,2,1,8,2,Others,29557.34978423725
1108,186,5,18026.991317071137,2,2,4,8,3,Lost Customers,90134.95658535569
1109,15,4,8395.403156261933,5,2,2,9,2,Others,33581.61262504773
1110,31,7,20321.656821828266,5,4,5,14,3,Champions,142251.59775279785
1111,113,9,33822.246684424645,3,5,5,13,1,Loyal Customers,304400.2201598218
1112,3,10,28010.50373386316,5,5,5,15,1,Champions,280105.0373386316
1113,208,4,7065.983070605993,2,2,1,5,2,Lost Customers,28263.93228242397
1114,378,4,12118.394100998363,1,2,3,6,0,Lost Customers,48473.57640399345
1115,333,6,12833.79577053382,1,3,3,7,0,At Risk,77002.77462320292
1116,18,10,25743.758958723654,5,5,5,15,1,Champions,257437.58958723655
1117,33,7,13985.358900508989,5,4,3,12,3,Potential Loyalists,97897.51230356292
1118,18,8,24268.925226483476,5,5,5,15,1,Champions,194151.4018118678
1119,109,3,9269.981759861013,3,1,2,6,2,Others,27809.94527958304
1120,218,7,15950.684290039568,2,4,4,10,3,Loyal Customers,111654.79003027697
1121,48,7,17328.19242785465,4,4,4,12,3,Champions,121297.34699498255
1122,155,3,10009.563026746018,2,1,2,5,2,Lost Customers,30028.689080238055
1123,77,5,14030.307155434786,3,2,3,8,3,Others,70151.53577717394
1124,57,3,11125.509471563124,4,1,2,7,2,Others,33376.52841468937
1125,60,9,10194.732716611546,4,5,2,11,3,Others,91752.59444950391
1126,161,2,5034.476340443437,2,1,1,4,2,Lost Customers,10068.952680886874
1127,720,3,12242.645011770906,1,1,3,5,0,Lost Customers,36727.93503531272
1128,259,3,4722.76549684698,1,1,1,3,2,Lost Customers,14168.296490540939
1129,177,6,15403.338151114955,2,3,4,9,3,At Risk,92420.02890668972
1130,60,7,10003.219933914334,4,4,2,10,3,Others,70022.53953740033
1131,214,9,22262.755048378705,2,5,5,12,1,Loyal Customers,200364.79543540836
1132,147,3,6349.311785921695,2,1,1,4,2,Lost Customers,19047.935357765087
1133,381,7,17749.021418086646,1,4,4,9,3,Loyal Customers,124243.14992660652
1134,111,4,9829.88629207212,3,2,2,7,2,Others,39319.54516828848
1135,144,6,15591.173378333722,2,3,4,9,3,At Risk,93547.04027000233
1136,26,7,21827.440386865892,5,4,5,14,1,Champions,152792.08270806124
1137,180,9,19921.617066679624,2,5,5,12,1,Loyal Customers,179294.55360011663
1138,47,2,6882.2326169335975,4,1,1,6,2,Others,13764.465233867195
1139,97,3,8650.773980930866,3,1,2,6,2,Others,25952.321942792598
1140,298,4,10539.49596540932,1,2,2,5,0,Lost Customers,42157.98386163728
1141,5,5,8988.092339203457,5,2,2,9,2,Others,44940.461696017286
1142,266,7,12207.68785394807,1,4,3,8,3,At Risk,85453.81497763649
1143,154,6,13341.392099377905,2,3,3,8,3,At Risk,80048.35259626743
1144,291,2,2952.6012924268225,1,1,1,3,0,Lost Customers,5905.202584853645
1145,402,2,5220.253380932538,1,1,1,3,0,Lost Customers,10440.506761865076
1146,176,8,28864.215668059875,2,5,5,12,1,Loyal Customers,230913.725344479
1147,22,4,11439.403449438563,5,2,2,9,2,Others,45757.61379775425
1148,188,5,12093.397590962613,2,2,3,7,3,Lost Customers,60466.98795481307
1149,306,6,14336.9067344567,1,3,3,7,3,At Risk,86021.44040674019
1150,266,6,16324.738622480905,1,3,4,8,3,At Risk,97948.43173488544
1151,14,6,20402.21709668666,5,3,5,13,3,Potential Loyalists,122413.30258011997
1152,119,10,32635.406412397526,3,5,5,13,1,Loyal Customers,326354.06412397523
1153,17,7,15925.304486614401,5,4,4,13,3,Champions,111477.1314063008
1154,133,4,7753.719881740952,3,2,1,6,2,Others,31014.879526963807
1155,345,4,8068.7043907512525,1,2,1,4,0,Lost Customers,32274.81756300501
1156,42,8,21484.900046715375,4,5,5,14,1,Champions,171879.200373723
1157,264,6,17766.066434198146,1,3,4,8,3,At Risk,106596.39860518888
1158,190,5,12652.865733405786,2,2,3,7,3,Lost Customers,63264.32866702893
1159,232,2,7682.9860442493,1,1,1,3,2,Lost Customers,15365.9720884986
1160,116,5,12530.6327009941,3,2,3,8,3,Others,62653.1635049705
1161,183,5,11196.167490717637,2,2,2,6,2,Lost Customers,55980.83745358818
1162,49,6,16408.50533094215,4,3,4,11,3,Potential Loyalists,98451.0319856529
1163,170,6,18662.999338430593,2,3,4,9,3,At Risk,111977.99603058356
1164,280,2,9075.580276664024,1,1,2,4,0,Lost Customers,18151.16055332805
1165,72,6,13025.594333065315,4,3,3,10,3,Potential Loyalists,78153.56599839189
1166,154,5,8794.922405363266,2,2,2,6,2,Lost Customers,43974.61202681633
1167,17,7,19437.30190594013,5,4,5,14,3,Champions,136061.1133415809
1168,386,6,19109.924148795708,1,3,5,9,3,At Risk,114659.54489277425
1169,389,7,23558.249984840917,1,4,5,10,1,Loyal Customers,164907.74989388642
1170,77,8,15097.115554698756,3,5,4,12,3,Loyal Customers,120776.92443759005
1171,118,6,9111.230980174681,3,3,2,8,3,Others,54667.38588104809
1172,110,3,9445.74305146857,3,1,2,6,2,Others,28337.229154405708
1173,84,5,10072.504693337494,3,2,2,7,2,Others,50362.523466687475
1174,49,7,17874.66496572684,4,4,4,12,3,Champions,125122.65476008787
1175,237,5,18118.77613822018,1,2,4,7,3,Lost Customers,90593.8806911009
1176,221,5,8231.674477298513,2,3,2,7,2,Others,41158.37238649256
1177,228,2,3835.2265011287836,2,1,1,4,2,Lost Customers,7670.453002257567
1178,140,5,19912.006260371178,2,3,5,10,3,At Risk,99560.0313018559
1179,224,6,12507.965055216442,2,3,3,8,3,At Risk,75047.79033129866
1180,63,4,11125.373991371664,4,2,2,8,2,Others,44501.495965486654
1181,110,4,13035.578473363,3,2,3,8,2,Others,52142.313893452
1182,40,10,23516.298621973943,4,5,5,14,1,Champions,235162.98621973942
1183,35,6,17300.546460259233,4,3,4,11,3,Potential Loyalists,103803.2787615554
1184,223,6,15941.248219631267,2,3,4,9,3,At Risk,95647.48931778761
1185,37,10,27467.692243321653,4,5,5,14,1,Champions,274676.92243321653
1186,301,2,2652.447452987313,1,1,1,3,0,Lost Customers,5304.894905974626
1187,98,4,8705.900115174067,3,2,2,7,2,Others,34823.60046069627
1188,102,7,28313.713924601154,3,4,5,12,1,Loyal Customers,198195.99747220808
1189,109,8,24270.042272201554,3,5,5,13,1,Loyal Customers,194160.33817761243
1190,46,6,13338.753377242521,4,3,3,10,3,Potential Loyalists,80032.52026345512
1191,30,7,15784.632876426766,5,4,4,13,3,Champions,110492.43013498736
1192,199,6,14294.09336288208,2,3,3,8,3,At Risk,85764.56017729249
1193,142,7,20059.761603391806,2,4,5,11,3,Loyal Customers,140418.33122374263
1194,439,4,13646.99390844443,1,2,3,6,0,Lost Customers,54587.97563377772
1195,241,2,3630.421784066688,1,1,1,3,2,Lost Customers,7260.843568133376
1196,323,3,5349.946669347276,1,1,1,3,0,Lost Customers,16049.840008041829
1197,557,2,6564.315186480344,1,1,1,3,0,Lost Customers,13128.630372960688
1198,62,7,20561.17688137754,4,4,5,13,3,Champions,143928.2381696428
1199,13,5,12074.876435443099,5,3,3,11,3,Potential Loyalists,60374.38217721549
1200,241,6,11695.781101866547,1,3,3,7,3,At Risk,70174.68661119929
1201,155,5,10217.174914039952,2,3,2,7,2,Others,51085.874570199754
1202,23,8,19887.394513700685,5,5,5,15,1,Champions,159099.15610960548
1203,191,6,16430.37402222231,2,3,4,9,3,At Risk,98582.24413333385
1204,684,2,5619.700100697123,1,1,1,3,0,Lost Customers,11239.400201394246
1205,199,6,19784.40641644547,2,3,5,10,3,At Risk,118706.43849867281
1206,110,7,24540.456984215853,3,4,5,12,1,Loyal Customers,171783.19888951097
1207,61,4,10739.632479931379,4,2,2,8,2,Others,42958.529919725515
1208,30,5,15816.723458962515,5,3,4,12,3,Potential Loyalists,79083.61729481257
1209,88,6,19625.628781747655,3,3,5,11,3,Others,117753.77269048593
1210,56,8,18503.780801875302,4,5,4,13,1,Champions,148030.24641500242
1211,112,6,20253.84830052079,3,3,5,11,3,Others,121523.08980312473
1212,26,5,11457.84563342113,5,3,2,10,2,Others,57289.22816710565
1213,67,6,18938.459801265766,4,3,4,11,3,Potential Loyalists,113630.7588075946
1214,186,5,7857.122007948748,2,3,1,6,2,Others,39285.61003974374
1215,13,3,9260.55249181645,5,1,2,8,2,Others,27781.65747544935
1216,43,10,23029.253367864443,4,5,5,14,1,Champions,230292.53367864442
1217,366,5,12703.040982033912,1,3,3,7,0,At Risk,63515.20491016956
1218,198,6,15761.229848581941,2,3,4,9,3,At Risk,94567.37909149165
1219,69,3,8156.442107560286,4,1,1,6,2,Others,24469.326322680856
1220,272,5,12336.888431483243,1,3,3,7,3,At Risk,61684.44215741621
1221,225,10,21526.032600237493,2,5,5,12,1,Loyal Customers,215260.32600237493
1222,18,6,19440.460179812697,5,3,5,13,3,Potential Loyalists,116642.76107887618
1223,362,5,11261.472425983038,1,3,2,6,0,Others,56307.36212991519
1224,9,7,19730.46913439749,5,4,5,14,3,Champions,138113.28394078242
1225,36,6,18923.468460881653,4,3,4,11,3,Potential Loyalists,113540.81076528992
1226,305,4,11390.366323231669,1,2,2,5,0,Lost Customers,45561.465292926674
1227,441,7,20747.2713611051,1,4,5,10,3,Loyal Customers,145230.89952773572
1228,223,5,16076.833733792417,2,3,4,9,3,At Risk,80384.16866896208
1229,206,6,18175.551523089165,2,3,4,9,3,At Risk,109053.309138535
1230,27,4,8347.817227906757,5,2,2,9,2,Others,33391.26891162703
1231,15,7,19804.674423439756,5,4,5,14,3,Champions,138632.7209640783
1232,345,3,3966.646920217805,1,1,1,3,0,Lost Customers,11899.940760653415
1233,75,7,15906.614490953267,4,4,4,12,3,Champions,111346.30143667286
1234,212,5,13686.742640814284,2,3,3,8,3,At Risk,68433.71320407142
1235,24,10,23646.25392260719,5,5,5,15,1,Champions,236462.5392260719
1236,178,7,19170.394926193047,2,4,5,11,3,Loyal Customers,134192.76448335132
1237,234,7,19290.68152510185,1,4,5,10,3,Loyal Customers,135034.77067571293
1238,305,4,9100.103515487051,1,2,2,5,0,Lost Customers,36400.414061948206
1239,195,8,14859.482239161987,2,5,3,10,3,At Risk,118875.8579132959
1240,28,3,9557.3846298469,5,1,2,8,2,Others,28672.1538895407
1241,204,11,31254.763649167304,2,5,5,12,1,Loyal Customers,343802.4001408403
1242,338,4,14455.726142088804,1,2,3,6,0,Lost Customers,57822.90456835522
1243,41,4,9178.850560647183,4,2,2,8,2,Others,36715.40224258873
1244,33,13,20420.563946222766,5,5,5,15,1,Champions,265467.33130089595
1245,9,4,9667.957414928193,5,2,2,9,2,Others,38671.82965971277
1246,18,6,9702.847786356286,5,3,2,10,3,Others,58217.08671813771
1247,141,3,7150.287713103441,2,1,1,4,2,Lost Customers,21450.863139310324
1248,75,4,9098.632753637963,4,2,2,8,2,Others,36394.53101455185
1249,33,3,7900.9958023641075,5,1,1,7,2,Others,23702.98740709232
1250,159,4,17947.556454178863,2,2,4,8,3,Lost Customers,71790.22581671545
1251,10,3,10360.269669469762,5,1,2,8,2,Others,31080.809008409287
1252,133,5,10923.08109989818,3,3,2,8,2,Others,54615.405499490895
1253,318,2,5538.715576937896,1,1,1,3,0,Lost Customers,11077.431153875792
1254,119,6,10629.189973363673,3,3,2,8,3,Others,63775.13984018203
1255,14,6,18364.9688637402,5,3,4,12,3,Potential Loyalists,110189.8131824412
1256,165,2,4179.5357964478735,2,1,1,4,2,Lost Customers,8359.071592895747
1257,181,7,20521.699896586128,2,4,5,11,3,Loyal Customers,143651.8992761029
1258,113,6,12814.793540228075,3,3,3,9,3,Others,76888.76124136845
1259,111,6,15491.038849484772,3,3,4,10,3,Others,92946.23309690863
1260,28,7,21615.26039428208,5,4,5,14,1,Champions,151306.82275997454
1261,316,5,11349.872849782112,1,3,2,6,0,Others,56749.36424891056
1262,389,4,12325.729740466364,1,2,3,6,0,Lost Customers,49302.91896186546
1263,285,5,12443.302331013756,1,3,3,7,3,At Risk,62216.51165506878
1264,318,5,9972.670354033096,1,3,2,6,0,Others,49863.35177016548
1265,1,9,22761.47642307171,5,5,5,15,1,Champions,204853.28780764536
1266,143,4,6934.250412320944,2,2,1,5,2,Lost Customers,27737.001649283775
1267,30,7,13671.02753340624,5,4,3,12,3,Potential Loyalists,95697.19273384368
1268,86,4,8719.283590591733,3,2,2,7,2,Others,34877.13436236693
1269,1,8,26478.286613942808,5,5,5,15,1,Champions,211826.29291154246
1270,10,5,17581.667589662033,5,3,4,12,3,Potential Loyalists,87908.33794831016
1271,299,5,9516.927169531571,1,3,2,6,0,Others,47584.63584765785
1272,170,4,12594.092594977128,2,2,3,7,2,Lost Customers,50376.37037990851
1274,111,5,10598.222543179296,3,3,2,8,2,Others,52991.11271589648
1275,85,5,7476.889316059964,3,3,1,7,2,Others,37384.44658029982
1276,75,5,12554.528694576196,4,3,3,10,3,Potential Loyalists,62772.64347288098
1277,82,4,12298.90832098402,3,2,3,8,2,Others,49195.63328393608
1278,9,4,15111.675448264024,5,2,4,11,3,Others,60446.7017930561
1279,68,2,6138.508708929608,4,1,1,6,2,Others,12277.017417859215
1280,278,3,11531.498906284342,1,1,2,4,0,Lost Customers,34594.49671885303
1281,153,7,16544.83298086548,2,4,4,10,3,Loyal Customers,115813.83086605837
1282,44,5,13701.000702550931,4,3,3,10,3,Potential Loyalists,68505.00351275466
1283,84,7,17693.646391041773,3,4,4,11,3,Loyal Customers,123855.5247372924
1284,1,2,4947.072253065011,5,1,1,7,2,Others,9894.144506130022
1285,226,4,4096.716643458145,2,2,1,5,2,Lost Customers,16386.86657383258
1286,38,6,11826.809173774787,4,3,3,10,3,Potential Loyalists,70960.85504264872
1287,100,5,10811.534276197652,3,3,2,8,2,Others,54057.67138098826
1288,106,6,13211.118287168307,3,3,3,9,3,Others,79266.70972300984
1289,42,7,16451.066819083066,4,4,4,12,3,Champions,115157.46773358146
1290,245,6,21896.250990927874,1,3,5,9,3,At Risk,131377.50594556725
1291,480,6,7721.338297926786,1,3,1,5,0,Others,46328.02978756072
1292,460,7,16647.108876249386,1,4,4,9,0,Loyal Customers,116529.7621337457
1293,93,6,17256.99354273615,3,3,4,10,3,Others,103541.9612564169
1294,195,4,11645.494513579744,2,2,3,7,2,Lost Customers,46581.97805431898
1295,150,6,16297.407685566403,2,3,4,9,3,At Risk,97784.44611339842
1296,39,3,5131.025704747808,4,1,1,6,2,Others,15393.077114243424
1297,62,6,19371.820540519868,4,3,5,12,3,Potential Loyalists,116230.9232431192
1298,610,1,2953.9087542403354,1,1,1,3,0,Lost Customers,2953.9087542403354
1299,99,7,23419.510901280664,3,4,5,12,1,Loyal Customers,163936.57630896464
1300,53,6,15603.056005404274,4,3,4,11,3,Potential Loyalists,93618.33603242565
1301,107,7,18602.490749169683,3,4,4,11,3,Loyal Customers,130217.43524418779
1302,63,4,11238.10763352383,4,2,2,8,2,Others,44952.43053409532
1303,137,8,22448.4904717221,2,5,5,12,1,Loyal Customers,179587.9237737768
1304,52,6,13710.338329841521,4,3,3,10,3,Potential Loyalists,82262.02997904913
1305,477,1,4371.807708797463,1,1,1,3,0,Lost Customers,4371.807708797463
1306,42,7,13992.351271392088,4,4,3,11,3,Potential Loyalists,97946.45889974461
1307,90,5,14411.50019285559,3,3,3,9,3,Others,72057.50096427795
1308,31,8,25433.616818710063,5,5,5,15,1,Champions,203468.9345496805
1309,52,5,14812.875032567312,4,3,3,10,3,Potential Loyalists,74064.37516283656
1310,658,3,9606.31479073647,1,1,2,4,0,Lost Customers,28818.944372209407
1311,28,3,8885.989856448514,5,1,2,8,2,Others,26657.969569345543
1312,129,7,20671.087810178156,3,4,5,12,3,Loyal Customers,144697.61467124708
1313,298,5,13640.632491063876,1,3,3,7,3,At Risk,68203.16245531938
1314,27,5,14185.851815588932,5,3,3,11,3,Potential Loyalists,70929.25907794466
1315,78,3,6701.975190246454,3,1,1,5,2,Others,20105.92557073936
1316,195,8,15217.655384325633,2,5,4,11,3,Loyal Customers,121741.24307460507
1317,50,3,8091.815845876861,4,1,1,6,2,Others,24275.447537630585
1318,238,7,23437.357672176786,1,4,5,10,1,Loyal Customers,164061.5037052375
1319,161,6,13871.488132694489,2,3,3,8,3,At Risk,83228.92879616693
1320,23,3,6527.282401278675,5,1,1,7,2,Others,19581.847203836027
1321,84,3,9430.747117973515,3,1,2,6,2,Others,28292.241353920544
1322,30,5,13111.782081896028,5,3,3,11,3,Potential Loyalists,65558.91040948014
1323,430,6,20077.34040947361,1,3,5,9,0,At Risk,120464.04245684166
1324,218,3,7346.430603599649,2,1,1,4,2,Lost Customers,22039.291810798946
1325,384,4,12112.531443478503,1,2,3,6,0,Lost Customers,48450.12577391401
1326,427,2,5507.333371836084,1,1,1,3,0,Lost Customers,11014.666743672167
1327,87,5,20365.508728425863,3,3,5,11,3,Others,101827.54364212931
1328,48,9,26766.361655469547,4,5,5,14,1,Champions,240897.25489922593
1329,26,13,37992.765689687374,5,5,5,15,1,Champions,493905.95396593586
1330,48,7,14652.816109433888,4,4,3,11,3,Potential Loyalists,102569.71276603722
1331,27,9,22064.085394264257,5,5,5,15,1,Champions,198576.7685483783
1332,544,1,411.5687253276964,1,1,1,3,0,Lost Customers,411.5687253276964
1333,169,7,19893.61780076239,2,4,5,11,3,Loyal Customers,139255.32460533673
1334,211,8,16661.800393509955,2,5,4,11,3,Loyal Customers,133294.40314807964
1335,14,5,13333.296347522983,5,3,3,11,3,Potential Loyalists,66666.48173761491
1336,65,3,11461.988164383489,4,1,2,7,2,Others,34385.964493150466
1337,405,5,11336.007052566569,1,3,2,6,0,Others,56680.03526283284
1338,185,6,19466.026739931833,2,3,5,10,3,At Risk,116796.160439591
1339,40,7,16464.365483584166,4,4,4,12,3,Champions,115250.55838508916
1340,29,8,23262.06171226801,5,5,5,15,1,Champions,186096.49369814407
1341,201,7,12352.046222995496,2,4,3,9,3,At Risk,86464.32356096846
1342,227,5,20508.96442253362,2,3,5,10,3,At Risk,102544.8221126681
1343,61,8,19903.035815782438,4,5,5,14,1,Champions,159224.2865262595
1344,6,5,11875.141568184803,5,3,3,11,3,Potential Loyalists,59375.70784092401
1345,103,6,21214.480326789213,3,3,5,11,3,Others,127286.88196073528
1346,40,2,6757.782692521903,4,1,1,6,2,Others,13515.565385043807
1347,80,4,12409.419381369444,3,2,3,8,2,Others,49637.677525477775
1348,80,6,16914.67183223353,3,3,4,10,3,Others,101488.03099340117
1349,76,2,3506.2084750236236,4,1,1,6,2,Others,7012.416950047247
1350,116,9,25192.08951469966,3,5,5,13,1,Loyal Customers,226728.80563229692
1351,88,3,8098.897426432772,3,1,1,5,2,Others,24296.692279298317
1352,256,6,18542.653990570354,1,3,4,8,3,At Risk,111255.92394342212
1353,63,5,14593.647666779118,4,3,3,10,3,Potential Loyalists,72968.23833389558
1354,67,6,9813.46741290408,4,3,2,9,3,Others,58880.80447742448
1355,13,6,17559.23675118811,5,3,4,12,3,Potential Loyalists,105355.42050712866
1356,110,9,20135.818612144707,3,5,5,13,1,Loyal Customers,181222.36750930236
1357,13,6,17654.15848787272,5,3,4,12,3,Potential Loyalists,105924.95092723632
1358,32,7,13260.93367514246,5,4,3,12,3,Potential Loyalists,92826.53572599722
1359,281,8,20068.311952500026,1,5,5,11,1,Loyal Customers,160546.4956200002
1360,3,6,16568.41074656673,5,3,4,12,3,Potential Loyalists,99410.46447940037
1361,405,3,9993.69799869921,1,1,2,4,0,Lost Customers,29981.093996097632
1362,124,7,16223.410854060578,3,4,4,11,3,Loyal Customers,113563.87597842404
1363,150,6,14753.419613386302,2,3,3,8,3,At Risk,88520.51768031782
1364,127,7,20960.915636072736,3,4,5,12,3,Loyal Customers,146726.40945250914
1365,155,7,18748.29843487544,2,4,4,10,3,Loyal Customers,131238.08904412808
1366,340,2,8537.68550666077,1,1,2,4,0,Lost Customers,17075.37101332154
1367,170,7,21946.996506481715,2,4,5,11,1,Loyal Customers,153628.975545372
1368,42,11,31701.11554006307,4,5,5,14,1,Champions,348712.2709406938
1369,278,5,17156.531216833195,1,3,4,8,3,At Risk,85782.65608416597
1370,1,4,13788.801673987948,5,2,3,10,2,Others,55155.20669595179
1371,59,4,7308.526697105583,4,2,1,7,2,Others,29234.10678842233
1372,567,5,17077.03242662912,1,3,4,8,0,At Risk,85385.16213314561
1373,157,9,20732.580501492044,2,5,5,12,1,Loyal Customers,186593.2245134284
1374,519,1,3871.971838608674,1,1,1,3,0,Lost Customers,3871.971838608674
1375,91,13,31367.670685252775,3,5,5,13,1,Loyal Customers,407779.7189082861
1376,71,8,20940.493230771117,4,5,5,14,1,Champions,167523.94584616894
1377,46,6,13860.87956258154,4,3,3,10,3,Potential Loyalists,83165.27737548924
1378,134,7,18732.813662715373,3,4,4,11,3,Loyal Customers,131129.6956390076
1379,346,3,10805.563986916244,1,1,2,4,0,Lost Customers,32416.691960748733
1380,116,8,20971.726801967634,3,5,5,13,1,Loyal Customers,167773.81441574107
1381,11,5,15531.730241135469,5,3,4,12,3,Potential Loyalists,77658.65120567734
1382,3,6,13644.837872816182,5,3,3,11,3,Potential Loyalists,81869.02723689709
1383,64,6,14689.161416383015,4,3,3,10,3,Potential Loyalists,88134.96849829808
1384,265,7,21992.027902957,1,4,5,10,1,Loyal Customers,153944.19532069901
1385,209,5,19695.226150862043,2,3,5,10,3,At Risk,98476.13075431022
1386,4,9,24210.928595814956,5,5,5,15,1,Champions,217898.35736233462
1387,115,9,16486.90791883681,3,5,4,12,1,Loyal Customers,148382.17126953127
1388,72,3,7314.3200161913865,4,1,1,6,2,Others,21942.96004857416
1389,333,6,15944.039330679752,1,3,4,8,3,At Risk,95664.23598407852
1390,152,4,9881.191454753542,2,2,2,6,2,Lost Customers,39524.76581901417
1391,403,2,2573.886409488464,1,1,1,3,0,Lost Customers,5147.772818976928
1392,250,3,4128.1331298607265,1,1,1,3,2,Lost Customers,12384.39938958218
1393,96,6,15504.291719166447,3,3,4,10,3,Others,93025.75031499869
1394,31,3,11685.795707599009,5,1,3,9,2,Others,35057.38712279702
1395,26,6,20632.99061682851,5,3,5,13,3,Potential Loyalists,123797.94370097105
1396,176,5,10241.112873403683,2,3,2,7,2,Others,51205.564367018414
1397,204,8,17669.402917735253,2,5,4,11,3,Loyal Customers,141355.22334188203
1398,106,5,11922.193581950434,3,3,3,9,3,Others,59610.96790975217
1399,107,10,28079.238602069465,3,5,5,13,1,Loyal Customers,280792.3860206946
1400,45,8,22555.59509520795,4,5,5,14,1,Champions,180444.7607616636
1401,26,6,17985.602434326553,5,3,4,12,3,Potential Loyalists,107913.61460595932
1402,218,8,23404.244321417806,2,5,5,12,1,Loyal Customers,187233.95457134244
1403,27,6,12500.49941220466,5,4,3,12,3,Potential Loyalists,75002.99647322795
1404,77,9,22728.520978984303,3,5,5,13,1,Loyal Customers,204556.68881085873
1405,276,8,21147.26535803019,1,5,5,11,1,Loyal Customers,169178.1228642415
1406,7,5,15288.8844571453,5,3,4,12,3,Potential Loyalists,76444.4222857265
1407,10,10,30701.526473132,5,5,5,15,1,Champions,307015.26473131997
1408,18,7,15516.189963340366,5,4,4,13,3,Champions,108613.32974338256
1409,91,3,7925.809913244468,3,1,1,5,2,Others,23777.4297397334
1410,134,4,8524.807060961659,3,2,2,7,2,Others,34099.228243846635
1411,158,7,17285.83141534714,2,4,4,10,3,Loyal Customers,121000.81990742998
1412,3,8,25386.781596005578,5,5,5,15,1,Champions,203094.25276804462
1413,168,4,6141.27735770689,2,2,1,5,2,Lost Customers,24565.10943082756
1414,80,4,11278.339538039625,3,2,2,7,2,Others,45113.3581521585
1415,122,6,11144.244157898329,3,4,2,9,3,Others,66865.46494738998
1416,81,7,18117.290207071022,3,4,4,11,3,Loyal Customers,126821.03144949715
1417,7,8,20629.232526925414,5,5,5,15,1,Champions,165033.8602154033
1418,23,5,11357.134793522286,5,3,2,10,2,Others,56785.67396761143
1419,207,1,4716.022853830059,2,1,1,4,2,Lost Customers,4716.022853830059
1420,158,6,14067.095061158947,2,4,3,9,3,At Risk,84402.57036695367
1421,62,5,12629.6373543991,4,3,3,10,3,Potential Loyalists,63148.1867719955
1422,60,2,9361.40335284128,4,1,2,7,2,Others,18722.80670568256
1423,113,8,16554.813145753975,3,5,4,12,3,Loyal Customers,132438.5051660318
1424,194,3,10595.900922071103,2,1,2,5,2,Lost Customers,31787.70276621331
1425,3,4,7137.065510047254,5,2,1,8,2,Others,28548.262040189016
1426,464,2,9505.36176482592,1,1,2,4,0,Lost Customers,19010.72352965184
1427,104,8,27926.768790579736,3,5,5,13,1,Loyal Customers,223414.15032463789
1428,176,5,8268.728461827493,2,3,2,7,2,Others,41343.64230913747
1429,60,3,5921.103509752282,4,1,1,6,2,Others,17763.310529256843
1430,51,4,11210.167468121168,4,2,2,8,2,Others,44840.66987248467
1431,139,3,10569.352521528097,2,1,2,5,2,Lost Customers,31708.05756458429
1432,132,7,18300.96239086079,3,4,4,11,3,Loyal Customers,128106.73673602553
1433,524,2,7089.017564617303,1,1,1,3,0,Lost Customers,14178.035129234606
1434,536,4,9773.956069049957,1,2,2,5,0,Lost Customers,39095.824276199826
1435,33,7,16892.74258219903,5,4,4,13,3,Champions,118249.1980753932
1436,53,6,14932.15686650739,4,4,4,12,3,Champions,89592.94119904435
1437,30,5,16273.592362400643,5,3,4,12,3,Potential Loyalists,81367.96181200321
1438,511,1,1089.265182150384,1,1,1,3,0,Lost Customers,1089.265182150384
1439,108,5,12832.815883981713,3,3,3,9,3,Others,64164.079419908565
1440,254,6,20937.483611831227,1,4,5,10,3,Loyal Customers,125624.90167098737
1441,23,2,1542.8353606022242,5,1,1,7,2,Others,3085.6707212044485
1442,393,4,13084.493393417446,1,2,3,6,0,Lost Customers,52337.973573669784
1443,173,1,3080.111200981785,2,1,1,4,2,Lost Customers,3080.111200981785
1444,102,4,7860.565939242886,3,2,1,6,2,Others,31442.263756971544
1445,77,3,9428.33680029285,3,1,2,6,2,Others,28285.01040087855
1446,28,3,5319.502623744433,5,1,1,7,2,Others,15958.507871233298
1447,144,5,15586.004598261494,2,3,4,9,3,At Risk,77930.02299130747
1448,228,3,5780.824338659083,2,1,1,4,2,Lost Customers,17342.473015977248
1449,265,7,18337.142121921162,1,4,4,9,3,Loyal Customers,128359.99485344814
1450,456,1,3305.7821130816656,1,1,1,3,0,Lost Customers,3305.7821130816656
1451,56,7,18305.013824601334,4,4,4,12,3,Champions,128135.09677220933
1452,87,8,23424.375131803477,3,5,5,13,1,Loyal Customers,187395.00105442782
1453,142,3,7274.224187791544,2,1,1,4,2,Lost Customers,21822.672563374632
1454,424,2,4716.562004734326,1,1,1,3,0,Lost Customers,9433.124009468653
1455,137,5,9292.667058650266,2,3,2,7,2,Others,46463.33529325133
1456,27,6,21492.978818559524,5,4,5,14,3,Champions,128957.87291135715
1457,125,8,18513.659211454906,3,5,4,12,1,Loyal Customers,148109.27369163925
1458,137,6,20544.35605341412,2,4,5,11,3,Loyal Customers,123266.13632048473
1459,15,3,3600.2408933778634,5,1,1,7,2,Others,10800.72268013359
1460,319,4,14450.078413456831,1,2,3,6,0,Lost Customers,57800.313653827325
1461,15,4,5442.927721853013,5,2,1,8,2,Others,21771.710887412053
1462,473,3,3081.620190020996,1,1,1,3,0,Lost Customers,9244.860570062987
1463,201,3,5731.857100220616,2,1,1,4,2,Lost Customers,17195.57130066185
1464,358,2,5112.157148382021,1,1,1,3,0,Lost Customers,10224.314296764042
1465,29,6,17939.450539608813,5,4,4,13,3,Champions,107636.70323765288
1466,42,6,14556.793809595507,4,4,3,11,3,Potential Loyalists,87340.76285757305
1467,441,2,3776.818635922715,1,1,1,3,0,Lost Customers,7553.63727184543
1468,156,5,9696.46579963215,2,3,2,7,2,Others,48482.328998160745
1469,185,6,18389.98099681316,2,4,4,10,3,Loyal Customers,110339.88598087896
1470,129,3,10105.422359555107,3,1,2,6,2,Others,30316.267078665318
1471,66,3,10025.418898888798,4,1,2,7,2,Others,30076.256696666394
1472,19,9,27907.287621555697,5,5,5,15,1,Champions,251165.58859400128
1473,55,3,10124.965038495062,4,1,2,7,2,Others,30374.895115485186
1474,276,3,6716.010985181189,1,1,1,3,0,Lost Customers,20148.032955543567
1475,174,6,15609.406961134426,2,4,4,10,3,Loyal Customers,93656.44176680656
1476,50,4,12769.998327776018,4,2,3,9,2,Others,51079.993311104074
1477,236,1,1094.1222037074408,1,1,1,3,2,Lost Customers,1094.1222037074408
1478,70,4,15282.683190981064,4,2,4,10,3,Others,61130.73276392426
1479,21,5,7135.278075550947,5,3,1,9,2,Others,35676.39037775473
1480,33,3,10489.8315263748,5,1,2,8,2,Others,31469.494579124403
1481,57,5,12669.804920148223,4,3,3,10,3,Potential Loyalists,63349.02460074111
1482,165,1,150.58077385119336,2,1,1,4,2,Lost Customers,150.58077385119336
1483,172,2,7923.236495864285,2,1,1,4,2,Lost Customers,15846.47299172857
1484,216,6,16391.113590518784,2,4,4,10,3,Loyal Customers,98346.6815431127
1485,338,4,6253.825290719148,1,2,1,4,0,Lost Customers,25015.301162876593
1486,98,9,22745.67058459229,3,5,5,13,1,Loyal Customers,204711.03526133063
1487,72,11,31004.835649007364,4,5,5,14,1,Champions,341053.192139081
1488,303,6,19699.32781049136,1,4,5,10,3,Loyal Customers,118195.96686294815
1489,46,3,3371.7284969519624,4,1,1,6,2,Others,10115.185490855887
1490,64,3,8092.338070345254,4,1,1,6,2,Others,24277.014211035763
1491,364,2,6108.565340051491,1,1,1,3,0,Lost Customers,12217.130680102982
1492,460,2,8540.495577858837,1,1,2,4,0,Lost Customers,17080.991155717675
1494,135,4,12280.03163864072,2,2,3,7,2,Lost Customers,49120.12655456288
1495,469,2,6991.331435412523,1,1,1,3,0,Lost Customers,13982.662870825046
1496,12,5,11699.28299501399,5,3,3,11,3,Potential Loyalists,58496.41497506994
1497,239,4,15468.613125004897,1,2,4,7,3,Lost Customers,61874.452500019586
1498,125,4,9545.77706341162,3,2,2,7,2,Others,38183.10825364648
1499,124,4,12404.55319693309,3,2,3,8,2,Others,49618.21278773236
1500,295,2,6830.414406182692,1,1,1,3,0,Lost Customers,13660.828812365384
1501,38,3,2391.9628045268983,4,1,1,6,2,Others,7175.888413580695
1502,229,6,15580.459147238418,1,4,4,9,3,Loyal Customers,93482.7548834305
1503,34,3,2762.0729886251265,5,1,1,7,2,Others,8286.21896587538
1504,34,10,23642.9171000617,5,5,5,15,1,Champions,236429.17100061697
1505,59,12,30865.639815238726,4,5,5,14,1,Champions,370387.6777828647
1506,53,6,12763.961994601856,4,4,3,11,3,Potential Loyalists,76583.77196761113
1507,316,4,8615.809486007658,1,2,2,5,0,Lost Customers,34463.23794403063
1508,15,3,9959.76588653195,5,1,2,8,2,Others,29879.29765959585
1509,108,4,11777.893775805118,3,2,3,8,2,Others,47111.57510322047
1510,147,4,11156.324382547189,2,2,2,6,2,Lost Customers,44625.297530188756
1511,797,1,2698.6050709126266,1,1,1,3,0,Lost Customers,2698.6050709126266
1512,13,7,12885.1197590876,5,4,3,12,3,Potential Loyalists,90195.8383136132
1513,221,7,21666.793498861698,2,4,5,11,1,Loyal Customers,151667.5544920319
1514,78,4,13606.160728394825,3,2,3,8,2,Others,54424.6429135793
1515,98,3,7510.701111916342,3,1,1,5,2,Others,22532.103335749023
1516,39,5,12708.051830148024,4,3,3,10,3,Potential Loyalists,63540.25915074012
1517,24,5,15230.345253176522,5,3,4,12,3,Potential Loyalists,76151.72626588261
1518,92,5,16847.167623480353,3,3,4,10,3,Others,84235.83811740176
1519,157,2,4899.671599043693,2,1,1,4,2,Lost Customers,9799.343198087387
1520,88,5,8749.820540988825,3,3,2,8,2,Others,43749.102704944125
1521,196,6,16939.997416441704,2,4,4,10,3,Loyal Customers,101639.98449865021
1522,8,9,20787.363315159855,5,5,5,15,1,Champions,187086.2698364387
1523,63,5,12440.127907082979,4,3,3,10,3,Potential Loyalists,62200.63953541489
1524,268,7,17444.01581204493,1,4,4,9,3,Loyal Customers,122108.11068431451
1525,55,5,14049.289650514056,4,3,3,10,3,Potential Loyalists,70246.44825257028
1526,151,2,6049.989620941188,2,1,1,4,2,Lost Customers,12099.979241882376
1527,6,7,19757.41716528048,5,4,5,14,3,Champions,138301.92015696334
1528,24,3,6869.787721879646,5,1,1,7,2,Others,20609.363165638937
1529,202,7,13715.423326932952,2,4,3,9,3,At Risk,96007.96328853066
1530,78,9,23107.166142065467,3,5,5,13,1,Loyal Customers,207964.4952785892
1531,78,7,15072.012852353791,3,4,4,11,3,Loyal Customers,105504.08996647655
1532,37,4,9245.768211553357,4,2,2,8,2,Others,36983.07284621343
1533,185,4,12714.508908113727,2,2,3,7,2,Lost Customers,50858.03563245491
1534,134,5,11365.78554585587,3,3,2,8,2,Others,56828.92772927935
1535,173,5,18592.792805396097,2,3,4,9,3,At Risk,92963.96402698048
1536,245,5,12605.324067682592,1,3,3,7,3,At Risk,63026.62033841296
1537,124,6,16538.08693596123,3,4,4,11,3,Loyal Customers,99228.52161576739
1538,107,5,13128.147116108255,3,3,3,9,3,Others,65640.73558054128
1539,43,3,9197.706153982946,4,1,2,7,2,Others,27593.11846194884
1540,34,4,7495.622511979256,5,2,1,8,2,Others,29982.490047917025
1541,98,4,11229.667749450246,3,2,2,7,2,Others,44918.67099780098
1542,154,2,5695.011712984393,2,1,1,4,2,Lost Customers,11390.023425968786
1543,3,8,24071.43279511227,5,5,5,15,1,Champions,192571.46236089815
1544,18,6,10618.838884490813,5,4,2,11,3,Others,63713.03330694488
1545,216,7,19092.59475634269,2,4,5,11,3,Loyal Customers,133648.1632943988
1546,35,5,13871.914978246468,4,3,3,10,3,Potential Loyalists,69359.57489123235
1547,81,5,15665.656227416172,3,3,4,10,3,Others,78328.28113708086
1548,141,4,14174.145144696475,2,2,3,7,2,Lost Customers,56696.5805787859
1549,22,3,5716.175992989612,5,1,1,7,2,Others,17148.527978968836
1550,551,4,10486.311142172226,1,2,2,5,0,Lost Customers,41945.244568688904
1551,502,2,5634.461713429628,1,1,1,3,0,Lost Customers,11268.923426859255
1552,104,3,8372.381714203555,3,1,2,6,2,Others,25117.145142610665
1553,220,6,15962.191669153895,2,4,4,10,3,Loyal Customers,95773.15001492338
1554,67,5,13303.52710433565,4,3,3,10,3,Potential Loyalists,66517.63552167825
1555,40,8,15247.96482866762,4,5,4,13,3,Champions,121983.71862934096
1556,124,4,15290.829276391742,3,2,4,9,3,Others,61163.317105566966
1557,67,4,11617.855194234106,4,2,3,9,2,Others,46471.42077693642
1558,270,2,6428.281872160927,1,1,1,3,0,Lost Customers,12856.563744321855
1559,12,7,17500.750361211172,5,4,4,13,3,Champions,122505.2525284782
1560,18,8,20122.595762520647,5,5,5,15,1,Champions,160980.76610016517
1561,633,2,4287.841665980658,1,1,1,3,0,Lost Customers,8575.683331961316
1562,64,7,18765.703447532138,4,4,4,12,3,Champions,131359.92413272496
1563,24,4,9777.919239616034,5,2,2,9,2,Others,39111.67695846414
1564,61,4,10492.33292493355,4,2,2,8,2,Others,41969.3316997342
1565,351,8,20468.81388291701,1,5,5,11,1,Loyal Customers,163750.51106333607
1566,57,8,14972.819886925306,4,5,4,13,3,Champions,119782.55909540245
1567,136,8,21046.934108378573,2,5,5,12,1,Loyal Customers,168375.47286702858
1568,44,4,7775.423287695694,4,2,1,7,2,Others,31101.693150782776
1569,121,4,11763.19485938861,3,2,3,8,2,Others,47052.77943755444
1570,89,8,13202.972557073535,3,5,3,11,3,Others,105623.78045658828
1571,19,6,12981.848922131989,5,4,3,12,3,Potential Loyalists,77891.09353279193
1572,289,3,7408.559208209169,1,1,1,3,0,Lost Customers,22225.677624627508
1573,235,5,11900.589383969618,1,3,3,7,3,At Risk,59502.946919848095
1574,127,9,16648.020161043074,3,5,4,12,1,Loyal Customers,149832.18144938766
1575,5,4,6036.151700249881,5,2,1,8,2,Others,24144.606800999525
1576,186,4,6687.217960302327,2,2,1,5,2,Lost Customers,26748.871841209308
1577,105,5,6465.241020998327,3,3,1,7,2,Others,32326.205104991637
1578,270,7,12984.147294627379,1,4,3,8,3,At Risk,90889.03106239164
1579,2,5,9846.094772689992,5,3,2,10,2,Others,49230.47386344996
1580,93,6,17502.63706783048,3,4,4,11,3,Loyal Customers,105015.82240698289
1581,36,4,10951.538662559706,4,2,2,8,2,Others,43806.15465023882
1582,207,3,7897.445105067388,2,1,1,4,2,Lost Customers,23692.335315202163
1583,108,3,5130.187357263995,3,1,1,5,2,Others,15390.562071791985
1584,140,5,13754.115461028785,2,3,3,8,3,At Risk,68770.57730514393
1585,101,4,10773.528376072898,3,2,2,7,2,Others,43094.11350429159
1586,1,5,12969.464515225092,5,3,3,11,3,Potential Loyalists,64847.32257612546
1587,24,6,16309.619713181346,5,4,4,13,3,Champions,97857.71827908808
1588,94,6,16640.07070117388,3,4,4,11,3,Loyal Customers,99840.42420704328
1589,102,6,17934.000489708887,3,4,4,11,3,Loyal Customers,107604.00293825332
1590,57,6,16937.851459996087,4,4,4,12,3,Champions,101627.10875997652
1591,42,4,7618.361326018096,4,2,1,7,2,Others,30473.445304072386
1592,22,5,13077.582693634533,5,3,3,11,3,Potential Loyalists,65387.913468172665
1593,79,8,23826.48494874774,3,5,5,13,1,Loyal Customers,190611.87958998192
1594,10,6,7914.2753591875635,5,4,1,10,2,Others,47485.65215512538
1595,23,6,12322.994887576731,5,4,3,12,3,Potential Loyalists,73937.96932546039
1596,22,3,6973.247190682063,5,1,1,7,2,Others,20919.741572046187
1597,273,7,22315.6204821683,1,4,5,10,1,Loyal Customers,156209.34337517808
1598,230,7,18564.714169924602,1,4,4,9,3,Loyal Customers,129952.99918947222
1599,33,3,8704.752817787641,5,1,2,8,2,Others,26114.258453362923
1600,83,7,11957.310288340901,3,4,3,10,3,Others,83701.1720183863
1601,53,7,18403.308456507526,4,4,4,12,3,Champions,128823.15919555268
1602,289,3,5129.855870918596,1,1,1,3,0,Lost Customers,15389.567612755789
1603,230,5,15968.616360411284,1,3,4,8,3,At Risk,79843.08180205642
1604,339,4,10615.527841032916,1,2,2,5,0,Lost Customers,42462.11136413166
1605,59,8,14331.56156678713,4,5,3,12,3,Potential Loyalists,114652.49253429704
1606,308,2,1982.3469270573466,1,1,1,3,0,Lost Customers,3964.6938541146933
1607,216,7,9811.814045679756,2,4,2,8,3,Others,68682.69831975829
1608,89,5,7150.3448115861265,3,3,1,7,2,Others,35751.72405793063
1609,184,3,7880.820071955339,2,1,1,4,2,Lost Customers,23642.460215866016
1610,134,8,18953.378939180224,3,5,4,12,1,Loyal Customers,151627.0315134418
1611,40,8,21713.794185744187,4,5,5,14,1,Champions,173710.3534859535
1612,33,5,12217.55189527668,5,3,3,11,3,Potential Loyalists,61087.7594763834
1613,302,5,9183.932775288044,1,3,2,6,0,Others,45919.663876440216
1614,72,7,18050.555174551628,4,4,4,12,3,Champions,126353.8862218614
1615,40,7,15032.810982629062,4,4,4,12,3,Champions,105229.67687840344
1616,19,7,16798.492137117475,5,4,4,13,3,Champions,117589.44495982233
1617,81,8,17545.14306261005,3,5,4,12,3,Loyal Customers,140361.1445008804
1618,53,5,18729.405090640666,4,3,4,11,3,Potential Loyalists,93647.02545320333
1619,108,5,12923.174511607704,3,3,3,9,3,Others,64615.87255803852
1620,4,9,16841.381037596973,5,5,4,14,1,Champions,151572.42933837275
1621,273,3,7294.848744325416,1,1,1,3,0,Lost Customers,21884.54623297625
1622,18,6,9144.857254817007,5,4,2,11,3,Others,54869.143528902045
1623,20,7,13993.359818187499,5,4,3,12,3,Potential Loyalists,97953.51872731249
1624,217,5,13295.66781987719,2,3,3,8,3,At Risk,66478.33909938595
1625,317,4,10429.880999256276,1,2,2,5,0,Lost Customers,41719.523997025106
1626,176,3,3573.3064387278605,2,1,1,4,2,Lost Customers,10719.919316183581
1627,26,5,17727.833447001423,5,3,4,12,3,Potential Loyalists,88639.16723500712
1628,42,4,9313.171325271025,4,2,2,8,2,Others,37252.6853010841
1629,25,10,36295.40505592563,5,5,5,15,1,Champions,362954.0505592563
1630,221,3,13628.477095650105,2,1,3,6,2,Lost Customers,40885.43128695032
1631,209,5,13721.242155108643,2,3,3,8,3,At Risk,68606.21077554321
1632,45,6,12703.05919566351,4,4,3,11,3,Potential Loyalists,76218.35517398106
1633,78,5,7502.340359642836,3,3,1,7,2,Others,37511.701798214184
1634,58,4,9532.363253719104,4,2,2,8,2,Others,38129.45301487642
1635,502,4,14381.310221071188,1,2,3,6,0,Lost Customers,57525.24088428475
1636,13,4,14433.959658510412,5,2,3,10,2,Others,57735.83863404165
1637,211,2,6043.652751564317,2,1,1,4,2,Lost Customers,12087.305503128635
1638,21,7,13919.13436893266,5,4,3,12,3,Potential Loyalists,97433.94058252862
1639,83,4,8895.474480807788,3,2,2,7,2,Others,35581.897923231154
1640,229,4,10963.275100457797,1,2,2,5,2,Lost Customers,43853.10040183119
1641,357,5,10005.675778889738,1,3,2,6,0,Others,50028.37889444869
1642,132,5,13364.438361736691,3,3,3,9,3,Others,66822.19180868345
1643,111,4,11741.89462022273,3,2,3,8,2,Others,46967.57848089092
1644,368,4,5992.281727701127,1,2,1,4,0,Lost Customers,23969.12691080451
1645,192,7,13493.085623731893,2,4,3,9,3,At Risk,94451.59936612325
1646,215,4,11952.008499597006,2,2,3,7,2,Lost Customers,47808.033998388026
1647,108,2,8837.245655965744,3,1,2,6,2,Others,17674.491311931488
1648,330,6,17508.809137862198,1,4,4,9,3,Loyal Customers,105052.85482717319
1649,115,4,10729.362853650959,3,2,2,7,2,Others,42917.451414603835
1650,655,2,3069.5167150128073,1,1,1,3,0,Lost Customers,6139.0334300256145
1651,89,5,10340.75456943888,3,3,2,8,2,Others,51703.7728471944
1652,71,6,16149.621398811045,4,4,4,12,3,Champions,96897.72839286627
1653,133,7,12450.858867823717,3,4,3,10,3,Others,87156.01207476603
1654,50,11,29966.78042363033,4,5,5,14,1,Champions,329634.58465993364
1655,27,9,22811.075381842264,5,5,5,15,1,Champions,205299.67843658038
1656,20,6,15637.671127556076,5,4,4,13,3,Champions,93826.02676533646
1657,154,8,22728.24322561019,2,5,5,12,1,Loyal Customers,181825.9458048815
1658,40,5,16909.404775263945,4,3,4,11,3,Potential Loyalists,84547.02387631973
1659,170,5,16786.008963595392,2,3,4,9,3,At Risk,83930.04481797696
1660,17,7,14436.202999510344,5,4,3,12,3,Potential Loyalists,101053.42099657241
1661,15,4,13868.53813382857,5,2,3,10,2,Others,55474.15253531428
1662,39,5,13475.1315087225,4,3,3,10,3,Potential Loyalists,67375.6575436125
1663,55,1,564.7129874207476,4,1,1,6,2,Others,564.7129874207476
1664,148,4,9086.033097252439,2,2,2,6,2,Lost Customers,36344.132389009756
1665,68,4,9089.454952358094,4,2,2,8,2,Others,36357.819809432374
1666,93,4,6789.477949644385,3,2,1,6,2,Others,27157.91179857754
1667,107,3,6806.619177414651,3,1,1,5,2,Others,20419.857532243954
1668,18,8,13758.939512476494,5,5,3,13,3,Potential Loyalists,110071.51609981195
1669,22,4,10902.670296017739,5,2,2,9,2,Others,43610.681184070956
1670,148,4,9604.187682201618,2,2,2,6,2,Lost Customers,38416.75072880647
1671,39,3,7750.645586131541,4,1,1,6,2,Others,23251.936758394622
1672,184,7,11995.863210431195,2,4,3,9,3,At Risk,83971.04247301836
1673,121,4,10051.537801362254,3,2,2,7,2,Others,40206.151205449016
1674,91,4,9844.701308270069,3,2,2,7,2,Others,39378.805233080275
1675,52,7,19042.69401200274,4,4,5,13,3,Champions,133298.8580840192
1676,38,9,13840.091452095274,4,5,3,12,3,Potential Loyalists,124560.82306885747
1677,445,2,4538.607633870103,1,1,1,3,0,Lost Customers,9077.215267740206
1678,119,6,13174.12849775461,3,4,3,10,3,Others,79044.77098652766
1679,95,9,24966.893161915013,3,5,5,13,1,Loyal Customers,224702.03845723512
1680,57,3,7019.1351285104165,4,1,1,6,2,Others,21057.40538553125
1681,60,12,38922.425395176775,4,5,5,14,1,Champions,467069.1047421213
1682,562,2,4939.574574774778,1,1,1,3,0,Lost Customers,9879.149149549556
1683,28,3,8768.612954989763,5,1,2,8,2,Others,26305.83886496929
1684,1,9,28637.465857570547,5,5,5,15,1,Champions,257737.19271813493
1685,187,5,13727.632260652315,2,3,3,8,3,At Risk,68638.16130326157
1686,332,6,16024.135592528846,1,4,4,9,3,Loyal Customers,96144.81355517308
1687,215,4,11278.239600584475,2,2,2,6,2,Lost Customers,45112.9584023379
1688,178,3,9983.324408931188,2,1,2,5,2,Lost Customers,29949.973226793565
1689,287,2,6118.401108966604,1,1,1,3,0,Lost Customers,12236.802217933207
1690,84,5,11875.540887377912,3,3,3,9,3,Others,59377.70443688956
1691,22,5,13876.834727278794,5,3,3,11,3,Potential Loyalists,69384.17363639397
1692,54,8,16290.868739077358,4,5,4,13,3,Champions,130326.94991261886
1693,12,6,18984.376641210572,5,4,4,13,3,Champions,113906.25984726343
1694,26,3,8593.461903405267,5,1,2,8,2,Others,25780.3857102158
1695,113,7,20269.279144820393,3,4,5,12,3,Loyal Customers,141884.95401374274
1696,72,4,8720.110580463534,4,2,2,8,2,Others,34880.442321854134
1697,192,4,7025.64491210744,2,2,1,5,2,Lost Customers,28102.57964842976
1698,48,5,14647.034836961368,4,3,3,10,3,Potential Loyalists,73235.17418480683
1699,10,6,15836.700316114864,5,4,4,13,3,Champions,95020.20189668919
1700,317,4,7847.171983075857,1,2,1,4,0,Lost Customers,31388.687932303426
1701,425,1,1667.2802830518194,1,1,1,3,0,Lost Customers,1667.2802830518194
1702,95,7,18822.337491774895,3,4,4,11,3,Loyal Customers,131756.36244242426
1703,86,4,8887.081764534716,3,2,2,7,2,Others,35548.327058138864
1704,141,4,7618.810349442793,2,2,1,5,2,Lost Customers,30475.241397771173
1705,103,2,6843.362233755313,3,1,1,5,2,Others,13686.724467510627
1706,507,6,19177.78712051674,1,4,5,10,0,Loyal Customers,115066.72272310044
1707,67,5,12749.218815538998,4,3,3,10,3,Potential Loyalists,63746.09407769499
1708,378,2,6394.156076716659,1,1,1,3,0,Lost Customers,12788.312153433319
1709,56,8,13138.467032314316,4,5,3,12,3,Potential Loyalists,105107.73625851453
1710,64,8,16657.196283410223,4,5,4,13,3,Champions,133257.5702672818
1711,343,4,13236.291291358699,1,2,3,6,0,Lost Customers,52945.165165434795
1712,252,3,9723.491226344477,1,1,2,4,2,Lost Customers,29170.47367903343
1713,46,5,15750.871061132546,4,3,4,11,3,Potential Loyalists,78754.35530566273
1714,32,2,6738.887753123643,5,1,1,7,2,Others,13477.775506247286
1715,194,4,10183.345869372202,2,2,2,6,2,Lost Customers,40733.38347748881
1716,4,5,14516.119765559673,5,3,3,11,3,Potential Loyalists,72580.59882779837
1717,84,5,14708.009047648622,3,3,3,9,3,Others,73540.04523824311
1718,234,4,8526.244372247336,1,2,2,5,2,Lost Customers,34104.977488989345
1719,161,1,2167.813254402872,2,1,1,4,2,Lost Customers,2167.813254402872
1720,440,3,11876.136674321946,1,1,3,5,0,Lost Customers,35628.410022965836
1721,222,2,5113.714469468648,2,1,1,4,2,Lost Customers,10227.428938937295
1722,182,5,15182.473970889185,2,3,4,9,3,At Risk,75912.36985444592
1723,170,3,8030.821071308315,2,1,1,4,2,Lost Customers,24092.463213924944
1724,78,12,36743.87428227961,3,5,5,13,1,Loyal Customers,440926.4913873554
1725,13,6,16080.41518999522,5,4,4,13,3,Champions,96482.49113997132
1726,46,9,24147.05072190708,4,5,5,14,1,Champions,217323.45649716372
1727,43,6,18025.58752908918,4,4,4,12,3,Champions,108153.52517453508
1728,83,6,16249.157080185583,3,4,4,11,3,Loyal Customers,97494.9424811135
1729,15,8,15113.356933784022,5,5,4,14,3,Champions,120906.85547027217
1730,93,5,11354.003770529678,3,3,2,8,2,Others,56770.01885264839
1731,133,5,12647.489451929254,3,3,3,9,3,Others,63237.44725964627
1732,356,2,5567.367925404216,1,1,1,3,0,Lost Customers,11134.735850808433
1733,16,6,15630.22615618209,5,4,4,13,3,Champions,93781.35693709254
1734,135,4,9171.915873468428,2,2,2,6,2,Lost Customers,36687.66349387371
1735,436,5,13166.358393078513,1,3,3,7,0,At Risk,65831.79196539256
1736,85,6,16590.23709805861,3,4,4,11,3,Loyal Customers,99541.42258835165
1737,94,9,18747.196573922414,3,5,4,12,1,Loyal Customers,168724.76916530172
1738,266,5,17017.816903114446,1,3,4,8,3,At Risk,85089.08451557223
1739,187,3,1930.231914049156,2,1,1,4,2,Lost Customers,5790.695742147468
1740,21,4,10333.218244431966,5,2,2,9,2,Others,41332.872977727864
1741,65,4,11196.106121863475,4,2,2,8,2,Others,44784.4244874539
1742,565,4,7276.035171475387,1,2,1,4,0,Lost Customers,29104.140685901548
1743,77,6,21700.817933591,3,4,5,12,3,Loyal Customers,130204.907601546
1744,66,4,14917.666176281053,4,2,4,10,3,Others,59670.66470512421
1745,37,5,10663.156853774151,4,3,2,9,2,Others,53315.78426887076
1746,13,4,8449.432459516727,5,2,2,9,2,Others,33797.72983806691
1747,450,4,9240.74941786599,1,2,2,5,0,Lost Customers,36962.99767146396
1748,232,9,24706.020747423747,1,5,5,11,1,Loyal Customers,222354.18672681373
1749,105,4,11561.075065914543,3,2,2,7,2,Others,46244.30026365817
1750,508,1,4119.643841343521,1,1,1,3,0,Lost Customers,4119.643841343521
1751,66,6,10460.893530642095,4,4,2,10,3,Others,62765.36118385257
1752,89,6,12804.87701408446,3,4,3,10,3,Others,76829.26208450677
1753,449,4,11494.210566347007,1,2,2,5,0,Lost Customers,45976.842265388026
1754,296,3,8542.909937747401,1,1,2,4,0,Lost Customers,25628.729813242204
1755,137,2,8923.600629293027,2,1,2,5,2,Lost Customers,17847.201258586054
1756,33,9,15995.431816894006,5,5,4,14,1,Champions,143958.88635204604
1757,300,8,24014.98550978725,1,5,5,11,1,Loyal Customers,192119.884078298
1758,122,13,24883.920474558454,3,5,5,13,1,Loyal Customers,323490.9661692599
1759,35,8,24140.795674045447,4,5,5,14,1,Champions,193126.36539236357
1760,60,3,6497.646323262404,4,1,1,6,2,Others,19492.93896978721
1761,18,10,25633.766120692653,5,5,5,15,1,Champions,256337.66120692654
1762,55,6,13247.41822779876,4,4,3,11,3,Potential Loyalists,79484.50936679257
1763,211,4,10831.24486839124,2,2,2,6,2,Lost Customers,43324.97947356496
1764,480,2,7594.4271952083045,1,1,1,3,0,Lost Customers,15188.854390416609
1765,316,2,1433.4016167614477,1,1,1,3,0,Lost Customers,2866.8032335228954
1766,23,8,22026.177283957644,5,5,5,15,1,Champions,176209.41827166115
1767,163,4,9966.073385953523,2,2,2,6,2,Lost Customers,39864.29354381409
1768,116,4,9957.581153029238,3,2,2,7,2,Others,39830.32461211695
1769,59,6,11966.864295125835,4,4,3,11,3,Potential Loyalists,71801.18577075501
1770,25,7,19937.660720862397,5,4,5,14,3,Champions,139563.6250460368
1771,28,4,13137.561295857695,5,2,3,10,2,Others,52550.24518343078
1772,14,7,18068.301629156038,5,4,4,13,3,Champions,126478.11140409227
1773,17,2,3460.1499858525954,5,1,1,7,2,Others,6920.299971705191
1774,77,9,13856.84429024521,3,5,3,11,3,Others,124711.59861220689
1775,207,6,20028.2204934845,2,4,5,11,3,Loyal Customers,120169.322960907
1776,202,10,21363.223499612388,2,5,5,12,1,Loyal Customers,213632.23499612388
1777,426,1,2902.029378672233,1,1,1,3,0,Lost Customers,2902.029378672233
1778,135,5,11374.64975186201,2,3,2,7,2,Others,56873.24875931005
1779,399,4,12547.312800947195,1,2,3,6,0,Lost Customers,50189.25120378878
1780,115,4,7496.493411512256,3,2,1,6,2,Others,29985.973646049024
1781,45,10,23345.121597484525,4,5,5,14,1,Champions,233451.21597484525
1782,143,3,4628.011326407583,2,1,1,4,2,Lost Customers,13884.033979222748
1783,67,5,13215.064519402145,4,3,3,10,3,Potential Loyalists,66075.32259701073
1784,58,4,7530.200146896388,4,2,1,7,2,Others,30120.800587585552
1785,146,5,9179.193763362506,2,3,2,7,2,Others,45895.96881681253
1786,35,5,9905.882554773234,4,3,2,9,2,Others,49529.41277386617
1787,57,3,8069.454108951884,4,1,1,6,2,Others,24208.362326855655
1788,58,5,15073.03382066243,4,3,4,11,3,Potential Loyalists,75365.16910331215
1789,60,8,22793.8064499435,4,5,5,14,1,Champions,182350.451599548
1790,213,8,20081.520242311883,2,5,5,12,1,Loyal Customers,160652.16193849506
1791,224,4,10239.145215229839,2,2,2,6,2,Lost Customers,40956.580860919355
1792,137,5,11078.405013500062,2,3,2,7,2,Others,55392.025067500304
1793,23,5,15729.783409048781,5,3,4,12,3,Potential Loyalists,78648.9170452439
1794,49,7,9402.898511079,4,4,2,10,3,Others,65820.289577553
1795,25,4,6211.404543256005,5,2,1,8,2,Others,24845.61817302402
1796,322,7,17076.162793096097,1,4,4,9,3,Loyal Customers,119533.13955167268
1797,362,3,14192.210104780359,1,1,3,5,0,Lost Customers,42576.63031434108
1798,126,3,9421.350186803757,3,1,2,6,2,Others,28264.05056041127
1799,45,10,26851.153487293428,4,5,5,14,1,Champions,268511.5348729343
1800,42,3,7289.65951980192,4,1,1,6,2,Others,21868.97855940576
1801,28,6,15147.771664809146,5,4,4,13,3,Champions,90886.62998885488
1802,135,5,10514.885438131336,2,3,2,7,2,Others,52574.42719065668
1803,68,9,20969.51647742214,4,5,5,14,1,Champions,188725.64829679928
1804,18,6,14004.301632935654,5,4,3,12,3,Potential Loyalists,84025.80979761393
1805,124,5,11010.389502255211,3,3,2,8,2,Others,55051.947511276056
1806,19,10,20564.323425474708,5,5,5,15,1,Champions,205643.23425474708
1807,284,4,11420.32208014274,1,2,2,5,0,Lost Customers,45681.28832057096
1808,22,6,18639.43511633425,5,4,4,13,3,Champions,111836.6106980055
1809,9,8,19380.877076022764,5,5,5,15,1,Champions,155047.0166081821
1810,210,7,14492.218775425074,2,4,3,9,3,At Risk,101445.53142797551
1811,11,3,7952.036691471818,5,1,1,7,2,Others,23856.110074415454
1812,38,8,18585.7652498366,4,5,4,13,1,Champions,148686.1219986928
1813,242,4,14257.634839565986,1,2,3,6,2,Lost Customers,57030.539358263944
1814,47,8,23847.338977023916,4,5,5,14,1,Champions,190778.71181619132
1815,234,2,4137.120150740183,1,1,1,3,2,Lost Customers,8274.240301480366
1816,78,7,19575.567279783456,3,4,5,12,3,Loyal Customers,137028.9709584842
1817,22,6,16459.874032376545,5,4,4,13,3,Champions,98759.24419425927
1818,76,4,15449.660011082819,4,2,4,10,3,Others,61798.640044331274
1819,177,3,5858.593112807952,2,1,1,4,2,Lost Customers,17575.779338423854
1820,195,6,10746.449998380125,2,4,2,8,3,Others,64478.69999028075
1821,15,7,13961.990487429146,5,4,3,12,3,Potential Loyalists,97733.93341200403
1822,30,6,15985.274047922565,5,4,4,13,3,Champions,95911.6442875354
1823,16,6,20825.83226973381,5,4,5,14,3,Champions,124954.99361840286
1824,12,6,15131.768913899252,5,4,4,13,3,Champions,90790.61348339551
1825,124,4,9707.209795436795,3,2,2,7,2,Others,38828.83918174718
1826,127,4,7472.524897940964,3,2,1,6,2,Others,29890.099591763857
1827,131,8,22081.91633801576,3,5,5,13,1,Loyal Customers,176655.33070412607
1828,43,6,18336.120815957052,4,4,4,12,3,Champions,110016.72489574231
1829,227,4,8579.3673972141,2,2,2,6,2,Lost Customers,34317.4695888564
1830,143,6,20857.849266515957,2,4,5,11,3,Loyal Customers,125147.09559909574
1831,79,4,7563.298923040491,3,2,1,6,2,Others,30253.195692161964
1832,61,9,23629.033200998412,4,5,5,14,1,Champions,212661.2988089857
1833,144,5,17173.704037331554,2,3,4,9,3,At Risk,85868.52018665777
1834,317,5,12649.399350973441,1,3,3,7,0,At Risk,63246.99675486721
1835,80,6,8088.240364299609,3,4,1,8,2,Others,48529.442185797656
1836,57,6,14291.395887398015,4,4,3,11,3,Potential Loyalists,85748.3753243881
1837,51,4,14919.808779491777,4,2,4,10,3,Others,59679.23511796711
1838,51,5,10939.713828673934,4,3,2,9,2,Others,54698.56914336967
1839,369,5,14015.287584992617,1,3,3,7,0,At Risk,70076.43792496309
1840,209,5,13299.081669821868,2,3,3,8,3,At Risk,66495.40834910933
1841,60,3,10261.188942288853,4,1,2,7,2,Others,30783.566826866558
1842,16,3,12476.38185703287,5,1,3,9,2,Others,37429.145571098605
1843,49,5,16049.313975006042,4,3,4,11,3,Potential Loyalists,80246.56987503021
1844,139,8,21415.476570144674,2,5,5,12,1,Loyal Customers,171323.8125611574
1845,106,4,13536.957694879668,3,2,3,8,2,Others,54147.83077951867
1846,7,6,13605.669322691632,5,4,3,12,3,Potential Loyalists,81634.0159361498
1847,110,7,15332.731132984463,3,4,4,11,3,Loyal Customers,107329.11793089124
1848,3,5,15660.667444024388,5,3,4,12,3,Potential Loyalists,78303.33722012193
1849,236,3,8108.506440860738,1,1,1,3,2,Lost Customers,24325.519322582215
1850,86,4,6060.088773339563,3,2,1,6,2,Others,24240.355093358252
1851,50,9,31221.320945476604,4,5,5,14,1,Champions,280991.8885092894
1852,80,6,11441.431483775534,3,4,2,9,3,Others,68648.5889026532
1853,58,5,18612.93772819142,4,3,4,11,3,Potential Loyalists,93064.6886409571
1854,99,5,13804.805723030086,3,3,3,9,3,Others,69024.02861515043
1855,9,2,6733.218829217258,5,1,1,7,2,Others,13466.437658434515
1856,779,1,3521.230495843271,1,1,1,3,0,Lost Customers,3521.230495843271
1857,101,5,10341.830372772209,3,3,2,8,2,Others,51709.15186386104
1858,305,7,13992.24286984831,1,4,3,8,3,At Risk,97945.70008893817
1859,41,6,14345.80099041185,4,4,3,11,3,Potential Loyalists,86074.8059424711
1860,2,4,10172.765373783339,5,2,2,9,2,Others,40691.061495133355
1861,188,3,12545.189109533725,2,1,3,6,2,Lost Customers,37635.56732860117
1862,669,1,4096.58465535918,1,1,1,3,0,Lost Customers,4096.58465535918
1863,60,9,22798.139267461374,4,5,5,14,1,Champions,205183.25340715237
1864,62,7,21757.369107215778,4,4,5,13,1,Champions,152301.58375051044
1865,86,3,8174.968328328416,3,1,1,5,2,Others,24524.904984985245
1866,276,5,10625.18834183485,1,3,2,6,2,Others,53125.94170917425
1867,30,7,19483.06461284594,5,4,5,14,3,Champions,136381.45228992158
1868,410,4,17745.33059961824,1,2,4,7,0,Lost Customers,70981.32239847296
1869,77,3,9721.950281051108,3,1,2,6,2,Others,29165.850843153323
1870,31,9,28044.19743916852,5,5,5,15,1,Champions,252397.7769525167
1871,114,7,13881.527074366519,3,4,3,10,3,Others,97170.68952056563
1872,27,5,13015.028411431349,5,3,3,11,3,Potential Loyalists,65075.14205715674
1873,110,4,15835.855734399094,3,2,4,9,3,Others,63343.42293759638
1874,271,9,21601.39892473261,1,5,5,11,1,Loyal Customers,194412.5903225935
1875,70,4,12036.890333780833,4,2,3,9,2,Others,48147.56133512333
1876,171,6,19373.953097280202,2,4,5,11,3,Loyal Customers,116243.71858368121
1877,111,5,16645.954286724686,3,3,4,10,3,Others,83229.77143362342
1878,144,8,21895.276164092462,2,5,5,12,1,Loyal Customers,175162.2093127397
1879,142,2,4545.118006551006,2,1,1,4,2,Lost Customers,9090.236013102012
1880,153,7,20234.967303203222,2,4,5,11,3,Loyal Customers,141644.77112242256
1881,112,5,15011.348066788869,3,3,4,10,3,Others,75056.74033394434
1882,1,3,6489.757469108153,5,1,1,7,2,Others,19469.272407324457
1883,120,3,4102.101936496808,3,1,1,5,2,Others,12306.305809490423
1884,70,3,7495.94676329274,4,1,1,6,2,Others,22487.84028987822
1885,300,6,17162.745244714377,1,4,4,9,3,Loyal Customers,102976.47146828627
1886,25,7,11536.92497693561,5,4,2,11,3,Others,80758.47483854927
1887,151,9,19000.740180756115,2,5,5,12,1,Loyal Customers,171006.66162680503
1888,25,4,10994.416414533327,5,2,2,9,2,Others,43977.66565813331
1889,6,6,12951.881804575181,5,4,3,12,3,Potential Loyalists,77711.29082745108
1890,204,7,16114.729444317933,2,4,4,10,3,Loyal Customers,112803.10611022553
1891,55,6,13939.721774667909,4,4,3,11,3,Potential Loyalists,83638.33064800745
1892,12,6,7651.056960680309,5,4,1,10,2,Others,45906.34176408185
1893,201,2,9489.972131161298,2,1,2,5,2,Lost Customers,18979.944262322595
1894,527,4,7722.023030137976,1,2,1,4,0,Lost Customers,30888.092120551904
1895,326,1,227.54465939269096,1,1,1,3,0,Lost Customers,227.54465939269096
1896,110,2,4733.541894219149,3,1,1,5,2,Others,9467.083788438298
1897,146,7,13768.868940321547,2,4,3,9,3,At Risk,96382.08258225082
1898,15,6,20107.179127223746,5,4,5,14,3,Champions,120643.07476334248
1899,162,5,9954.809649673258,2,3,2,7,2,Others,49774.04824836629
1900,75,7,25684.71011072221,4,4,5,13,1,Champions,179792.97077505547
1901,128,7,19434.469913088276,3,4,5,12,3,Loyal Customers,136041.28939161793
1902,137,2,7872.5594268614805,2,1,1,4,2,Lost Customers,15745.118853722961
1903,308,4,8007.840051491053,1,2,1,4,0,Lost Customers,32031.36020596421
1904,135,7,25132.084914594525,2,4,5,11,1,Loyal Customers,175924.59440216166
1905,23,8,22917.540305650604,5,5,5,15,1,Champions,183340.32244520483
1906,266,6,11719.88969773217,1,4,3,8,3,At Risk,70319.33818639301
1907,179,5,12337.771474413315,2,3,3,8,3,At Risk,61688.85737206657
1908,73,6,17716.53536931752,4,4,4,12,3,Champions,106299.21221590512
1909,142,8,19764.056378573197,2,5,5,12,1,Loyal Customers,158112.45102858558
1910,274,3,7368.360814537651,1,1,1,3,0,Lost Customers,22105.082443612955
1911,255,4,8050.491351284438,1,2,1,4,2,Lost Customers,32201.96540513775
1912,29,4,11202.83279896513,5,2,2,9,2,Others,44811.33119586052
1913,482,1,677.1069001914319,1,1,1,3,0,Lost Customers,677.1069001914319
1914,35,10,16525.87414144929,4,5,4,13,1,Champions,165258.7414144929
1915,38,5,16645.043246572277,4,3,4,11,3,Potential Loyalists,83225.21623286139
1916,200,7,24651.271354503377,2,4,5,11,1,Loyal Customers,172558.89948152364
1917,293,4,13612.61205634154,1,2,3,6,0,Lost Customers,54450.44822536616
1918,104,5,16780.101457232555,3,3,4,10,3,Others,83900.50728616277
1919,4,3,12137.365112910808,5,1,3,9,2,Others,36412.095338732426
1920,37,3,4623.67210894321,4,1,1,6,2,Others,13871.016326829631
1921,115,5,13760.399302959733,3,3,3,9,3,Others,68801.99651479867
1922,62,8,27444.39513487812,4,5,5,14,1,Champions,219555.16107902495
1923,219,5,11729.15595496866,2,3,3,8,2,At Risk,58645.77977484331
1924,133,2,6132.101218573013,3,1,1,5,2,Others,12264.202437146027
1925,210,4,7522.139682349456,2,2,1,5,2,Lost Customers,30088.558729397824
1926,66,7,14591.355466032255,4,4,3,11,3,Potential Loyalists,102139.48826222579
1927,193,4,8369.289325289097,2,2,2,6,2,Lost Customers,33477.15730115639
1928,403,3,7571.459146394914,1,1,1,3,0,Lost Customers,22714.37743918474
1929,315,3,4849.837998148449,1,1,1,3,0,Lost Customers,14549.513994445346
1930,288,5,11537.272439730526,1,3,2,6,0,Others,57686.362198652634
1931,39,4,5906.28932205089,4,2,1,7,2,Others,23625.15728820356
1932,78,4,8568.687644287524,3,2,2,7,2,Others,34274.750577150095
1933,22,6,16958.69826269681,5,4,4,13,3,Champions,101752.18957618086
1934,24,5,13009.847056443194,5,3,3,11,3,Potential Loyalists,65049.23528221597
1935,80,4,11793.3405945118,3,2,3,8,2,Others,47173.3623780472
1936,154,5,20454.966044842306,2,3,5,10,3,At Risk,102274.83022421153
1937,31,5,14863.634389539548,5,3,3,11,3,Potential Loyalists,74318.17194769773
1938,94,5,15983.881204816775,3,3,4,10,3,Others,79919.40602408387
1939,391,2,3331.4750890545356,1,1,1,3,0,Lost Customers,6662.950178109071
1940,324,7,15408.731080887846,1,4,4,9,3,Loyal Customers,107861.11756621493
1941,183,5,16623.433681129758,2,3,4,9,3,At Risk,83117.16840564879
1942,129,4,10640.736705150806,3,2,2,7,2,Others,42562.946820603225
1943,428,1,3009.9976181975044,1,1,1,3,0,Lost Customers,3009.9976181975044
1944,111,8,15095.778837482094,3,5,4,12,3,Loyal Customers,120766.23069985675
1945,196,3,9387.732050612336,2,1,2,5,2,Lost Customers,28163.196151837008
1946,194,3,9701.543299112343,2,1,2,5,2,Lost Customers,29104.62989733703
1947,130,8,16456.30739049539,3,5,4,12,3,Loyal Customers,131650.4591239631
1948,61,3,7049.658759001966,4,1,1,6,2,Others,21148.9762770059
1949,56,9,18339.345517096233,4,5,4,13,1,Champions,165054.1096538661
1950,27,4,15808.995629803303,5,2,4,11,3,Others,63235.98251921321
1951,465,3,9291.506457885593,1,1,2,4,0,Lost Customers,27874.519373656778
1952,2,5,14141.058286191364,5,3,3,11,3,Potential Loyalists,70705.29143095683
1953,26,6,15646.191142855552,5,4,4,13,3,Champions,93877.14685713331
1954,187,8,22970.669279438232,2,5,5,12,1,Loyal Customers,183765.35423550586
1955,61,6,17214.874781245166,4,4,4,12,3,Champions,103289.248687471
1956,68,4,9158.952482633666,4,2,2,8,2,Others,36635.80993053466
1957,41,8,21616.352880845956,4,5,5,14,1,Champions,172930.82304676765
1958,9,8,24139.821953273662,5,5,5,15,1,Champions,193118.5756261893
1959,70,6,12929.643085468131,4,4,3,11,3,Potential Loyalists,77577.85851280879
1960,12,5,11153.4200492668,5,3,2,10,2,Others,55767.100246334005
1961,69,6,19543.736542312694,4,4,5,13,3,Champions,117262.41925387617
1962,206,7,16446.634402377207,2,4,4,10,3,Loyal Customers,115126.44081664045
1963,52,4,10047.017786295319,4,2,2,8,2,Others,40188.071145181275
1964,169,4,13207.104699726951,2,2,3,7,2,Lost Customers,52828.418798907805
1965,141,6,15419.786378744151,2,4,4,10,3,Loyal Customers,92518.7182724649
1966,41,4,13132.012535914404,4,2,3,9,2,Others,52528.050143657616
1967,209,3,6208.995910579828,2,1,1,4,2,Lost Customers,18626.987731739486
1968,26,6,18040.403918367687,5,4,4,13,3,Champions,108242.42351020612
1969,48,7,19056.775255330143,4,4,5,13,3,Champions,133397.426787311
1970,96,5,13531.642165382651,3,3,3,9,3,Others,67658.21082691326
1971,28,3,4882.9782270487285,5,1,1,7,2,Others,14648.934681146186
1972,129,3,4097.934756814803,3,1,1,5,2,Others,12293.804270444409
1973,57,6,10545.706898408538,4,4,2,10,3,Others,63274.24139045123
1974,88,6,18629.178256841948,3,4,4,11,3,Loyal Customers,111775.0695410517
1975,95,6,17126.877792921216,3,4,4,11,3,Loyal Customers,102761.2667575273
1976,27,4,17927.580097614427,5,2,4,11,3,Others,71710.32039045771
1977,113,6,15362.839808987417,3,4,4,11,3,Loyal Customers,92177.0388539245
1978,36,7,20098.170318913846,4,4,5,13,3,Champions,140687.19223239692
1979,169,4,8452.86408187636,2,2,2,6,2,Lost Customers,33811.45632750544
1980,236,4,9076.055582222823,1,2,2,5,2,Lost Customers,36304.222328891294
1981,130,6,13791.798087909854,3,4,3,10,3,Others,82750.78852745912
1982,73,7,20884.108122155812,4,4,5,13,3,Champions,146188.75685509067
1983,176,4,12388.189182018343,2,2,3,7,2,Lost Customers,49552.75672807337
1984,97,4,10142.090641476127,3,2,2,7,2,Others,40568.36256590451
1985,279,2,5807.976986290238,1,1,1,3,0,Lost Customers,11615.953972580475
1986,168,6,11514.930146214872,2,4,2,8,3,Others,69089.58087728923
1987,293,3,9557.537582443625,1,1,2,4,0,Lost Customers,28672.612747330873
1988,324,7,20544.22618642417,1,4,5,10,3,Loyal Customers,143809.5833049692
1989,400,4,9893.370971754428,1,2,2,5,0,Lost Customers,39573.48388701771
1990,62,3,9127.68224876698,4,1,2,7,2,Others,27383.04674630094
1991,13,4,8541.762293811735,5,2,2,9,2,Others,34167.04917524694
1992,198,5,10948.027354579572,2,3,2,7,2,Others,54740.13677289786
1993,304,7,20738.074409573026,1,4,5,10,3,Loyal Customers,145166.5208670112
1994,5,11,23879.322994659222,5,5,5,15,1,Champions,262672.55294125143
1995,50,7,20267.60090012003,4,4,5,13,3,Champions,141873.2063008402
1996,34,6,13470.436727671087,5,4,3,12,3,Potential Loyalists,80822.62036602653
1997,17,5,18105.78459562865,5,3,4,12,3,Potential Loyalists,90528.92297814325
1998,164,5,8734.905968162513,2,3,2,7,2,Others,43674.52984081257
1999,299,5,11830.220587858481,1,3,3,7,0,At Risk,59151.1029392924
2000,10,5,13829.260443231124,5,3,3,11,3,Potential Loyalists,69146.30221615561
2001,111,5,15610.032109144417,3,3,4,10,3,Others,78050.16054572209
2002,698,1,197.10938354363088,1,1,1,3,0,Lost Customers,197.10938354363088
2003,198,4,7239.696962419634,2,2,1,5,2,Lost Customers,28958.787849678534
2004,395,6,10811.37673281748,1,4,2,7,0,Others,64868.26039690488
2005,157,6,18112.809623138637,2,4,4,10,3,Loyal Customers,108676.85773883182
2006,9,7,26668.59405575085,5,4,5,14,1,Champions,186680.15839025597
2007,29,6,17622.20503607169,5,4,4,13,3,Champions,105733.23021643014
2008,55,3,9984.533523671233,4,1,2,7,2,Others,29953.600571013696
2009,111,8,17766.500560686873,3,5,4,12,3,Loyal Customers,142132.00448549498
2010,35,4,9050.170232627926,4,2,2,8,2,Others,36200.680930511706
2011,48,6,15569.96765396211,4,4,4,12,3,Champions,93419.80592377266
2012,48,4,6870.531015263715,4,2,1,7,2,Others,27482.12406105486
2013,131,6,9744.808219829172,3,4,2,9,3,Others,58468.84931897503
2014,252,8,25022.90653547191,1,5,5,11,1,Loyal Customers,200183.25228377528
2015,78,5,13893.628399985582,3,3,3,9,3,Others,69468.14199992792
2016,19,6,15773.114762870146,5,4,4,13,3,Champions,94638.68857722088
2017,350,4,11008.12735636637,1,2,2,5,0,Lost Customers,44032.50942546548
2018,299,4,9925.108931796785,1,2,2,5,0,Lost Customers,39700.43572718714
2019,236,4,13534.566438553225,1,2,3,6,2,Lost Customers,54138.2657542129
2020,5,5,11113.645636734436,5,3,2,10,2,Others,55568.22818367218
2021,8,5,14550.99904149734,5,3,3,11,3,Potential Loyalists,72754.9952074867
2022,57,7,17727.53788180998,4,4,4,12,3,Champions,124092.76517266987
2023,315,5,8651.409794963882,1,3,2,6,0,Others,43257.04897481941
2024,180,8,27397.567108788186,2,5,5,12,1,Loyal Customers,219180.53687030548
2025,52,9,16990.962418197258,4,5,4,13,1,Champions,152918.6617637753
2026,78,6,10306.463431463986,3,4,2,9,3,Others,61838.78058878392
2027,12,3,7073.586904420166,5,1,1,7,2,Others,21220.760713260497
2028,38,12,23177.148420007205,4,5,5,14,1,Champions,278125.78104008647
2029,145,4,12650.731387734544,2,2,3,7,2,Lost Customers,50602.92555093818
2030,462,5,12962.627050584997,1,3,3,7,0,At Risk,64813.135252924985
2031,101,6,14730.927171187672,3,4,3,10,3,Others,88385.56302712603
2032,148,8,18136.607030586805,2,5,4,11,3,Loyal Customers,145092.85624469444
2033,514,3,9614.796309347852,1,1,2,4,0,Lost Customers,28844.388928043554
2034,295,1,2907.491519131832,1,1,1,3,0,Lost Customers,2907.491519131832
2035,456,3,8290.870021374001,1,1,2,4,0,Lost Customers,24872.610064122004
2036,165,4,10645.43984058997,2,2,2,6,2,Lost Customers,42581.75936235988
2037,593,1,3626.60567890125,1,1,1,3,0,Lost Customers,3626.60567890125
2038,6,5,17484.36205352223,5,3,4,12,3,Potential Loyalists,87421.81026761114
2039,383,4,12054.184057224575,1,2,3,6,0,Lost Customers,48216.7362288983
2040,33,4,10802.157452843081,5,2,2,9,2,Others,43208.629811372324
2041,50,6,11817.18151054825,4,4,3,11,3,Potential Loyalists,70903.08906328949
2042,131,8,22152.415563746254,3,5,5,13,1,Loyal Customers,177219.32450997003
2043,38,4,11923.049701049398,4,2,3,9,2,Others,47692.19880419759
2044,184,9,18616.45232422317,2,5,4,11,1,Loyal Customers,167548.07091800854
2045,76,8,26559.24953085868,4,5,5,14,1,Champions,212473.99624686944
2046,166,6,15116.354426439397,2,4,4,10,3,Loyal Customers,90698.12655863637
2047,409,1,4434.434276262559,1,1,1,3,0,Lost Customers,4434.434276262559
2048,33,7,17832.340063579526,5,4,4,13,3,Champions,124826.38044505668
2049,511,4,11657.492908741318,1,2,3,6,0,Lost Customers,46629.97163496527
2050,329,4,8726.76293019553,1,2,2,5,0,Lost Customers,34907.05172078212
2051,270,8,17154.01445621787,1,5,4,10,3,Loyal Customers,137232.11564974295
2052,222,6,12624.902474007959,2,4,3,9,3,At Risk,75749.41484404774
2053,68,10,31533.480377306016,4,5,5,14,1,Champions,315334.80377306015
2054,269,8,18406.22191670723,1,5,4,10,3,Loyal Customers,147249.77533365783
2055,707,3,8516.64282850656,1,1,2,4,0,Lost Customers,25549.92848551968
2056,417,5,11731.952876968862,1,3,3,7,0,At Risk,58659.76438484431
2057,200,3,4961.966542929608,2,1,1,4,2,Lost Customers,14885.899628788826
2058,203,4,3661.494905605257,2,2,1,5,2,Lost Customers,14645.979622421028
2059,145,8,27075.678706153005,2,5,5,12,1,Loyal Customers,216605.42964922404
2060,30,4,9879.835222038902,5,2,2,9,2,Others,39519.34088815561
2061,193,4,14221.616380041065,2,2,3,7,2,Lost Customers,56886.46552016426
2062,83,6,19255.503965938387,3,4,5,12,3,Loyal Customers,115533.02379563032
2063,2,9,27008.367783038924,5,5,5,15,1,Champions,243075.31004735033
2064,148,8,18715.167517075148,2,5,4,11,1,Loyal Customers,149721.34013660118
2065,83,2,9294.611467176586,3,1,2,6,2,Others,18589.222934353173
2066,33,4,11589.875560910785,5,2,3,10,2,Others,46359.50224364314
2067,55,4,10129.118588431296,4,2,2,8,2,Others,40516.474353725185
2068,60,9,24029.345275520278,4,5,5,14,1,Champions,216264.1074796825
2069,96,2,3825.2383244821312,3,1,1,5,2,Others,7650.4766489642625
2070,37,7,11820.113084751947,4,4,3,11,3,Potential Loyalists,82740.79159326362
2071,106,8,20544.20539400838,3,5,5,13,1,Loyal Customers,164353.64315206703
2072,83,6,15877.879241995455,3,4,4,11,3,Loyal Customers,95267.27545197273
2073,680,2,3353.683416091804,1,1,1,3,0,Lost Customers,6707.366832183608
2074,401,7,18597.30264942283,1,4,4,9,3,Loyal Customers,130181.1185459598
2075,50,8,19043.408103767295,4,5,5,14,1,Champions,152347.26483013836
2076,21,1,4444.767413158949,5,1,1,7,2,Others,4444.767413158949
2077,196,4,7929.106934960731,2,2,1,5,2,Lost Customers,31716.427739842926
2079,119,7,25515.12451265088,3,4,5,12,1,Loyal Customers,178605.87158855615
2080,46,4,8662.325619794748,4,2,2,8,2,Others,34649.302479178994
2081,61,7,18124.812015243795,4,4,4,12,3,Champions,126873.68410670657
2082,105,6,14843.532090392153,3,4,3,10,3,Others,89061.19254235292
2083,23,5,9185.786327501759,5,3,2,10,2,Others,45928.931637508795
2084,272,5,7277.830840721001,1,3,1,5,2,Others,36389.154203605
2085,73,7,13517.045879316138,4,4,3,11,3,Potential Loyalists,94619.32115521297
2086,14,6,14676.230854717971,5,4,3,12,3,Potential Loyalists,88057.38512830783
2087,88,5,11814.341858944777,3,3,3,9,3,Others,59071.709294723885
2088,27,4,12500.591209690927,5,2,3,10,2,Others,50002.36483876371
2089,385,3,5726.91131335098,1,1,1,3,0,Lost Customers,17180.733940052938
2090,51,9,26938.55241848879,4,5,5,14,1,Champions,242446.9717663991
2091,52,7,17924.464794454194,4,5,4,13,3,Champions,125471.25356117936
2092,178,5,10752.730865625055,2,3,2,7,2,Others,53763.654328125274
2093,207,8,23961.069842604713,2,5,5,12,1,Loyal Customers,191688.5587408377
2094,73,8,24346.306366351986,4,5,5,14,1,Champions,194770.4509308159
2095,12,4,11453.27693099992,5,2,2,9,2,Others,45813.10772399968
2096,98,9,25248.993204061535,3,5,5,13,1,Loyal Customers,227240.9388365538
2097,264,6,18891.60976795869,1,4,4,9,3,Loyal Customers,113349.65860775214
2098,52,7,16298.309826920049,4,5,4,13,3,Champions,114088.16878844035
2099,208,5,19047.686671962452,2,3,5,10,3,At Risk,95238.43335981226
2100,17,6,12784.168279800077,5,4,3,12,3,Potential Loyalists,76705.00967880046
2101,70,4,12527.62426133226,4,2,3,9,2,Others,50110.49704532904
2102,32,5,8193.57714579863,5,3,1,9,2,Others,40967.88572899315
2103,14,5,13567.478301785213,5,3,3,11,3,Potential Loyalists,67837.39150892607
2104,40,4,8750.941479837868,4,2,2,8,2,Others,35003.76591935147
2105,147,4,15306.418556773748,2,2,4,8,3,Lost Customers,61225.67422709499
2106,137,6,8735.150878403885,2,4,2,8,2,Others,52410.90527042331
2107,168,5,10102.889266589507,2,3,2,7,2,Others,50514.44633294754
2108,13,8,22080.505737343596,5,5,5,15,1,Champions,176644.04589874877
2109,121,11,34850.27636518787,3,5,5,13,1,Loyal Customers,383353.0400170666
2110,157,5,15954.659899864344,2,3,4,9,3,At Risk,79773.29949932171
2111,219,3,12401.355035485056,2,1,3,6,2,Lost Customers,37204.065106455164
2112,32,5,8465.465130794897,5,3,2,10,2,Others,42327.32565397448
2113,245,3,11153.451093305326,1,1,2,4,2,Lost Customers,33460.35327991598
2114,107,6,16026.482080073725,3,4,4,11,3,Loyal Customers,96158.89248044236
2115,73,4,6745.2159761818275,4,2,1,7,2,Others,26980.86390472731
2116,492,4,14315.743533829442,1,2,3,6,0,Lost Customers,57262.97413531777
2118,156,7,15730.469452547793,2,5,4,11,3,Loyal Customers,110113.28616783455
2119,111,6,12532.124264987,3,4,3,10,3,Others,75192.74558992201
2120,19,4,6342.713815215748,5,2,1,8,2,Others,25370.85526086299
2121,204,5,9710.444005002497,2,3,2,7,2,Others,48552.22002501249
2122,212,3,8953.553016896925,2,1,2,5,2,Lost Customers,26860.659050690774
2123,383,1,4426.066442924151,1,1,1,3,0,Lost Customers,4426.066442924151
2124,44,5,8939.87492100204,4,3,2,9,2,Others,44699.3746050102
2125,24,5,14172.89028143087,5,3,3,11,3,Potential Loyalists,70864.45140715435
2126,240,7,18302.06011794869,1,5,4,10,3,Loyal Customers,128114.42082564085
2127,82,3,5414.127758943348,3,1,1,5,2,Others,16242.383276830045
2128,239,4,6758.513293539696,1,2,1,4,2,Lost Customers,27034.053174158784
2129,68,4,15257.75155306733,4,2,4,10,3,Others,61031.00621226932
2130,91,7,12169.48374674423,3,5,3,11,3,Others,85186.38622720962
2131,88,8,22940.08666420859,3,5,5,13,1,Loyal Customers,183520.69331366871
2132,51,4,11369.400608520162,4,2,2,8,2,Others,45477.60243408065
2133,31,6,14300.968673680462,5,4,3,12,3,Potential Loyalists,85805.81204208278
2134,347,4,11326.997071489603,1,2,2,5,0,Lost Customers,45307.98828595841
2135,552,2,3320.5992421351557,1,1,1,3,0,Lost Customers,6641.198484270311
2136,31,8,21936.963115892933,5,5,5,15,1,Champions,175495.70492714347
2137,94,4,9827.336953447295,3,2,2,7,2,Others,39309.34781378918
2138,31,9,26214.791248216214,5,5,5,15,1,Champions,235933.12123394592
2139,9,7,21880.336996754922,5,5,5,15,1,Champions,153162.35897728446
2140,53,4,10928.912107907152,4,2,2,8,2,Others,43715.64843162861
2141,18,7,16047.779723882997,5,5,4,14,3,Champions,112334.45806718098
2142,32,6,13426.701767408125,5,4,3,12,3,Potential Loyalists,80560.21060444874
2143,101,10,21716.962059661215,3,5,5,13,1,Loyal Customers,217169.62059661216
2144,83,6,17492.451534399937,3,4,4,11,3,Loyal Customers,104954.70920639962
2145,91,6,16225.132633911988,3,4,4,11,3,Loyal Customers,97350.79580347193
2146,282,5,9483.694451983283,1,3,2,6,0,Others,47418.472259916416
2147,252,7,20761.603453651544,1,5,5,11,3,Loyal Customers,145331.2241755608
2148,96,3,9331.637863073116,3,1,2,6,2,Others,27994.913589219348
2149,141,7,20153.04936502256,2,5,5,12,3,Loyal Customers,141071.34555515792
2150,635,1,2908.5040660584964,1,1,1,3,0,Lost Customers,2908.5040660584964
2151,43,7,17238.778644055383,4,5,4,13,3,Champions,120671.45050838767
2152,532,2,1300.6468414224855,1,1,1,3,0,Lost Customers,2601.293682844971
2153,49,10,22161.401905519328,4,5,5,14,1,Champions,221614.0190551933
2154,99,3,6299.231241119861,3,1,1,5,2,Others,18897.69372335958
2155,85,6,16596.527615672923,3,4,4,11,3,Loyal Customers,99579.16569403754
2156,215,9,20223.68972915519,2,5,5,12,1,Loyal Customers,182013.2075623967
2157,40,6,17020.84309479645,4,4,4,12,3,Champions,102125.05856877871
2158,115,2,5937.586502361715,3,1,1,5,2,Others,11875.17300472343
2159,205,4,14948.062083627401,2,2,4,8,3,Lost Customers,59792.248334509604
2160,65,3,7215.433518033956,4,1,1,6,2,Others,21646.30055410187
2161,220,5,18740.681635248387,2,3,4,9,3,At Risk,93703.40817624194
2162,6,11,26574.385680312327,5,5,5,15,1,Champions,292318.2424834356
2163,125,7,26565.035464747638,3,5,5,13,1,Loyal Customers,185955.24825323347
2164,199,6,13070.52903583062,2,4,3,9,3,At Risk,78423.17421498371
2165,72,4,8070.54428019535,4,2,1,7,2,Others,32282.1771207814
2166,300,3,3601.0454911636316,1,1,1,3,0,Lost Customers,10803.136473490895
2167,72,7,21508.670189837423,4,5,5,14,1,Champions,150560.69132886195
2168,191,2,2960.6092499237516,2,1,1,4,2,Lost Customers,5921.218499847503
2169,163,10,24037.040055970836,2,5,5,12,1,Loyal Customers,240370.40055970836
2170,177,4,12074.21995042967,2,2,3,7,2,Lost Customers,48296.87980171868
2171,17,6,17297.7324116123,5,4,4,13,3,Champions,103786.3944696738
2172,11,8,27153.121321337127,5,5,5,15,1,Champions,217224.970570697
2173,101,10,28382.23609085967,3,5,5,13,1,Loyal Customers,283822.3609085967
2174,148,4,13273.35966187032,2,2,3,7,2,Lost Customers,53093.43864748128
2175,9,4,12508.679243342165,5,2,3,10,2,Others,50034.71697336866
2176,121,6,15295.789044145064,3,4,4,11,3,Loyal Customers,91774.73426487038
2177,68,8,21061.308648517515,4,5,5,14,1,Champions,168490.46918814012
2178,61,4,5847.281084021812,4,2,1,7,2,Others,23389.124336087247
2179,49,7,20072.793577701555,4,5,5,14,3,Champions,140509.5550439109
2180,198,5,7780.12455034304,2,3,1,6,2,Others,38900.6227517152
2181,120,5,12712.467536884498,3,3,3,9,3,Others,63562.33768442249
2182,91,6,17951.622430848245,3,4,4,11,3,Loyal Customers,107709.73458508946
2183,56,3,7554.542772188584,4,1,1,6,2,Others,22663.62831656575
2184,84,9,20394.617956744783,3,5,5,13,1,Loyal Customers,183551.56161070307
2185,141,4,14165.4133406612,2,2,3,7,2,Lost Customers,56661.6533626448
2186,8,9,21096.428089319787,5,5,5,15,1,Champions,189867.85280387808
2187,24,4,9475.019577938234,5,2,2,9,2,Others,37900.078311752935
2188,395,3,10931.236844248982,1,1,2,4,0,Lost Customers,32793.71053274695
2189,69,6,11123.493814201604,4,4,2,10,3,Others,66740.96288520962
2190,44,5,12471.564188098433,4,3,3,10,3,Potential Loyalists,62357.820940492165
2191,4,7,13851.016729640141,5,5,3,13,3,Potential Loyalists,96957.117107481
2192,399,4,12563.00868360662,1,2,3,6,0,Lost Customers,50252.03473442648
2193,85,6,19633.99307744466,3,4,5,12,3,Loyal Customers,117803.95846466796
2194,178,4,10862.245037855544,2,2,2,6,2,Lost Customers,43448.980151422176
2195,108,4,7149.6015398923055,3,2,1,6,2,Others,28598.406159569222
2196,183,7,14099.769804714695,2,5,3,10,3,At Risk,98698.38863300286
2197,111,5,8034.317961694342,3,3,1,7,2,Others,40171.589808471705
2198,76,3,6500.308576506858,4,1,1,6,2,Others,19500.925729520575
2199,232,4,8332.547211737889,1,2,2,5,2,Lost Customers,33330.188846951554
2200,93,4,10027.900027308235,3,2,2,7,2,Others,40111.60010923294
2201,4,5,16159.951205109912,5,3,4,12,3,Potential Loyalists,80799.75602554956
2202,55,7,14976.071236847132,4,5,4,13,3,Champions,104832.49865792993
2203,289,9,26910.990411905215,1,5,5,11,1,Loyal Customers,242198.91370714694
2204,67,6,13194.904413858778,4,4,3,11,3,Potential Loyalists,79169.42648315267
2205,67,4,11193.05554104989,4,2,2,8,2,Others,44772.22216419956
2206,71,6,17932.919839978902,4,4,4,12,3,Champions,107597.51903987341
2207,5,5,18404.1728008527,5,3,4,12,3,Potential Loyalists,92020.8640042635
2208,99,7,14928.500874978341,3,5,4,12,3,Loyal Customers,104499.50612484838
2209,82,7,14085.124265611094,3,5,3,11,3,Others,98595.86985927765
2210,211,4,9656.41754509266,2,2,2,6,2,Lost Customers,38625.67018037064
2211,27,5,10608.499483122449,5,3,2,10,2,Others,53042.49741561224
2212,91,10,29424.012632864076,3,5,5,13,1,Loyal Customers,294240.12632864073
2213,814,1,3352.3724796743327,1,1,1,3,0,Lost Customers,3352.3724796743327
2214,134,6,10982.524877728738,3,4,2,9,3,Others,65895.14926637243
2215,13,6,16952.356834963844,5,4,4,13,3,Champions,101714.14100978307
2216,97,6,11333.96293787449,3,4,2,9,3,Others,68003.77762724695
2217,46,8,21540.193629896832,4,5,5,14,1,Champions,172321.54903917466
2218,75,4,12929.276970251998,4,2,3,9,2,Others,51717.10788100799
2219,4,3,5147.507515827888,5,1,1,7,2,Others,15442.522547483662
2220,70,10,30993.816829714182,4,5,5,14,1,Champions,309938.1682971418
2221,13,3,8947.11498754695,5,1,2,8,2,Others,26841.344962640847
2222,186,8,19390.336023969794,2,5,5,12,1,Loyal Customers,155122.68819175835
2223,140,4,8386.45780638975,2,2,2,6,2,Lost Customers,33545.831225559
2224,65,7,23850.88651247802,4,5,5,14,1,Champions,166956.20558734614
2225,296,5,13358.018546997522,1,3,3,7,3,At Risk,66790.09273498761
2226,83,7,23321.80940876249,3,5,5,13,1,Loyal Customers,163252.66586133742
2227,79,6,18314.79021359255,3,4,4,11,3,Loyal Customers,109888.7412815553
2228,83,1,4582.264579058862,3,1,1,5,2,Others,4582.264579058862
2229,185,5,17206.180165032354,2,3,4,9,3,At Risk,86030.90082516178
2230,162,6,18128.93019562904,2,4,4,10,3,Loyal Customers,108773.58117377423
2231,19,7,24565.098451849924,5,5,5,15,1,Champions,171955.68916294948
2232,230,5,10823.434875060548,1,3,2,6,2,Others,54117.17437530274
2233,68,6,17324.133102881253,4,4,4,12,3,Champions,103944.79861728751
2234,320,8,18134.302220654485,1,5,4,10,3,Loyal Customers,145074.41776523588
2235,158,5,10678.42609315569,2,3,2,7,2,Others,53392.13046577845
2236,9,2,3674.5394949674737,5,1,1,7,2,Others,7349.0789899349475
2237,154,7,15152.90685045271,2,5,4,11,3,Loyal Customers,106070.34795316897
2238,43,6,5258.479518247927,4,4,1,9,2,Others,31550.877109487563
2239,69,6,18874.137329643883,4,4,4,12,3,Champions,113244.8239778633
2240,19,2,4876.468108543757,5,1,1,7,2,Others,9752.936217087514
2241,49,7,20062.30617627801,4,5,5,14,3,Champions,140436.14323394606
2242,406,4,9737.01550861891,1,2,2,5,0,Lost Customers,38948.06203447564
2243,19,5,15178.213404234208,5,3,4,12,3,Potential Loyalists,75891.06702117104
2244,126,3,8406.217825342284,3,1,2,6,2,Others,25218.653476026855
2245,56,9,17830.586333511656,4,5,4,13,1,Champions,160475.2770016049
2246,4,7,22818.844048123516,5,5,5,15,1,Champions,159731.9083368646
2247,106,4,13135.697115047116,3,2,3,8,2,Others,52542.788460188465
2248,95,5,6323.182738961598,3,3,1,7,2,Others,31615.91369480799
2249,289,4,10372.762859236687,1,2,2,5,0,Lost Customers,41491.05143694675
2250,46,14,40046.575597810195,4,5,5,14,1,Champions,560652.0583693427
2251,21,6,14890.705417027697,5,4,4,13,3,Champions,89344.23250216618
2252,192,7,22016.609602534245,2,5,5,12,1,Loyal Customers,154116.26721773972
2253,205,4,11008.296524687747,2,2,2,6,2,Lost Customers,44033.186098750986
2254,49,6,19770.60535736733,4,4,5,13,3,Champions,118623.63214420399
2255,36,7,15637.326155341625,4,5,4,13,3,Champions,109461.28308739138
2256,72,4,6694.343187350922,4,2,1,7,2,Others,26777.372749403687
2257,78,3,8062.923633056869,3,1,1,5,2,Others,24188.77089917061
2258,13,6,14084.581381393742,5,4,3,12,3,Potential Loyalists,84507.48828836245
2259,92,6,17928.24297323707,3,4,4,11,3,Loyal Customers,107569.45783942242
2260,163,5,14193.217196965521,2,3,3,8,3,At Risk,70966.0859848276
2261,276,6,13372.708905374779,1,4,3,8,3,At Risk,80236.25343224868
2262,311,1,4033.154573230004,1,1,1,3,0,Lost Customers,4033.154573230004
2263,16,2,8409.800556964885,5,1,2,8,2,Others,16819.60111392977
2264,10,5,11992.18327982821,5,3,3,11,3,Potential Loyalists,59960.91639914105
2265,45,4,8378.37671580189,4,2,2,8,2,Others,33513.50686320756
2266,408,3,8320.23829702998,1,1,2,4,0,Lost Customers,24960.71489108994
2267,74,3,5420.8427996097225,4,1,1,6,2,Others,16262.528398829167
2268,286,8,24699.033403662965,1,5,5,11,1,Loyal Customers,197592.26722930372
2269,13,8,23989.267634383792,5,5,5,15,1,Champions,191914.14107507034
2270,56,5,11764.430360009099,4,3,3,10,3,Potential Loyalists,58822.151800045496
2271,83,8,27072.064294966156,3,5,5,13,1,Loyal Customers,216576.51435972925
2272,212,2,8313.786305370706,2,1,2,5,2,Lost Customers,16627.572610741412
2273,39,9,24601.60469816011,4,5,5,14,1,Champions,221414.442283441
2274,148,8,23196.97344224026,2,5,5,12,1,Loyal Customers,185575.7875379221
2275,390,5,16713.64197523684,1,3,4,8,0,At Risk,83568.20987618419
2276,135,3,7648.633384065726,2,1,1,4,2,Lost Customers,22945.90015219718
2277,90,8,15682.298801715937,3,5,4,12,3,Loyal Customers,125458.3904137275
2278,75,8,21415.758487303287,4,5,5,14,1,Champions,171326.0678984263
2279,17,9,29174.61675140684,5,5,5,15,1,Champions,262571.55076266156
2280,36,6,12764.46386321183,4,4,3,11,3,Potential Loyalists,76586.78317927098
2281,124,6,9233.234189700435,3,4,2,9,3,Others,55399.40513820261
2282,26,4,7373.684392412867,5,2,1,8,2,Others,29494.73756965147
2283,23,5,20855.258832625022,5,3,5,13,3,Potential Loyalists,104276.29416312512
2284,131,7,18933.442447019508,3,5,4,12,3,Loyal Customers,132534.09712913656
2285,55,5,12482.413401110221,4,3,3,10,3,Potential Loyalists,62412.06700555111
2286,124,10,18288.978739842834,3,5,4,12,1,Loyal Customers,182889.78739842834
2287,62,3,6975.497895635904,4,1,1,6,2,Others,20926.49368690771
2288,40,7,21144.312452647326,4,5,5,14,1,Champions,148010.1871685313
2289,129,7,19071.197467164206,3,5,5,13,3,Loyal Customers,133498.38227014945
2290,8,5,17119.114388141865,5,3,4,12,3,Potential Loyalists,85595.57194070933
2291,202,2,5996.0285224036,2,1,1,4,2,Lost Customers,11992.0570448072
2292,23,3,4920.924233203013,5,1,1,7,2,Others,14762.772699609039
2293,644,2,4418.151208755308,1,1,1,3,0,Lost Customers,8836.302417510617
2294,212,6,9973.797828713956,2,4,2,8,3,Others,59842.786972283735
2295,67,4,11248.729966065908,4,2,2,8,2,Others,44994.91986426363
2296,312,8,27019.595984643507,1,5,5,11,1,Loyal Customers,216156.76787714806
2297,589,2,5310.206641241919,1,1,1,3,0,Lost Customers,10620.413282483838
2298,31,4,7554.767957572848,5,2,1,8,2,Others,30219.071830291392
2299,30,5,16700.273745739312,5,3,4,12,3,Potential Loyalists,83501.36872869656
2300,310,2,3956.613831234988,1,1,1,3,0,Lost Customers,7913.227662469976
2301,62,5,17496.924565433615,4,3,4,11,3,Potential Loyalists,87484.62282716807
2302,271,7,17401.41359468117,1,5,4,10,3,Loyal Customers,121809.89516276818
2303,84,9,21822.67727018123,3,5,5,13,1,Loyal Customers,196404.09543163108
2304,665,4,7099.4864331877325,1,2,1,4,0,Lost Customers,28397.94573275093
2306,42,3,10608.97879857001,4,1,2,7,2,Others,31826.93639571003
2307,154,11,23289.56130498229,2,5,5,12,1,Loyal Customers,256185.17435480517
2308,436,7,16386.06910064563,1,5,4,10,0,Loyal Customers,114702.4837045194
2309,90,6,17152.512754794036,3,4,4,11,3,Loyal Customers,102915.07652876421
2310,95,1,3624.1196621833137,3,1,1,5,2,Others,3624.1196621833137
2311,158,5,14088.394141329869,2,3,3,8,3,At Risk,70441.97070664934
2312,172,7,15330.598464831342,2,5,4,11,3,Loyal Customers,107314.1892538194
2313,160,6,12709.109559740982,2,4,3,9,3,At Risk,76254.6573584459
2314,25,5,17674.259829630697,5,3,4,12,3,Potential Loyalists,88371.29914815348
2315,230,4,12272.46213248989,1,2,3,6,2,Lost Customers,49089.84852995956
2316,396,3,9011.849128600868,1,1,2,4,0,Lost Customers,27035.547385802605
2317,550,4,11660.690196757781,1,2,3,6,0,Lost Customers,46642.760787031126
2318,30,6,14676.887922104208,5,4,3,12,3,Potential Loyalists,88061.32753262525
2319,56,8,17731.41899240239,4,5,4,13,3,Champions,141851.3519392191
2320,25,7,18995.519755461133,5,5,4,14,3,Champions,132968.63828822793
2321,97,2,3617.069193268875,3,1,1,5,2,Others,7234.13838653775
2322,64,8,27537.63828781217,4,5,5,14,1,Champions,220301.10630249736
2323,73,7,11177.149253888983,4,5,2,11,3,Others,78240.04477722288
2324,83,8,25789.0967158715,3,5,5,13,1,Loyal Customers,206312.773726972
2325,461,3,12866.329034342678,1,1,3,5,0,Lost Customers,38598.987103028034
2326,89,5,13232.591540326603,3,3,3,9,3,Others,66162.95770163301
2327,32,6,18085.26107923894,5,4,4,13,3,Champions,108511.56647543363
2328,99,6,21187.265016440215,3,4,5,12,3,Loyal Customers,127123.59009864129
2329,38,7,17439.747084557777,4,5,4,13,3,Champions,122078.22959190444
2330,96,3,10527.210659335,3,1,2,6,2,Others,31581.631978005
2331,217,3,10159.588046573246,2,1,2,5,2,Lost Customers,30478.764139719737
2332,139,5,11683.824309653199,2,3,3,8,2,At Risk,58419.12154826599
2333,37,5,8447.673284287355,4,3,2,9,2,Others,42238.366421436775
2334,411,2,8631.056903202389,1,1,2,4,0,Lost Customers,17262.113806404777
2335,71,5,9715.336341880862,4,3,2,9,2,Others,48576.68170940431
2336,41,7,17945.9530437333,4,5,4,13,3,Champions,125621.67130613311
2337,152,4,6302.078485089474,2,2,1,5,2,Lost Customers,25208.313940357897
2338,119,7,21958.036322543292,3,5,5,13,1,Loyal Customers,153706.25425780306
2339,120,3,7921.963713426107,3,1,1,5,2,Others,23765.89114027832
2340,62,8,23084.511968373004,4,5,5,14,1,Champions,184676.09574698404
2341,275,5,7889.644842908088,1,3,1,5,2,Others,39448.224214540445
2342,82,4,12284.108327286078,3,2,3,8,2,Others,49136.43330914431
2343,8,13,19090.984283702663,5,5,5,15,1,Champions,248182.79568813462
2344,120,9,18631.120131640608,3,5,4,12,1,Loyal Customers,167680.08118476547
2345,34,8,21718.616729491107,5,5,5,15,1,Champions,173748.93383592885
2346,155,5,13109.376793891402,2,3,3,8,3,At Risk,65546.883969457
2347,224,5,11886.086392288922,2,3,3,8,3,At Risk,59430.431961444614
2348,176,8,23654.512214257757,2,5,5,12,1,Loyal Customers,189236.09771406205
2349,122,7,18768.470646988233,3,5,4,12,3,Loyal Customers,131379.29452891764
2350,132,6,15697.125804069241,3,4,4,11,3,Loyal Customers,94182.75482441545
2351,150,9,22298.92482697223,2,5,5,12,1,Loyal Customers,200690.3234427501
2352,253,5,11920.258177313552,1,3,3,7,3,At Risk,59601.29088656776
2353,92,6,17504.112458815383,3,4,4,11,3,Loyal Customers,105024.6747528923
2354,73,5,13023.580655471247,4,3,3,10,3,Potential Loyalists,65117.903277356236
2355,471,3,6138.718348714066,1,1,1,3,0,Lost Customers,18416.1550461422
2356,30,5,12803.44117039203,5,3,3,11,3,Potential Loyalists,64017.205851960156
2357,103,4,13903.019536816217,3,2,3,8,2,Others,55612.07814726487
2358,230,9,27703.696214199408,1,5,5,11,1,Loyal Customers,249333.26592779468
2359,159,7,12972.99909045649,2,5,3,10,3,At Risk,90810.99363319542
2360,152,5,13458.900857610053,2,3,3,8,3,At Risk,67294.50428805026
2361,44,6,13272.253820456148,4,4,3,11,3,Potential Loyalists,79633.52292273688
2362,57,2,4442.247582769626,4,1,1,6,2,Others,8884.495165539252
2363,24,6,16625.679460629202,5,4,4,13,3,Champions,99754.07676377521
2364,39,4,12750.960007186914,4,2,3,9,2,Others,51003.840028747654
2365,100,4,13155.763946802359,3,2,3,8,2,Others,52623.055787209436
2366,85,6,11479.237610735745,3,4,2,9,3,Others,68875.42566441448
2367,555,5,14868.445052488638,1,3,4,8,0,At Risk,74342.22526244319
2368,174,5,13825.87184923289,2,3,3,8,3,At Risk,69129.35924616444
2369,109,9,18769.022136446467,3,5,4,12,1,Loyal Customers,168921.1992280182
2370,253,3,7856.342378102678,1,1,1,3,2,Lost Customers,23569.02713430803
2371,62,6,11732.996365643923,4,4,3,11,3,Potential Loyalists,70397.97819386354
2372,694,1,2730.7228297476363,1,1,1,3,0,Lost Customers,2730.7228297476363
2373,100,5,10512.264146282492,3,3,2,8,2,Others,52561.32073141246
2374,207,4,7401.4055354692955,2,2,1,5,2,Lost Customers,29605.622141877182
2375,10,3,6937.739638440141,5,1,1,7,2,Others,20813.218915320424
2376,174,4,10610.70249262165,2,2,2,6,2,Lost Customers,42442.8099704866
2377,234,4,13955.507638913145,1,2,3,6,2,Lost Customers,55822.03055565258
2378,80,4,8588.704540375376,3,2,2,7,2,Others,34354.818161501506
2379,61,4,10365.2153411932,4,2,2,8,2,Others,41460.8613647728
2380,175,5,12008.25143868748,2,3,3,8,3,At Risk,60041.2571934374
2381,91,7,19104.47699392509,3,5,5,13,3,Loyal Customers,133731.33895747564
2382,282,5,11953.882266687679,1,3,3,7,3,At Risk,59769.411333438395
2383,12,6,17674.730690062683,5,4,4,13,3,Champions,106048.38414037609
2384,301,2,4840.737406140013,1,1,1,3,0,Lost Customers,9681.474812280027
2385,175,7,17107.503678163175,2,5,4,11,3,Loyal Customers,119752.52574714222
2386,85,5,10276.728002853852,3,3,2,8,2,Others,51383.64001426926
2387,474,2,5814.161377307402,1,1,1,3,0,Lost Customers,11628.322754614805
2388,254,10,30715.497031442254,1,5,5,11,1,Loyal Customers,307154.9703144225
2389,39,6,15133.907627981167,4,4,4,12,3,Champions,90803.445767887
2390,43,4,8865.478209051496,4,2,2,8,2,Others,35461.912836205986
2391,176,3,4846.538714665006,2,1,1,4,2,Lost Customers,14539.61614399502
2392,147,6,14000.015339021249,2,4,3,9,3,At Risk,84000.09203412749
2393,238,1,2783.76492380648,1,1,1,3,2,Lost Customers,2783.76492380648
2394,80,5,13265.595194451776,3,3,3,9,3,Others,66327.97597225888
2395,43,7,13610.710524830794,4,5,3,12,3,Potential Loyalists,95274.97367381556
2396,112,2,4985.066321727136,3,1,1,5,2,Others,9970.132643454272
2397,144,6,12671.775946589038,2,4,3,9,3,At Risk,76030.65567953422
2398,59,4,13319.121432412245,4,2,3,9,2,Others,53276.48572964898
2399,31,9,28523.0715397796,5,5,5,15,1,Champions,256707.6438580164
2400,175,3,12264.69664307635,2,1,3,6,2,Lost Customers,36794.08992922905
2401,181,3,5837.247962418607,2,1,1,4,2,Lost Customers,17511.74388725582
2402,88,8,20665.050490438127,3,5,5,13,1,Loyal Customers,165320.40392350501
2403,156,4,9092.29529572228,2,2,2,6,2,Lost Customers,36369.18118288912
2404,117,3,7109.596050711378,3,1,1,5,2,Others,21328.788152134133
2405,85,6,8030.901565413474,3,4,1,8,2,Others,48185.40939248084
2406,18,5,13592.399860105756,5,3,3,11,3,Potential Loyalists,67961.99930052878
2407,99,5,12879.644690154366,3,3,3,9,3,Others,64398.22345077183
2408,32,8,23878.185831423307,5,5,5,15,1,Champions,191025.48665138645
2409,112,9,18497.024196122697,3,5,4,12,1,Loyal Customers,166473.21776510426
2410,415,3,9107.37094323206,1,1,2,4,0,Lost Customers,27322.112829696176
2411,72,7,17319.054040588366,4,5,4,13,3,Champions,121233.37828411856
2412,176,6,10433.058191947182,2,4,2,8,3,Others,62598.3491516831
2413,18,8,26487.463201610226,5,5,5,15,1,Champions,211899.7056128818
2414,4,7,14460.192525126098,5,5,3,13,3,Potential Loyalists,101221.34767588269
2415,190,5,9901.07806904028,2,3,2,7,2,Others,49505.390345201406
2416,200,6,14790.574807054123,2,4,3,9,3,At Risk,88743.44884232474
2417,64,11,25978.817151180647,4,5,5,14,1,Champions,285766.98866298713
2418,148,6,14255.692795084187,2,4,3,9,3,At Risk,85534.15677050513
2419,105,5,15592.408869848228,3,3,4,10,3,Others,77962.04434924114
2420,49,4,14245.704655740097,4,2,3,9,2,Others,56982.81862296039
2421,214,3,8768.571628721007,2,1,2,5,2,Lost Customers,26305.71488616302
2422,24,4,9368.406935956427,5,2,2,9,2,Others,37473.62774382571
2423,3,6,16117.879069739014,5,4,4,13,3,Champions,96707.27441843408
2424,17,5,15900.264562862074,5,3,4,12,3,Potential Loyalists,79501.32281431038
2425,55,6,15942.602166361838,4,4,4,12,3,Champions,95655.61299817103
2426,145,5,14245.22831748651,2,3,3,8,3,At Risk,71226.14158743255
2427,2,6,16897.36197060325,5,4,4,13,3,Champions,101384.17182361952
2428,178,5,16781.399716072112,2,3,4,9,3,At Risk,83906.99858036055
2429,59,6,14087.90769872327,4,4,3,11,3,Potential Loyalists,84527.44619233962
2430,52,5,14297.019204188582,4,3,3,10,3,Potential Loyalists,71485.0960209429
2431,6,5,13484.548631433348,5,3,3,11,3,Potential Loyalists,67422.74315716674
2432,167,5,14395.64621728365,2,3,3,8,3,At Risk,71978.23108641825
2433,38,7,17158.87083302758,4,5,4,13,3,Champions,120112.09583119306
2434,26,6,19353.874697211784,5,4,5,14,3,Champions,116123.24818327071
2435,20,9,28349.350867823414,5,5,5,15,1,Champions,255144.15781041072
2436,245,9,30488.962260058317,1,5,5,11,1,Loyal Customers,274400.66034052486
2437,142,3,11414.336636951124,2,2,2,6,2,Lost Customers,34243.009910853376
2438,18,4,8289.14350660071,5,2,2,9,2,Others,33156.57402640284
2439,146,5,15383.50256261868,2,3,4,9,3,At Risk,76917.5128130934
2440,5,9,23548.39120363587,5,5,5,15,1,Champions,211935.52083272283
2441,402,5,10218.024924045696,1,3,2,6,0,Others,51090.12462022848
2442,186,3,5924.963691892875,2,2,1,5,2,Lost Customers,17774.891075678628
2443,172,2,5308.143597666259,2,1,1,4,2,Lost Customers,10616.287195332518
2444,54,7,20071.667614854327,4,5,5,14,3,Champions,140501.6733039803
2445,97,5,11066.063955595007,3,3,2,8,2,Others,55330.31977797503
2446,177,8,27741.663237296878,2,5,5,12,1,Loyal Customers,221933.30589837502
2447,12,7,13261.11118047037,5,5,3,13,3,Potential Loyalists,92827.7782632926
2448,673,1,2652.288791576733,1,1,1,3,0,Lost Customers,2652.288791576733
2449,214,4,5633.076525239258,2,2,1,5,2,Lost Customers,22532.306100957034
2450,38,4,11372.525574525818,4,2,2,8,2,Others,45490.10229810327
2451,4,10,29422.246681753146,5,5,5,15,1,Champions,294222.46681753144
2452,372,4,4628.818154512683,1,2,1,4,0,Lost Customers,18515.27261805073
2453,498,2,6003.215860117,1,1,1,3,0,Lost Customers,12006.431720234
2454,316,4,10828.199216953322,1,2,2,5,0,Lost Customers,43312.79686781329
2455,2,5,8758.28561501354,5,3,2,10,2,Others,43791.4280750677
2456,407,6,15277.006721104779,1,4,4,9,0,Loyal Customers,91662.04032662867
2457,102,13,25907.00189907782,3,5,5,13,1,Loyal Customers,336791.0246880116
2458,60,5,11429.672998545604,4,3,2,9,2,Others,57148.36499272802
2459,72,4,11334.088615768778,4,2,2,8,2,Others,45336.35446307511
2460,83,8,21732.32963814339,3,5,5,13,1,Loyal Customers,173858.63710514712
2461,247,5,11130.917246830895,1,3,2,6,2,Others,55654.58623415448
2462,288,5,17480.789151392026,1,3,4,8,3,At Risk,87403.94575696014
2463,292,8,24104.44398746329,1,5,5,11,1,Loyal Customers,192835.55189970633
2464,136,4,12192.828895017603,2,2,3,7,2,Lost Customers,48771.31558007041
2465,140,5,13095.41716884367,2,3,3,8,3,At Risk,65477.08584421835
2466,745,3,6364.385610011131,1,2,1,4,0,Lost Customers,19093.156830033393
2467,240,4,11346.6960918754,1,2,2,5,2,Lost Customers,45386.7843675016
2468,36,7,10794.78136430198,4,5,2,11,3,Others,75563.46955011386
2469,22,7,21694.78605668059,5,5,5,15,1,Champions,151863.50239676412
2470,229,4,10944.243209204438,1,2,2,5,2,Lost Customers,43776.97283681775
2471,293,6,22107.05106857326,1,4,5,10,3,Loyal Customers,132642.30641143955
2472,213,6,17128.84135334887,2,4,4,10,3,Loyal Customers,102773.04812009323
2473,393,1,3953.972325535846,1,1,1,3,0,Lost Customers,3953.972325535846
2474,183,9,23100.130617419083,2,5,5,12,1,Loyal Customers,207901.17555677175
2475,305,3,6345.311061585123,1,2,1,4,0,Lost Customers,19035.93318475537
2476,55,6,19809.148996174576,4,4,5,13,3,Champions,118854.89397704745
2477,79,2,4917.340802219074,3,1,1,5,2,Others,9834.681604438148
2478,6,10,26434.449632225216,5,5,5,15,1,Champions,264344.49632225215
2479,237,6,14510.322512421537,1,4,3,8,3,At Risk,87061.93507452922
2480,148,3,7267.30875801588,2,2,1,5,2,Lost Customers,21801.92627404764
2481,131,6,13622.035554823931,3,4,3,10,3,Others,81732.21332894359
2482,91,7,18708.08713568134,3,5,4,12,3,Loyal Customers,130956.60994976938
2483,116,3,11685.159826701321,3,2,3,8,2,Others,35055.47948010397
2484,97,7,13485.243419148956,3,5,3,11,3,Others,94396.70393404269
2485,241,3,8871.746563872612,1,2,2,5,2,Lost Customers,26615.239691617833
2486,2,7,12063.529554328505,5,5,3,13,3,Potential Loyalists,84444.70688029953
2487,389,5,15034.918547880538,1,3,4,8,0,At Risk,75174.5927394027
2488,74,7,18512.900333067162,4,5,4,13,3,Champions,129590.30233147013
2489,153,4,7614.188440759881,2,2,1,5,2,Lost Customers,30456.753763039524
2490,79,7,14233.81072774143,3,5,3,11,3,Others,99636.67509419001
2491,3,9,21622.960661389036,5,5,5,15,1,Champions,194606.64595250133
2492,453,2,6422.003963984326,1,1,1,3,0,Lost Customers,12844.007927968652
2493,33,6,12940.91974349951,5,4,3,12,3,Potential Loyalists,77645.51846099706
2494,119,8,23072.40016037766,3,5,5,13,1,Loyal Customers,184579.20128302128
2495,239,8,18280.975199506473,1,5,4,10,3,Loyal Customers,146247.80159605178
2496,20,5,18741.02247007103,5,3,4,12,3,Potential Loyalists,93705.11235035516
2497,44,6,15593.433052014698,4,4,4,12,3,Champions,93560.59831208819
2498,7,8,17135.834453052914,5,5,4,14,3,Champions,137086.6756244233
2499,9,5,16883.206967496077,5,3,4,12,3,Potential Loyalists,84416.03483748039
