Transaction_ID,Customer_ID,Transaction_Date,Amount
TXN_000001,1727,2023-03-07,3881.092733131275
TXN_000002,1135,2023-05-15,3782.361688342326
TXN_000003,1517,2024-03-08,1419.790171661695
TXN_000004,1758,2022-03-17,3522.8963239615464
TXN_000005,1323,2022-10-24,3330.6741142024343
TXN_000006,2220,2022-12-28,1563.6587363660706
TXN_000007,1110,2022-07-02,3646.5342689694116
TXN_000008,2138,2022-02-28,4660.19647804996
TXN_000009,1723,2023-07-06,1595.573118837948
TXN_000010,1487,2023-07-11,4902.404882713232
TXN_000011,1364,2023-02-10,1199.0052859928103
TXN_000012,1766,2023-06-11,759.7443797405311
TXN_000013,1831,2024-01-02,477.54670665357804
TXN_000014,2333,2024-02-24,1147.0484450842266
TXN_000015,1112,2022-07-06,1778.3069285821946
TXN_000016,2293,2022-01-25,3692.481710936506
TXN_000017,1319,2022-10-26,452.8537947481803
TXN_000018,1174,2022-07-11,2585.599292027402
TXN_000019,2042,2023-11-22,2641.839134485425
TXN_000020,2226,2023-07-27,1216.9208772259208
TXN_000021,1125,2022-05-11,322.73762859932464
TXN_000022,1994,2024-01-31,1203.0832082189454
TXN_000023,2490,2023-11-07,1228.9086208512908
TXN_000024,1253,2023-05-19,3471.316388394948
TXN_000025,1928,2022-07-26,1245.5193476843588
TXN_000026,1766,2022-08-26,1767.2945445391886
TXN_000027,1291,2022-07-11,332.4068090829028
TXN_000028,2175,2022-01-28,3157.3353769657383
TXN_000029,1198,2022-04-17,2423.3044045557467
TXN_000030,2222,2022-08-11,1790.350403686228
TXN_000031,1686,2023-01-15,3544.113689406029
TXN_000032,2476,2023-03-05,3442.3973027961465
TXN_000033,1781,2022-03-25,1706.7450653969665
TXN_000034,1940,2023-05-13,3576.0974908677063
TXN_000035,2203,2022-08-25,1806.2285575533592
TXN_000036,1217,2022-05-29,1187.796444320371
TXN_000037,1629,2024-03-05,3627.1662718574553
TXN_000038,1817,2023-09-04,3667.326102374893
TXN_000039,1832,2022-02-04,4342.257998298565
TXN_000040,2343,2022-04-07,2554.6268317156378
TXN_000041,1022,2022-08-21,1238.656965865395
TXN_000042,1636,2023-02-11,4200.795643082678
TXN_000043,2107,2023-06-09,955.8680380267966
TXN_000044,1710,2024-01-28,4699.206579180131
TXN_000045,2349,2023-05-04,1602.602302482967
TXN_000046,1698,2023-02-08,191.9385384787126
TXN_000047,1328,2024-02-13,1015.1549765345331
TXN_000048,2353,2022-08-11,2132.480007020328
TXN_000049,1710,2023-02-07,370.42758845447474
TXN_000050,1472,2023-03-27,2106.6527900786814
TXN_000051,1477,2023-08-09,1094.1222037074408
TXN_000052,2258,2024-02-17,192.87622612768484
TXN_000053,1921,2022-07-03,1565.1317407831955
TXN_000054,1555,2022-10-04,1208.8923175820726
TXN_000055,1587,2023-07-22,2156.8226616649217
TXN_000056,1693,2023-07-23,3819.1750827460255
TXN_000057,1118,2023-01-21,2597.9001950173924
TXN_000058,2063,2023-05-08,3863.5198005422344
TXN_000059,1259,2022-10-22,1749.72819518002
TXN_000060,1948,2022-03-02,164.6045071639
TXN_000061,1755,2023-11-16,4618.648382644619
TXN_000062,1005,2023-09-14,1642.1010822309447
TXN_000063,1310,2022-05-26,2681.700423316467
TXN_000064,1065,2023-06-10,2399.152015839053
TXN_000065,2397,2022-07-02,2957.1169025442605
TXN_000066,1730,2022-11-11,4436.32410689948
TXN_000067,2169,2023-10-21,4349.4980629440415
TXN_000068,2257,2024-01-14,4907.048111038126
TXN_000069,1028,2024-03-19,2689.0094036203136
TXN_000070,1659,2023-10-14,4620.074548522831
TXN_000071,1899,2023-10-22,2464.0061543367237
TXN_000072,1903,2022-02-05,317.5788122746058
TXN_000073,2493,2024-02-28,816.3548514317475
TXN_000074,1360,2022-02-25,1736.5317582766725
TXN_000075,1961,2022-02-10,3654.7425229311652
TXN_000076,2378,2023-01-18,498.720361775889
TXN_000077,1025,2022-06-18,1871.6046745262233
TXN_000078,2313,2022-06-20,4913.569129863405
TXN_000079,1070,2023-09-10,3949.8338437552216
TXN_000080,2112,2024-01-09,2902.7790451552255
TXN_000081,1176,2023-04-01,402.674240685775
TXN_000082,1026,2023-08-21,171.63267206694104
TXN_000083,2312,2023-05-06,615.7163556766645
TXN_000084,1839,2022-10-21,1702.9372409495231
TXN_000085,1816,2023-10-20,3071.3273951952187
TXN_000086,1574,2022-09-21,1067.6528113745826
TXN_000087,1999,2022-09-04,350.64026387832536
TXN_000088,1530,2022-05-28,545.1567830759262
TXN_000089,2457,2023-03-17,2191.295264021506
TXN_000090,1492,2022-12-28,3888.3223705279956
TXN_000091,1277,2022-08-10,4123.328998021911
TXN_000092,1998,2023-10-20,1526.156838488453
TXN_000093,2369,2022-04-18,3350.8470170439073
TXN_000094,2261,2022-08-03,2024.2780724163345
TXN_000095,2160,2024-01-27,4865.3122471318375
TXN_000096,2186,2022-05-10,2084.3085005023813
TXN_000097,1838,2023-07-30,2039.9277892764474
TXN_000098,1846,2022-10-27,2557.681305393875
TXN_000099,1899,2023-03-11,224.96239704631654
TXN_000100,1292,2022-12-28,2147.8485711264875
TXN_000101,2051,2022-08-12,4160.6692703168865
TXN_000102,1255,2023-07-31,3099.201872035095
TXN_000103,1904,2023-05-02,4850.163279192952
TXN_000104,1664,2023-07-31,1695.5521563124237
TXN_000105,1264,2023-01-09,891.4690089996542
TXN_000106,1400,2023-11-25,3777.824243259629
TXN_000107,1459,2022-04-18,313.91925885523295
TXN_000108,1776,2022-12-17,881.8237773202454
TXN_000109,2156,2023-02-27,2584.0536818215946
TXN_000110,2020,2023-01-27,3792.339438544711
TXN_000111,2214,2023-09-15,3044.7529211585384
TXN_000112,2147,2022-03-17,4974.973585030235
TXN_000113,2454,2022-09-07,3309.207985240484
TXN_000114,2241,2022-08-29,3652.3399790546478
TXN_000115,1402,2022-08-14,4970.188380793971
TXN_000116,1994,2024-03-27,3003.0663783032037
TXN_000117,2345,2023-04-18,3601.6299803520883
TXN_000118,1300,2023-11-07,1561.8051817929702
TXN_000119,2094,2022-09-20,2730.102034820224
TXN_000120,1213,2022-01-15,4568.566794475524
TXN_000121,1873,2022-12-07,4281.277575486826
TXN_000122,1373,2023-10-27,1600.8107845998131
TXN_000123,2359,2023-05-11,1850.3676610293903
TXN_000124,2194,2023-03-17,4247.230687087293
TXN_000125,1343,2023-07-04,1494.9021665477653
TXN_000126,2479,2022-02-06,4449.3280445073115
TXN_000127,1861,2023-09-26,3891.4702692808783
TXN_000128,2433,2024-02-23,846.5467633680995
TXN_000129,1300,2024-02-08,3626.848402474368
TXN_000130,2314,2022-06-24,4188.201787596769
TXN_000131,1748,2023-03-12,807.2794856088723
TXN_000132,1436,2022-10-20,2341.009144314888
TXN_000133,1101,2022-10-28,4326.878002032041
TXN_000134,1009,2023-10-16,1073.3850385737787
TXN_000135,2064,2023-11-05,2300.5368080721983
TXN_000136,1369,2022-12-05,3102.5740300401353
TXN_000137,1125,2022-01-23,576.5365611055477
TXN_000138,1784,2022-12-16,1139.0733620720498
TXN_000139,1382,2022-03-07,2386.9788458398666
TXN_000140,1326,2023-01-30,1931.0386445689953
TXN_000141,1449,2023-03-09,1691.4023562327482
TXN_000142,1522,2023-07-24,229.19830841460896
TXN_000143,2009,2022-01-29,4646.881360775691
TXN_000144,1941,2022-03-24,4369.971725502594
TXN_000145,1982,2023-04-21,2023.835448777126
TXN_000146,1272,2023-03-11,988.737241007996
TXN_000147,1501,2023-10-03,438.3242594995202
TXN_000148,2250,2022-05-13,703.6206138947845
TXN_000149,2250,2022-04-25,3049.9102954900973
TXN_000150,1865,2022-02-03,3696.194254396457
TXN_000151,1340,2023-09-29,866.4676964191391
TXN_000152,1271,2022-03-19,652.6732911880346
TXN_000153,1394,2022-10-02,3486.2864801286078
TXN_000154,2147,2022-12-10,2633.4094549650567
TXN_000155,1909,2023-11-11,1921.9998859044656
TXN_000156,1194,2022-03-22,3652.3974044614233
TXN_000157,2196,2023-08-30,2332.81760081682
TXN_000158,2226,2023-12-22,2379.0959996641122
TXN_000159,2056,2022-03-13,177.13217031754886
TXN_000160,1210,2022-05-25,1648.4452520387586
TXN_000161,1812,2022-02-07,124.66971685953108
TXN_000162,1693,2023-04-19,4626.8518333818865
TXN_000163,1752,2022-06-20,1540.301545662358
TXN_000164,2000,2022-02-09,984.5484453313003
TXN_000165,2074,2022-06-22,545.3967565687817
TXN_000166,1891,2023-02-28,328.51640014891393
TXN_000167,2430,2022-07-18,4441.44465431497
TXN_000168,1540,2022-08-10,925.7129353852545
TXN_000169,1517,2023-08-25,3125.675789540552
TXN_000170,1934,2024-03-08,3290.9687349034616
TXN_000171,1132,2023-11-06,1655.9677867006255
TXN_000172,1095,2023-03-26,4182.906203414337
TXN_000173,1423,2023-03-04,1148.7482644980892
TXN_000174,1857,2023-03-24,450.14402782420837
TXN_000175,1973,2023-10-07,435.855516714128
TXN_000176,1081,2023-03-08,1572.0914519459839
TXN_000177,1788,2022-11-18,2369.907808427917
TXN_000178,1314,2024-03-05,3183.8797297822116
TXN_000179,1915,2022-06-01,3670.6706691838217
TXN_000180,2303,2022-02-14,975.5856558098689
TXN_000181,2109,2022-11-20,3451.2228616208304
TXN_000182,1365,2023-02-16,994.4462559409153
TXN_000183,1365,2022-09-18,4986.24589224878
TXN_000184,2116,2022-08-07,4799.433442865807
TXN_000185,1070,2023-09-12,601.7967009319104
TXN_000186,1325,2022-02-16,3310.0884516941296
TXN_000187,2349,2023-10-07,4526.007775363836
TXN_000188,1843,2024-02-12,495.44191019081734
TXN_000189,2214,2023-11-19,707.5094525474985
TXN_000190,1213,2023-09-25,1800.288248174936
TXN_000191,2070,2022-10-30,569.0696633325447
TXN_000192,1088,2022-07-09,4439.401547038049
TXN_000193,1995,2024-02-11,4390.169733404469
TXN_000194,2250,2023-11-20,4748.692145503105
TXN_000195,2420,2023-07-31,1104.4611978204762
TXN_000196,1216,2022-12-02,322.22084333600606
TXN_000197,1300,2022-08-08,2278.677084849342
TXN_000198,2439,2023-10-22,4414.711101918915
TXN_000199,1925,2023-09-04,3228.3893164302413
TXN_000200,1852,2022-04-29,4991.754001396344
TXN_000201,1893,2023-09-13,4537.864842576559
TXN_000202,1169,2022-03-23,2024.4771294076525
TXN_000203,2388,2022-01-13,293.7120658469784
TXN_000204,2255,2023-04-23,125.33939043337537
TXN_000205,1619,2022-10-26,3256.6101296397946
TXN_000206,2351,2022-04-02,4587.253057498685
TXN_000207,2256,2024-01-20,2276.727922769013
TXN_000208,1681,2023-11-27,4384.0311632542525
TXN_000209,1642,2023-11-21,2877.030286199637
TXN_000210,1036,2023-12-23,580.2964210936924
TXN_000211,1770,2022-10-03,4011.745293767781
TXN_000212,2425,2022-10-31,2513.710765346842
TXN_000213,2010,2024-02-26,350.21312709934955
TXN_000214,1635,2022-09-30,4091.5574834837703
TXN_000215,1425,2023-02-16,3812.505948441189
TXN_000216,1407,2022-02-05,2340.7075663782557
TXN_000217,1774,2023-02-26,195.37476042019932
TXN_000218,1864,2023-04-23,1799.9899518924246
TXN_000219,1216,2023-05-17,2231.25895184063
TXN_000220,1169,2022-12-04,910.0429165201967
TXN_000221,1609,2023-08-05,888.4336891739636
TXN_000222,1357,2023-09-20,918.2059721209006
TXN_000223,1185,2023-02-14,1915.827695630794
TXN_000224,1724,2023-04-08,4105.96578044592
TXN_000225,1869,2023-05-28,3820.851597554736
TXN_000226,1823,2022-03-22,149.56054365845552
TXN_000227,1678,2023-04-24,147.2488102536636
TXN_000228,2184,2023-01-21,480.71251854668424
TXN_000229,1283,2023-02-24,2386.250752194371
TXN_000230,1183,2023-03-16,4455.5228101134135
TXN_000231,1141,2022-02-04,993.0598716198377
TXN_000232,1230,2024-03-05,2436.2997176803738
TXN_000233,2491,2023-05-16,299.6626403474156
TXN_000234,1387,2023-12-08,199.59960446617401
TXN_000235,1734,2022-07-03,136.66329415882524
TXN_000236,1157,2023-07-12,3709.7365259393023
TXN_000237,2341,2022-05-28,216.74208080926945
TXN_000238,2208,2022-09-21,1441.6962973692052
TXN_000239,2444,2023-08-28,3260.73494251425
TXN_000240,2206,2023-05-04,3131.3893962181332
TXN_000241,1576,2023-09-18,370.2093263254548
TXN_000242,2075,2022-10-09,1357.6670489009177
TXN_000243,2026,2023-09-07,3232.6787230568993
TXN_000244,1076,2022-07-21,2022.0042562492065
TXN_000245,1581,2023-07-28,2382.5317458590953
TXN_000246,1607,2023-08-29,1114.720023147457
TXN_000247,2039,2023-02-21,285.0113788618537
TXN_000248,1229,2022-11-13,1791.4938504044112
TXN_000249,1903,2022-08-16,3446.6214373637736
TXN_000250,1916,2022-03-09,3855.9945118450737
TXN_000251,1888,2024-03-07,3003.396606379537
TXN_000252,2290,2024-03-24,2026.684624774538
TXN_000253,2329,2023-04-25,2957.3654075506875
TXN_000254,2029,2023-11-08,3554.444471897983
TXN_000255,2133,2022-04-11,3800.831615217621
TXN_000256,1142,2022-08-31,562.9805248502516
TXN_000257,1206,2022-03-31,4034.620313865055
TXN_000258,1428,2023-08-23,411.0341971264372
TXN_000259,1165,2022-05-07,4365.241548829567
TXN_000260,1259,2023-09-11,2021.9801363965423
TXN_000261,1393,2023-02-03,2779.9192491507483
TXN_000262,1120,2022-10-29,1520.9142281597303
TXN_000263,1949,2023-05-09,2190.6535340157807
TXN_000264,1412,2024-01-26,4241.449443437355
TXN_000265,2163,2023-11-28,1548.9119818675376
TXN_000266,1167,2024-02-15,2864.483191533661
TXN_000267,2107,2023-02-25,3270.687649697079
TXN_000268,1420,2023-09-05,817.4001834933533
TXN_000269,1787,2024-02-04,3911.298819067052
TXN_000270,1267,2022-05-22,4995.4310476675555
TXN_000271,1037,2022-09-10,859.8013930820767
TXN_000272,1925,2022-03-14,3862.6338776179223
TXN_000273,2326,2022-08-02,820.6581579720141
TXN_000274,1337,2023-01-14,4756.255640413021
TXN_000275,1329,2022-10-26,2113.8293800167726
TXN_000276,1198,2023-01-14,4901.593103208206
TXN_000277,1809,2023-05-07,432.7971519054351
TXN_000278,1004,2023-11-15,3975.807590407227
TXN_000279,2455,2022-10-31,2419.5526867989824
TXN_000280,1988,2023-05-13,1518.5207624997272
TXN_000281,2394,2024-01-12,3764.651614876005
TXN_000282,1894,2022-08-25,3213.1108713043045
TXN_000283,1102,2022-08-18,4524.136082083839
TXN_000284,1434,2022-01-07,1319.167476747741
TXN_000285,1649,2023-12-08,4704.752355004762
TXN_000286,1380,2022-09-13,3245.154264698365
TXN_000287,1065,2022-06-20,2307.126910369499
TXN_000288,1578,2023-07-06,360.34343232213365
TXN_000289,1269,2022-10-15,3849.3630341894154
TXN_000290,1046,2024-01-10,4306.16799711204
TXN_000291,1915,2022-08-22,4066.964596661612
TXN_000292,1364,2023-11-26,3704.7638618280657
TXN_000293,2203,2023-05-08,4850.114738233617
TXN_000294,1067,2022-07-30,4260.603695613493
TXN_000295,2138,2023-01-02,4646.607215771753
TXN_000296,2049,2022-08-17,3679.3461980171173
TXN_000297,1206,2022-12-11,4119.015080880277
TXN_000298,1072,2024-02-06,1516.875253879401
TXN_000299,2282,2022-03-18,3377.6059342003514
TXN_000300,2409,2023-04-05,1107.1400537842392
TXN_000301,1029,2022-09-22,439.425332523296
TXN_000302,2444,2023-05-19,2938.3563497960777
TXN_000303,2026,2024-01-14,3936.2539711919644
TXN_000304,1520,2023-10-11,505.5131145691917
TXN_000305,1887,2023-07-30,988.2803468576301
TXN_000306,1400,2022-09-02,555.5401760607622
TXN_000307,1653,2023-03-05,3207.472031408001
TXN_000308,1949,2022-04-01,489.56018904456255
TXN_000309,1847,2023-03-21,557.1483173283698
TXN_000310,2297,2022-08-21,1394.4198586564632
TXN_000311,2495,2023-03-30,1424.1508366102
TXN_000312,1934,2022-12-15,2831.767762435655
TXN_000313,2395,2022-04-04,257.713163416687
TXN_000314,1430,2023-02-26,3115.1890147730833
TXN_000315,1538,2023-12-16,2117.370013963616
TXN_000316,2371,2023-05-05,975.7861550251667
TXN_000317,1070,2023-11-17,3301.3968403007725
TXN_000318,1255,2022-05-04,1715.4024144585144
TXN_000319,2126,2023-08-05,4154.698179765081
TXN_000320,1146,2023-09-07,4948.219192477664
TXN_000321,1901,2022-08-21,3917.2415333339004
TXN_000322,1669,2022-03-05,3740.6510293193473
TXN_000323,1139,2023-08-30,1840.2519247475302
TXN_000324,1654,2022-06-12,2719.567884395727
TXN_000325,1620,2024-02-19,358.1385276910318
TXN_000326,2446,2022-10-31,3663.9426483109482
TXN_000327,1870,2022-11-15,3407.697464222402
TXN_000328,1063,2023-11-16,1419.8248437043246
TXN_000329,2294,2022-01-06,2717.2685119234843
TXN_000330,1867,2022-10-28,3428.63790324726
TXN_000331,1834,2022-04-11,1902.6809958917163
TXN_000332,1512,2023-02-20,3655.479583870006
TXN_000333,2030,2022-12-26,4003.8916986838453
TXN_000334,2416,2022-05-11,1195.3299376696573
TXN_000335,2024,2023-01-21,1576.1451979724313
TXN_000336,2284,2022-01-20,2067.6583119173774
TXN_000337,1046,2023-12-24,1254.8229053222499
TXN_000338,1867,2022-10-22,3900.47700164522
TXN_000339,1777,2023-01-31,2902.029378672233
TXN_000340,2025,2023-03-21,1962.5039026270972
TXN_000341,1534,2022-10-19,178.7031514231051
TXN_000342,1358,2023-05-05,1696.768580012917
TXN_000343,2445,2022-12-14,4198.859676030241
TXN_000344,1814,2022-09-22,3743.206582810127
TXN_000345,1595,2024-02-04,430.1575040653079
TXN_000346,1203,2022-02-13,4027.0822372606985
TXN_000347,1970,2022-03-16,977.3681685040054
TXN_000348,1226,2022-02-22,4936.563066959998
TXN_000349,1947,2022-10-13,4355.879786372615
TXN_000350,1816,2022-03-07,4574.976480344207
TXN_000351,1150,2022-02-07,3870.306938920739
TXN_000352,2270,2024-02-05,3582.8063498337415
TXN_000353,1016,2024-03-16,1297.7428612074712
TXN_000354,1303,2023-02-21,2973.352234269285
TXN_000355,2220,2023-12-12,3512.4817839854636
TXN_000356,2469,2024-01-18,1511.6229393990482
TXN_000357,2364,2023-04-14,2051.7091955550322
TXN_000358,1780,2022-02-24,4740.546459835627
TXN_000359,2084,2022-04-26,2098.991760344693
TXN_000360,1266,2023-08-20,1645.3643070922403
TXN_000361,2120,2022-10-06,625.3412504763238
TXN_000362,2306,2023-03-30,1772.5726680866571
TXN_000363,2270,2022-05-22,3099.500816137224
TXN_000364,1034,2023-08-31,823.8872718572466
TXN_000365,1785,2022-02-18,3065.903777604845
TXN_000366,2492,2023-01-04,3731.858322304399
TXN_000367,1067,2023-01-05,3864.395452871459
TXN_000368,1188,2022-10-28,4925.5620290407805
TXN_000369,1040,2023-12-18,2229.3520115461947
TXN_000370,1607,2022-12-18,258.91992909821795
TXN_000371,1682,2022-07-14,4287.980298161016
TXN_000372,1944,2022-11-01,509.2199746448303
TXN_000373,1906,2022-09-07,4322.120311657271
TXN_000374,2090,2022-09-15,4915.232152431988
TXN_000375,1946,2023-03-26,4543.432795459315
TXN_000376,2331,2022-02-28,4823.651434320083
TXN_000377,2142,2022-08-09,214.3460641559966
TXN_000378,1852,2023-07-26,155.71213545670992
TXN_000379,2209,2023-06-18,1130.4591100908317
TXN_000380,1973,2022-12-28,4013.690256478374
TXN_000381,2093,2022-02-22,538.1318023622447
TXN_000382,2010,2024-02-26,3757.939316364203
TXN_000383,1756,2023-07-15,161.54429263321197
TXN_000384,2006,2023-06-13,3682.3865947587096
TXN_000385,2307,2023-05-13,1325.339275360974
TXN_000386,1547,2023-10-01,2258.1503919289466
TXN_000387,2371,2022-06-04,4884.876534493657
TXN_000388,1914,2024-02-26,2803.502147687275
TXN_000389,2218,2024-01-17,465.65594214137406
TXN_000390,1483,2023-05-05,4378.345176179612
TXN_000391,1587,2024-03-08,1685.9698701531631
TXN_000392,2303,2022-03-19,2968.231416808866
TXN_000393,2371,2022-06-23,3587.6827827280085
TXN_000394,2121,2023-09-10,3909.8147007997463
TXN_000395,1281,2022-11-16,2219.2273220398047
TXN_000396,1629,2022-02-01,3888.129213489636
TXN_000397,1418,2022-10-19,672.7820609269365
TXN_000398,1222,2023-06-06,2675.7773212097627
TXN_000399,2275,2022-11-11,207.2387577705105
TXN_000400,1079,2023-09-06,2090.7282717688386
TXN_000401,1825,2023-09-22,1887.354980025474
TXN_000402,1681,2023-10-31,4892.849821684286
TXN_000403,1412,2022-09-24,2049.458201050043
TXN_000404,2416,2023-02-26,4544.751651477121
TXN_000405,1333,2022-09-02,2232.968980000067
TXN_000406,1888,2023-08-14,2713.6002443402776
TXN_000407,2351,2023-11-03,1818.5090156441606
TXN_000408,2025,2022-04-01,3236.076164588274
TXN_000409,2226,2023-03-12,3721.6895173592784
TXN_000410,1257,2023-10-03,3976.1941724326266
TXN_000411,1762,2023-05-04,3500.303774267263
TXN_000412,2390,2022-01-14,1716.743032611534
TXN_000413,2169,2022-10-13,1719.919808785773
TXN_000414,1836,2023-11-02,1804.748326068005
TXN_000415,2401,2023-10-03,285.37388526077706
TXN_000416,2464,2023-11-17,4720.95464941845
TXN_000417,1454,2023-02-02,1059.053641162374
TXN_000418,2430,2023-11-17,880.1227702207985
TXN_000419,1018,2023-03-03,2806.5369004230865
TXN_000420,1953,2022-12-27,332.3360698480625
TXN_000421,1978,2022-02-12,4205.432253475784
TXN_000422,1432,2022-10-21,4393.38271434377
TXN_000423,2452,2022-12-11,2049.2682509205215
TXN_000424,1251,2024-03-22,4859.951497575474
TXN_000425,1795,2023-09-13,1688.8606215696263
TXN_000426,1906,2022-08-30,1375.1570104388481
TXN_000427,1648,2022-02-24,4949.477044741945
TXN_000428,1909,2023-07-21,1326.495379767212
TXN_000429,1737,2023-12-29,2276.8369696890773
TXN_000430,1220,2023-03-18,3098.153196187487
TXN_000431,1112,2022-04-17,1680.3976119692215
TXN_000432,2172,2022-11-09,1982.6628347257936
TXN_000433,1559,2022-07-03,3631.719068797041
TXN_000434,2081,2022-05-10,3642.8230060264345
TXN_000435,1196,2023-05-14,4037.7305913256055
TXN_000436,2041,2023-09-28,3009.1385287708517
TXN_000437,1779,2023-02-22,1244.26689928479
TXN_000438,1214,2022-02-18,1732.2359160355336
TXN_000439,1635,2022-11-16,4513.462997785784
TXN_000440,2039,2022-09-10,3695.2691125803717
TXN_000441,1676,2023-01-27,531.3390480242531
TXN_000442,1659,2022-03-10,3792.720682791258
TXN_000443,2422,2023-03-18,1720.2223798406956
TXN_000444,1232,2023-04-22,213.81222545525944
TXN_000445,1024,2023-01-12,2470.285935897866
TXN_000446,2424,2023-07-18,4428.641384830789
TXN_000447,2388,2023-06-29,2277.3120377041696
TXN_000448,1937,2023-06-16,4945.120953725256
TXN_000449,2318,2024-01-11,972.5748341205017
TXN_000450,2018,2022-07-06,1819.397252572208
TXN_000451,2460,2023-12-01,181.4321733674691
TXN_000452,1070,2023-12-04,346.73411749021443
TXN_000453,1024,2022-04-22,1836.152892801927
TXN_000454,2397,2022-07-03,2689.1018880481556
TXN_000455,1457,2022-10-20,1261.7611061455593
TXN_000456,2237,2022-12-27,915.6558606137451
TXN_000457,1210,2023-05-17,2161.3001679610793
TXN_000458,1540,2022-11-03,936.3104476772779
TXN_000459,1770,2024-03-07,3191.3935770091007
TXN_000460,2062,2024-01-09,4780.916321863131
TXN_000461,2283,2023-10-11,4052.062710469744
TXN_000462,1676,2022-03-27,1154.547539128647
TXN_000463,1094,2022-10-23,4760.563015806659
TXN_000464,2413,2023-03-28,3780.5259017940707
TXN_000465,1219,2022-06-20,859.3629864330201
TXN_000466,1905,2022-12-22,2939.2103351698197
TXN_000467,2291,2023-04-05,4835.745357523934
TXN_000468,2089,2022-10-06,574.11478463934
TXN_000469,2410,2022-09-09,1427.9243765037404
TXN_000470,1192,2022-01-08,1933.049545378265
TXN_000471,2343,2023-08-09,666.4119386011978
TXN_000472,1174,2022-11-16,1566.305334610494
TXN_000473,1111,2022-05-31,3492.393560932023
TXN_000474,2331,2023-08-28,2438.470060384513
TXN_000475,2363,2023-01-11,2163.2631584854203
TXN_000476,2103,2022-12-31,2216.5023683510385
TXN_000477,1110,2023-08-31,3822.2960492966167
TXN_000478,1452,2023-03-16,4957.276495142075
TXN_000479,1412,2022-05-22,2984.3649711088938
TXN_000480,1603,2023-08-15,3782.5959302281017
TXN_000481,1959,2024-01-22,1925.5434061587518
TXN_000482,1185,2024-02-24,4317.136336702302
TXN_000483,2110,2022-01-20,2159.5965628728936
TXN_000484,2247,2022-01-12,4682.10280852085
TXN_000485,1050,2023-09-28,3743.172673612463
TXN_000486,2149,2022-05-02,3566.471684322743
TXN_000487,2169,2023-03-01,1521.661243272151
TXN_000488,2064,2022-08-17,4001.071963197002
TXN_000489,1354,2023-08-20,615.8779245229032
TXN_000490,2468,2024-02-25,2736.3187765361645
TXN_000491,1362,2022-01-29,3703.348758114361
TXN_000492,1535,2022-05-15,4429.600733614821
TXN_000493,2307,2023-07-06,2891.3029453779245
TXN_000494,1035,2022-04-11,1365.7825604224176
TXN_000495,1276,2023-01-11,4259.421052833061
TXN_000496,2348,2023-10-08,3863.10447032045
TXN_000497,2009,2022-11-07,852.4673110345477
TXN_000498,1181,2023-03-16,4374.6990499436615
TXN_000499,1470,2023-11-24,4803.398455880127
TXN_000500,1416,2023-04-02,2734.8978696317877
TXN_000501,1888,2022-07-19,287.9882371839716
TXN_000502,2173,2023-12-22,4586.510188908919
TXN_000503,1403,2023-08-23,701.5526978461731
TXN_000504,1513,2022-05-05,3202.296616531416
TXN_000505,1565,2023-04-16,2064.445433869011
TXN_000506,1440,2022-01-22,4960.964891207069
TXN_000507,2269,2022-02-19,4594.106886165485
TXN_000508,1991,2024-01-21,3944.0685794280284
TXN_000509,2069,2023-12-27,1076.4577793803126
TXN_000510,1074,2024-03-05,3526.045640359502
TXN_000511,2172,2023-07-14,2903.5144628784196
TXN_000512,1405,2022-03-07,763.1991374494659
TXN_000513,1002,2022-05-10,3993.937407818816
TXN_000514,2032,2022-10-29,523.6360556509144
TXN_000515,1513,2022-11-23,2459.887403185159
TXN_000516,2261,2023-01-19,2190.160856987097
TXN_000517,1539,2024-02-18,4050.3673024577056
TXN_000518,1289,2024-01-21,2195.080347250115
TXN_000519,1180,2023-06-22,3502.123312164621
TXN_000520,2338,2023-12-04,2443.47756697017
TXN_000521,1265,2022-02-18,2951.9018457969105
TXN_000522,1082,2022-11-15,1281.1008890028352
TXN_000523,1257,2022-01-21,1092.0209935505645
TXN_000524,1949,2023-03-09,3578.5751675813062
TXN_000525,1198,2023-08-14,699.4188502444227
TXN_000526,2315,2023-08-15,962.3215956093203
TXN_000527,1647,2022-01-09,4710.6373608384065
TXN_000528,2106,2022-05-29,1341.31233267984
TXN_000529,1265,2023-03-13,1684.149143551924
TXN_000530,2440,2023-05-14,3202.65214027017
TXN_000531,1996,2022-02-24,2257.7359424069264
TXN_000532,1869,2022-10-24,2839.102199346781
TXN_000533,1730,2023-06-02,808.5037300066184
TXN_000534,1860,2024-02-08,3394.797613577383
TXN_000535,1018,2023-12-05,867.2584253340694
TXN_000536,1370,2022-08-17,3763.855097553004
TXN_000537,2046,2022-09-04,2665.724708673618
TXN_000538,2408,2022-10-09,4099.345759674858
TXN_000539,1618,2024-02-08,946.1470179124834
TXN_000540,1642,2022-09-14,1949.9454385185988
TXN_000541,1378,2022-04-03,4249.476759503805
TXN_000542,1816,2022-08-02,4013.690304831553
TXN_000543,1823,2024-03-16,4832.19447542859
TXN_000544,1089,2023-07-07,1187.6062337828193
TXN_000545,1143,2023-10-30,2741.2373587704437
TXN_000546,1620,2022-05-13,187.63523622528476
TXN_000547,1863,2023-05-12,4829.649427121969
TXN_000548,1203,2022-03-27,958.1230798155887
TXN_000549,2415,2023-08-19,4533.067271626065
TXN_000550,2324,2023-01-31,3423.832406825921
TXN_000551,1864,2024-01-30,4690.557557353497
TXN_000552,1152,2023-07-01,1316.3229529113185
TXN_000553,1528,2022-09-06,1791.3050049642632
TXN_000554,1338,2023-09-29,905.5686577246388
TXN_000555,1748,2023-07-18,2169.9246101039676
TXN_000556,2358,2022-10-16,4742.747454455724
TXN_000557,2079,2023-02-13,2898.6995166410948
TXN_000558,1555,2024-02-21,2139.018809457926
TXN_000559,1752,2024-01-03,1691.8450235548733
TXN_000560,1930,2022-11-05,2965.332829857876
TXN_000561,1550,2022-03-02,3643.765177730749
TXN_000562,2153,2023-05-19,2093.2634892958963
TXN_000563,1097,2024-02-20,1231.404436402396
TXN_000564,1792,2023-06-11,2966.520904328248
TXN_000565,1421,2022-11-07,1891.256937362043
TXN_000566,1079,2023-11-24,4972.189723906646
TXN_000567,1287,2022-07-19,2261.118666977785
TXN_000568,1846,2024-03-25,2228.9952219939555
TXN_000569,1168,2022-12-19,4213.388243628798
TXN_000570,2102,2022-03-16,1329.9930188040566
TXN_000571,1070,2024-01-26,423.33657121341605
TXN_000572,1262,2022-09-28,4283.712189903419
TXN_000573,1711,2022-01-21,2986.2977354888862
TXN_000574,1722,2022-02-05,1374.7681782922193
TXN_000575,1529,2022-07-17,1779.5169272243913
TXN_000576,1784,2022-06-02,2185.6868840576158
TXN_000577,1209,2022-02-13,3433.916018454085
TXN_000578,1116,2023-10-03,2394.0921726655474
TXN_000579,1615,2023-07-08,2039.5158332541246
TXN_000580,2100,2023-06-29,3924.2858610499543
TXN_000581,1314,2023-05-25,452.0578043515778
TXN_000582,1010,2023-02-20,3297.430764351104
TXN_000583,2074,2023-02-13,2299.724324706592
TXN_000584,2030,2022-10-23,1740.782187663743
TXN_000585,1954,2023-09-19,4645.120879475122
TXN_000586,1260,2022-07-22,3911.8537679429373
TXN_000587,1199,2023-07-30,1174.3678677172745
TXN_000588,1329,2024-03-06,3296.448539911775
TXN_000589,1089,2024-01-05,4129.20380823591
TXN_000590,1590,2023-01-03,4947.763871044338
TXN_000591,1054,2023-03-02,3522.28247132855
TXN_000592,2244,2022-07-29,3484.3856470492983
TXN_000593,1091,2023-08-21,3105.130773567437
TXN_000594,1055,2024-01-09,296.0127955901896
TXN_000595,2202,2023-04-05,2966.776682606033
TXN_000596,1060,2022-12-28,4044.7335138050075
TXN_000597,1116,2023-04-21,2037.5503763714275
TXN_000598,1589,2022-10-31,2976.198320668879
TXN_000599,1235,2022-07-04,4639.7922513632775
TXN_000600,1032,2022-09-22,942.9671179554759
TXN_000601,2266,2023-02-18,1474.3312562042918
TXN_000602,1785,2023-02-06,640.5558615589192
TXN_000603,2097,2022-06-22,2551.1985604998704
TXN_000604,1020,2023-12-29,4214.28202087431
TXN_000605,2177,2022-03-24,2232.563344956486
TXN_000606,2277,2023-08-13,442.2153027200566
TXN_000607,2230,2022-11-18,1391.3348043986
TXN_000608,2172,2022-12-12,4459.561897031679
TXN_000609,1917,2022-03-13,2831.868140762694
TXN_000610,1301,2023-03-27,4578.949028206594
TXN_000611,1296,2024-02-22,4188.746510152503
TXN_000612,1772,2024-03-18,2130.0289041159094
TXN_000613,2067,2023-10-15,3204.3655995477634
TXN_000614,2167,2022-07-27,3355.6831557834266
TXN_000615,2267,2022-12-08,3759.30743760217
TXN_000616,1418,2022-02-02,1731.535881649598
TXN_000617,1061,2023-01-17,1516.048283486765
TXN_000618,1857,2023-01-21,3454.484977834441
TXN_000619,1537,2022-04-19,4111.89573455248
TXN_000620,2340,2022-06-11,2129.809253977195
TXN_000621,2458,2022-01-16,1673.2358677190693
TXN_000622,1695,2022-01-14,4145.129549844425
TXN_000623,1817,2024-01-13,3466.057643135864
TXN_000624,2404,2022-09-03,1783.3950951527393
TXN_000625,2059,2022-02-15,2695.3635276916675
TXN_000626,1919,2024-03-28,4808.226215191543
TXN_000627,1974,2023-09-17,3774.3695573698233
TXN_000628,1541,2023-07-09,1186.1575618016439
TXN_000629,2255,2023-02-06,1545.6526168270475
TXN_000630,1789,2022-02-17,1399.5812159863735
TXN_000631,1032,2023-12-05,4256.90993006976
TXN_000632,1580,2023-02-14,3242.9542240138417
TXN_000633,1351,2023-12-15,4705.98720604562
TXN_000634,1254,2023-03-30,545.5774379929386
TXN_000635,2073,2022-05-22,354.81860036126295
TXN_000636,2046,2023-03-26,3413.3889455818535
TXN_000637,2277,2022-07-08,1406.4571816321657
TXN_000638,2417,2024-01-01,3427.9410002655554
TXN_000639,1272,2023-04-02,3645.0038492315152
TXN_000640,1692,2024-02-03,1591.9576022255292
TXN_000641,1249,2024-02-28,4768.073731249994
TXN_000642,2260,2022-04-26,3896.230344149697
TXN_000643,1903,2023-05-29,1900.040006935513
TXN_000644,1231,2022-01-13,2119.3814401362015
TXN_000645,1427,2022-10-04,3607.7701058539765
TXN_000646,1956,2022-09-09,1589.7800679935988
TXN_000647,1633,2022-08-16,1547.3383772587597
TXN_000648,1241,2022-05-26,3162.0567402764505
TXN_000649,1133,2022-08-05,760.4919714253632
TXN_000650,2094,2024-01-19,4967.379216775485
TXN_000651,2488,2022-10-21,1507.4628760356727
TXN_000652,2444,2024-02-07,1975.300885671747
TXN_000653,2333,2022-10-08,1198.8986310646264
TXN_000654,2023,2022-06-15,3253.1305747265537
TXN_000655,2302,2022-05-23,396.39428463185544
TXN_000656,1218,2023-05-13,4646.26241908447
TXN_000657,1696,2024-01-20,1589.52834153681
TXN_000658,1306,2023-04-29,4644.138790835952
TXN_000659,1313,2023-02-17,1342.3420673113806
TXN_000660,2426,2022-04-07,2617.562017793969
TXN_000661,1922,2023-12-05,3506.3412407881247
TXN_000662,2428,2022-10-15,3101.871709014968
TXN_000663,2402,2023-07-09,2611.2135655224406
TXN_000664,1280,2022-09-26,3963.810292996346
TXN_000665,2350,2022-07-28,2405.420788678463
TXN_000666,1034,2023-06-21,1732.5547636790907
TXN_000667,1069,2022-11-01,3621.1053455568035
TXN_000668,1359,2022-03-29,4692.630576885113
TXN_000669,1407,2022-04-30,3046.788338011672
TXN_000670,1579,2022-08-13,1470.575705244967
TXN_000671,1518,2022-05-16,3837.763150534566
TXN_000672,1605,2024-02-02,3833.431441903875
TXN_000673,2407,2023-12-24,1407.6342140057545
TXN_000674,1080,2023-01-17,1984.6883321906264
TXN_000675,2461,2022-01-11,790.6296544683208
TXN_000676,1249,2023-03-15,490.3711288571414
TXN_000677,2061,2022-01-10,4056.0773380355313
TXN_000678,1044,2022-11-11,1925.6236431861103
TXN_000679,2382,2022-03-06,1478.4286008520153
TXN_000680,1136,2023-08-15,1354.8474691824406
TXN_000681,1822,2023-04-13,466.5474674058484
TXN_000682,1978,2023-08-27,4925.827417837057
TXN_000683,1819,2023-10-07,1898.5232804237698
TXN_000684,2484,2023-09-16,904.8221211348915
TXN_000685,1366,2022-07-14,4334.287714159317
TXN_000686,2328,2023-02-18,3643.287230866329
TXN_000687,1228,2023-08-22,3346.841991781478
TXN_000688,1182,2023-11-05,1556.352093897693
TXN_000689,1466,2022-01-01,2135.7486450725646
TXN_000690,1837,2023-01-03,4221.327951171316
TXN_000691,1203,2023-09-23,3235.4964645926784
TXN_000692,1974,2023-01-11,1793.695332349023
TXN_000693,1622,2024-02-05,635.4711104475394
TXN_000694,2091,2022-07-10,4511.325113485218
TXN_000695,1868,2022-10-17,4782.133525470192
TXN_000696,1549,2024-03-10,3622.095129611436
TXN_000697,2328,2023-09-20,3487.8198730538284
TXN_000698,1603,2022-07-18,2734.7791865628187
TXN_000699,1754,2022-08-23,4860.401136989389
TXN_000700,1627,2022-08-18,3501.3372488800733
TXN_000701,2015,2022-08-14,475.99833221230983
TXN_000702,1094,2023-03-06,549.4740265534169
TXN_000703,2269,2022-07-15,4821.505250590616
TXN_000704,1684,2023-04-12,4722.069465502704
TXN_000705,1796,2023-03-17,2833.3955318392996
TXN_000706,2102,2024-02-29,1149.289744094746
TXN_000707,2456,2022-06-06,2959.178212538703
TXN_000708,2303,2023-04-27,3841.364884990739
TXN_000709,1368,2022-12-20,140.58339060182828
TXN_000710,1278,2024-03-23,4131.781694413896
TXN_000711,1350,2023-11-16,2377.5064088774193
TXN_000712,2249,2023-06-17,2369.503444145228
TXN_000713,1405,2023-05-23,2228.103138456419
TXN_000714,1445,2023-02-09,3490.0458632956893
TXN_000715,1322,2023-12-01,1126.361337137309
TXN_000716,1629,2024-03-07,3072.6361363443407
TXN_000717,1072,2022-10-16,316.07421497699113
TXN_000718,1517,2023-11-10,4075.611987788984
TXN_000719,2344,2023-12-03,4095.6732420620856
TXN_000720,1021,2022-03-31,1628.211772417682
TXN_000721,1178,2023-01-17,616.5551874771099
TXN_000722,1707,2022-10-28,3763.969880655784
TXN_000723,2132,2023-03-18,2404.0506174515117
TXN_000724,2395,2023-05-17,4632.338174917918
TXN_000725,2479,2023-08-08,1832.0747447228102
TXN_000726,2252,2023-08-17,4223.3942509455965
TXN_000727,1937,2023-01-20,224.08215138204804
TXN_000728,2018,2023-06-07,3886.6896855598407
TXN_000729,1947,2023-05-17,3423.424394636019
TXN_000730,1530,2022-09-06,2678.7116561327816
TXN_000731,1363,2023-11-03,4561.086829913762
TXN_000732,1424,2023-09-11,4715.854824333205
TXN_000733,1958,2022-04-01,4655.457297302467
TXN_000734,2239,2024-01-23,3029.2343553464875
TXN_000735,2071,2023-12-17,2645.0426108515776
TXN_000736,2488,2023-01-29,1417.9630132744326
TXN_000737,1671,2022-12-24,894.1447282760614
TXN_000738,2296,2022-05-29,2829.7631035354125
TXN_000739,2053,2023-04-20,827.6339451466472
TXN_000740,2012,2024-02-13,943.3667514671578
TXN_000741,1878,2023-11-09,1848.0406857747162
TXN_000742,1946,2023-09-20,1015.0605055074641
TXN_000743,1987,2023-03-18,2558.4678927668383
TXN_000744,2213,2022-01-08,3352.3724796743327
TXN_000745,1151,2022-08-17,3519.7128244631017
TXN_000746,2399,2022-03-11,2710.6122498299733
TXN_000747,1254,2023-12-04,2656.815304897895
TXN_000748,1702,2023-11-05,2426.574530872432
TXN_000749,1653,2023-11-20,1301.7995490803064
TXN_000750,1757,2022-02-09,3305.789875153456
TXN_000751,2057,2022-01-29,3319.4430267248063
TXN_000752,1186,2023-06-05,1353.4445442984688
TXN_000753,1878,2022-10-04,3532.788211326067
TXN_000754,2472,2022-10-15,4304.226123056672
TXN_000755,2109,2023-08-07,3014.076058214971
TXN_000756,1672,2022-07-02,675.9441446094145
TXN_000757,1875,2023-06-06,1703.5774729540908
TXN_000758,1117,2023-11-20,554.6609165683499
TXN_000759,2081,2023-08-22,1579.9523654124407
TXN_000760,2041,2022-03-25,1138.5267971301366
TXN_000761,1870,2023-02-01,2817.6814467048534
TXN_000762,2163,2022-03-27,2175.3679968108963
TXN_000763,1457,2022-10-24,3641.1520050855443
TXN_000764,1705,2023-12-20,1878.907368160585
TXN_000765,1641,2022-10-14,858.131186315804
TXN_000766,1965,2022-04-19,1256.5220868574415
TXN_000767,1211,2023-06-28,2774.337627161098
TXN_000768,1485,2022-01-13,2304.2886935814877
TXN_000769,2143,2023-01-12,308.78218007531416
TXN_000770,1890,2023-02-13,1128.7329518268398
TXN_000771,2026,2023-12-26,1554.008783748064
TXN_000772,2252,2023-09-22,3654.261762743823
TXN_000773,2252,2023-09-10,3679.0920674038443
TXN_000774,2001,2022-01-15,3520.139304655502
TXN_000775,1984,2023-12-26,4110.461178869615
TXN_000776,1342,2022-07-07,4382.010632526315
TXN_000777,2164,2022-08-22,448.430334740429
TXN_000778,2080,2024-02-15,2515.9807866989718
TXN_000779,2239,2024-01-05,829.9004940771198
TXN_000780,2137,2023-04-03,1834.8946401731882
TXN_000781,1293,2023-12-26,3349.665555349847
TXN_000782,1027,2022-05-25,3048.1277405615338
TXN_000783,1858,2023-06-01,729.9421231734317
TXN_000784,2344,2022-05-21,3809.699770122754
TXN_000785,1572,2023-06-17,3956.3820992734327
TXN_000786,1927,2023-09-21,782.0010038900142
TXN_000787,2055,2022-04-25,3116.729370421733
TXN_000788,2434,2022-02-13,4731.623592579213
TXN_000789,1396,2022-07-23,560.3101435523469
TXN_000790,2040,2023-04-18,906.5731788712665
TXN_000791,1600,2022-11-05,3851.0703505787733
TXN_000792,2075,2022-11-18,1750.9359312007791
TXN_000793,1369,2023-02-09,4782.300874143641
TXN_000794,1163,2022-12-27,3159.378907344245
TXN_000795,2326,2022-05-06,2467.6815726264263
TXN_000796,1449,2022-04-30,1754.551209942561
TXN_000797,1543,2022-08-02,1271.7112103855222
TXN_000798,1709,2022-11-07,3285.1019315213803
TXN_000799,1350,2023-10-04,3000.9419150757044
TXN_000800,1378,2023-08-29,1853.772822404153
TXN_000801,2462,2022-03-06,4597.106057082918
TXN_000802,1200,2023-01-01,3832.8390869245404
TXN_000803,2130,2022-07-24,1374.3301466642074
TXN_000804,1504,2022-07-06,4722.493264799073
TXN_000805,2011,2023-12-25,3802.141548186484
TXN_000806,2407,2023-12-04,4495.82394343568
TXN_000807,2319,2022-09-18,767.4778264569509
TXN_000808,2051,2022-03-31,261.6841300254194
TXN_000809,1336,2024-01-27,2515.2995019769087
TXN_000810,1286,2023-01-28,2295.949058097258
TXN_000811,1630,2022-05-30,4362.039377450622
TXN_000812,2366,2023-02-16,943.5126279796528
TXN_000813,2054,2023-03-20,215.55286665152568
TXN_000814,1665,2022-05-20,2693.3142065869965
TXN_000815,2274,2022-10-20,970.0739262337892
TXN_000816,2386,2023-04-11,342.59402691640435
TXN_000817,1106,2023-09-23,208.81163148527247
TXN_000818,1505,2022-09-04,797.9249121089214
TXN_000819,2465,2022-04-08,1941.6972633417065
TXN_000820,1116,2022-06-19,4431.444808600977
TXN_000821,2268,2022-11-06,3826.815592367104
TXN_000822,1078,2023-03-02,2697.8243633507423
TXN_000823,1740,2022-03-08,2208.6893503513797
TXN_000824,1022,2022-02-25,2333.4154742564897
TXN_000825,2220,2023-07-12,4434.757631132782
TXN_000826,1360,2023-06-01,3650.6925412268533
TXN_000827,1699,2023-07-22,942.861321072343
TXN_000828,2450,2022-05-31,4704.686249301129
TXN_000829,1216,2022-11-14,3887.2837637272364
TXN_000830,1989,2022-05-21,267.3647644640662
TXN_000831,1706,2022-11-11,2561.0594374784437
TXN_000832,1627,2024-03-06,3298.630799119726
TXN_000833,2219,2022-01-06,398.8461155477285
TXN_000834,1566,2022-07-08,1829.9948619112852
TXN_000835,1442,2022-11-13,3276.682062456495
TXN_000836,2482,2024-01-01,4098.829604255616
TXN_000837,1458,2023-11-16,4887.975688643687
TXN_000838,1143,2023-08-28,695.9892193769922
TXN_000839,1313,2023-06-08,3198.771709154741
TXN_000840,1874,2022-06-12,4474.669453203193
TXN_000841,1728,2023-01-03,3612.897512156439
TXN_000842,2280,2023-06-01,3198.7581841147903
TXN_000843,1638,2022-03-07,1150.667677548174
TXN_000844,1473,2023-12-16,4094.9568905263955
TXN_000845,1684,2022-11-20,2856.207777275918
TXN_000846,1605,2022-07-12,645.9395270931235
TXN_000847,1901,2022-12-31,4684.448534483452
TXN_000848,2242,2023-01-05,4943.114612802287
TXN_000849,2381,2022-12-02,2734.595072142544
TXN_000850,2260,2023-08-01,3904.7475609565754
TXN_000851,1274,2023-11-12,2958.2322589541263
TXN_000852,1751,2023-10-29,2168.808144467408
TXN_000853,1216,2023-08-11,2104.6293652150525
TXN_000854,2420,2024-02-12,4825.140064628305
TXN_000855,2097,2022-05-13,1907.053832518857
TXN_000856,1675,2022-05-21,2503.2255170093767
TXN_000857,1709,2022-12-02,1317.6048507406144
TXN_000858,1922,2023-05-14,1341.0820667815547
TXN_000859,2351,2023-10-11,1845.5127675293213
TXN_000860,1407,2022-06-25,4631.410417661643
TXN_000861,1147,2024-03-10,2043.0364598694432
TXN_000862,2109,2022-02-05,2806.2185928708836
TXN_000863,1502,2022-05-23,2774.191986294184
TXN_000864,1231,2023-10-11,2957.44116252514
TXN_000865,1497,2023-06-12,4118.212825112656
TXN_000866,1422,2024-02-01,4515.88689863465
TXN_000867,2490,2023-05-19,1122.85965011903
TXN_000868,1246,2022-01-06,4316.191681674427
TXN_000869,2393,2023-08-07,2783.76492380648
TXN_000870,1104,2023-11-04,4629.9006936195865
TXN_000871,1233,2022-08-12,4589.167217363416
TXN_000872,2481,2022-12-22,2008.223126236441
TXN_000873,2280,2022-02-05,3294.196029686806
TXN_000874,1474,2023-06-30,4369.914819151843
TXN_000875,2003,2023-06-09,1985.0734777567288
TXN_000876,2195,2023-12-15,314.7443254516869
TXN_000877,2296,2022-02-26,1863.0584462061463
TXN_000878,1758,2022-01-07,1890.4803967752755
TXN_000879,1874,2023-03-19,4053.053444181262
TXN_000880,2217,2022-11-11,1617.1550517041865
TXN_000881,1111,2022-04-21,4480.520114388744
TXN_000882,1022,2022-04-26,2788.3435359393607
TXN_000883,1936,2022-11-03,2972.1554975058784
TXN_000884,1314,2024-02-10,4054.336984895555
TXN_000885,1201,2023-10-29,759.4186300800545
TXN_000886,1617,2023-12-19,187.91394405274625
TXN_000887,1605,2022-11-06,377.4119098938201
TXN_000888,1994,2022-04-04,250.2513177841689
TXN_000889,1024,2022-07-11,3529.484911645686
TXN_000890,1656,2024-03-12,1300.358326481226
TXN_000891,2389,2022-10-06,4301.368331761277
TXN_000892,1530,2023-07-14,4426.087584378373
TXN_000893,1045,2022-02-24,1844.8261682899092
TXN_000894,2058,2022-01-17,1054.6442458564736
TXN_000895,1201,2022-12-01,2544.1786763496107
TXN_000896,1364,2022-03-03,4097.461013412516
TXN_000897,1469,2023-09-29,3455.9706714713125
TXN_000898,2323,2024-01-19,226.13705629209267
TXN_000899,1776,2023-07-27,135.03770871300452
TXN_000900,1415,2023-07-10,657.6372878422205
TXN_000901,2369,2022-11-23,1750.1916498440783
TXN_000902,2372,2022-05-08,2730.7228297476363
TXN_000903,1698,2023-05-15,4106.1662225905975
TXN_000904,1809,2022-09-16,799.6845338582956
TXN_000905,1189,2023-12-14,847.1471818494177
TXN_000906,2426,2023-09-16,4331.7889387514915
TXN_000907,1348,2023-02-14,4627.7221293683215
TXN_000908,1372,2022-05-23,2801.3180705626964
TXN_000909,2314,2023-02-01,3945.973755202972
TXN_000910,1984,2023-12-20,1779.0884778140485
TXN_000911,1986,2022-12-25,4736.707717181558
TXN_000912,1110,2023-10-14,4533.91421474516
TXN_000913,2324,2024-01-09,4263.064233251179
TXN_000914,1645,2022-11-15,163.60978690992056
TXN_000915,2036,2023-10-10,2664.1606132922493
TXN_000916,1522,2024-03-12,230.6428309874086
TXN_000917,2125,2023-12-13,3419.4832138344773
TXN_000918,1196,2022-10-05,998.8737884379415
TXN_000919,2414,2024-03-28,3233.4518087205497
TXN_000920,1054,2023-10-14,579.9971116514805
TXN_000921,1182,2023-10-24,3807.4191330958924
TXN_000922,2042,2022-04-01,3659.5951498356153
TXN_000923,1362,2023-11-29,122.58842910637873
TXN_000924,1472,2022-03-23,3981.0605309820758
TXN_000925,1008,2022-01-19,902.5578889339362
TXN_000926,1659,2023-01-14,635.521672770524
TXN_000927,1024,2023-10-07,2551.211310050158
TXN_000928,2329,2024-02-23,2991.446971499261
TXN_000929,2457,2023-01-04,605.2184656792067
TXN_000930,2445,2023-11-12,1593.268010009332
TXN_000931,2080,2023-04-03,2098.195021100676
TXN_000932,1823,2022-01-19,4723.718489181702
TXN_000933,2202,2022-09-10,1331.4790633120022
TXN_000934,1067,2022-12-30,1376.391423357826
TXN_000935,2024,2022-07-12,3331.036613093206
TXN_000936,1047,2022-10-05,3663.047214619081
TXN_000937,2440,2023-10-19,153.02857420570652
TXN_000938,1944,2022-02-04,756.7511783075362
TXN_000939,2220,2023-11-10,1852.6860766445461
TXN_000940,2071,2022-09-01,3196.853938076809
TXN_000941,1354,2023-08-08,757.1831694588602
TXN_000942,2257,2023-10-07,1849.0506656587497
TXN_000943,2009,2022-03-14,492.99280696594604
TXN_000944,1436,2023-09-19,2898.457783649715
TXN_000945,1699,2022-09-24,2189.1901173683054
TXN_000946,1625,2022-11-30,3961.598018413624
TXN_000947,1089,2023-09-14,2912.053360320534
TXN_000948,1368,2022-06-17,3329.627083878651
TXN_000949,1938,2023-12-29,3388.6757237272614
TXN_000950,2192,2022-12-06,2989.08209985096
TXN_000951,2386,2022-04-07,178.85100854284872
TXN_000952,1954,2023-08-15,4177.090477999385
TXN_000953,2200,2023-12-30,4591.827952306117
TXN_000954,1499,2023-11-29,2717.777285465455
TXN_000955,1703,2022-03-05,649.5756499457851
TXN_000956,1132,2023-08-02,3308.0375704235003
TXN_000957,1171,2022-04-06,1882.2783938518512
TXN_000958,1762,2023-06-30,459.0723655917302
TXN_000959,1440,2023-01-04,4285.614710023633
TXN_000960,1984,2022-12-11,3587.395436234308
TXN_000961,1111,2023-03-18,4043.6428758470565
TXN_000962,2063,2023-03-27,4001.020846370773
TXN_000963,1101,2022-08-22,1852.623832853007
TXN_000964,2392,2023-11-06,2462.843750821973
TXN_000965,2197,2022-06-06,1244.9068131202462
TXN_000966,1340,2024-03-03,3798.993025498779
TXN_000967,1919,2022-01-28,2667.4125040229414
TXN_000968,1813,2023-04-17,3285.027270080244
TXN_000969,1195,2023-08-04,1847.4492660374394
TXN_000970,2205,2023-04-03,3427.994400920067
TXN_000971,2346,2022-12-04,3388.9030191089532
TXN_000972,2136,2024-01-12,3873.777197880173
TXN_000973,2258,2023-02-26,861.6437117151373
TXN_000974,1504,2023-01-10,3155.975042840294
TXN_000975,2094,2023-10-11,4409.434136110689
TXN_000976,1218,2023-09-16,561.389988680678
TXN_000977,1164,2022-10-26,4807.658686938014
TXN_000978,1380,2022-01-25,1118.1373057528724
TXN_000979,2207,2023-08-29,4689.077117518577
TXN_000980,1368,2022-03-07,4353.297570512226
TXN_000981,2471,2023-06-13,3873.921867353253
TXN_000982,1007,2023-09-13,1126.2275331020478
TXN_000983,2405,2023-01-26,1160.5462070107249
TXN_000984,2405,2022-10-05,1370.5938017054978
TXN_000985,1447,2022-01-10,4071.236518363277
TXN_000986,2177,2022-12-12,1019.6774980115414
TXN_000987,1033,2022-05-21,2946.1198055459686
TXN_000988,1496,2024-03-20,3909.8923142241374
TXN_000989,1863,2022-01-28,2357.0873654256793
TXN_000990,1021,2022-04-10,4219.655732026565
TXN_000991,2403,2022-07-06,2854.3046917129695
TXN_000992,2171,2024-02-18,3016.11441131401
TXN_000993,1662,2023-01-28,3416.238215346834
TXN_000994,1589,2023-12-21,4245.297294215706
TXN_000995,1676,2022-11-07,122.70657509994348
TXN_000996,2122,2022-09-18,2023.5208667308525
TXN_000997,1270,2022-03-10,4818.658431911342
TXN_000998,1000,2022-02-07,583.4916484672069
TXN_000999,1286,2022-03-07,1243.8977220035026
TXN_001000,2203,2023-04-20,2897.5622853383225
TXN_001001,1938,2023-05-09,4303.610746610645
TXN_001002,2279,2024-01-17,576.2963302052967
TXN_001003,2197,2023-04-12,119.74899007276505
TXN_001004,1853,2022-03-05,3466.4070600616565
TXN_001005,1049,2024-01-17,3026.7800360650563
TXN_001006,1616,2023-10-27,1428.1964690036539
TXN_001007,1189,2022-06-29,4792.313096292697
TXN_001008,2066,2023-11-09,2839.8345117758463
TXN_001009,1759,2024-02-26,3350.725282328381
TXN_001010,1065,2022-04-09,1956.032758392554
TXN_001011,1395,2023-06-21,4615.782202026338
TXN_001012,2274,2022-10-31,1452.7755095813914
TXN_001013,1127,2022-03-14,3769.058887647171
TXN_001014,1696,2023-07-01,671.6637079724471
TXN_001015,1187,2022-05-23,2735.154017212403
TXN_001016,2206,2022-08-02,2931.168864346774
TXN_001017,1577,2023-12-18,1022.9324654669502
TXN_001018,1840,2022-11-01,1686.5060406517155
TXN_001019,1761,2023-02-18,975.6162649596514
TXN_001020,1666,2023-12-30,4240.627821501426
TXN_001021,2435,2022-12-11,3320.226393951674
TXN_001022,1932,2024-01-14,2287.527054633608
TXN_001023,1078,2023-08-21,2824.3032272086593
TXN_001024,2042,2023-05-09,1785.8035975179569
TXN_001025,1044,2023-11-12,2200.822697773952
TXN_001026,2245,2022-05-05,3134.921823649366
TXN_001027,1128,2023-02-12,1136.245144339576
TXN_001028,1617,2022-08-24,757.0718271374893
TXN_001029,1762,2023-10-19,4727.848576566381
TXN_001030,2253,2023-09-09,1260.5868821777376
TXN_001031,1792,2022-12-10,2526.599790203643
TXN_001032,2250,2024-02-15,3831.460329495095
TXN_001033,1396,2023-10-08,2824.8087030123647
TXN_001034,1274,2023-06-05,3210.8859342900173
TXN_001035,1137,2023-06-11,900.8214400454357
TXN_001036,2196,2022-03-05,2035.1495329806235
TXN_001037,2350,2023-11-21,3482.1600921746444
TXN_001038,1782,2023-05-17,1127.9525678861262
TXN_001039,1214,2023-09-28,2469.4268740567595
TXN_001040,1227,2022-01-11,2987.3237758800483
TXN_001041,1106,2023-08-30,3967.7306958606177
TXN_001042,1158,2023-09-24,1160.0762877081602
TXN_001043,2159,2023-03-06,4892.65047586414
TXN_001044,1029,2022-10-28,4840.389111085655
TXN_001045,2121,2022-09-03,160.23824988547062
TXN_001046,1608,2023-08-12,1903.0898595330314
TXN_001047,1768,2022-04-04,432.4136306165693
TXN_001048,1783,2022-11-11,1654.5083235341926
TXN_001049,1881,2022-06-02,3074.6081414630225
TXN_001050,1922,2022-08-28,3082.808986278206
TXN_001051,1341,2022-05-20,573.6524315925922
TXN_001052,1167,2023-08-20,3417.8798482170137
TXN_001053,2234,2022-08-04,4247.060235326518
TXN_001054,1683,2024-03-04,3192.7061896484984
TXN_001055,1631,2023-01-05,1618.833118256326
TXN_001056,2208,2022-10-20,112.22578296690365
TXN_001057,1431,2022-08-29,3277.2018174421073
TXN_001058,2447,2023-06-19,3420.994514570969
TXN_001059,1038,2022-11-17,3572.8714022343006
TXN_001060,1979,2022-02-14,292.37674941560806
TXN_001061,1386,2023-08-09,2630.5940276575607
TXN_001062,1768,2023-09-06,2125.8131915024405
TXN_001063,1790,2022-10-11,3860.0065203096215
TXN_001064,1741,2023-08-07,3641.177217135471
TXN_001065,2474,2023-07-07,4758.238068073693
TXN_001066,2138,2024-03-01,4497.799114713495
TXN_001067,1400,2022-07-31,2834.2332957487497
TXN_001068,2327,2023-11-03,4904.322215227184
TXN_001069,2332,2022-03-28,836.0427649175551
TXN_001070,2126,2022-01-07,135.0775496171785
TXN_001071,1101,2023-04-04,628.3809600677354
TXN_001072,1654,2022-07-02,1840.0479731197074
TXN_001073,2113,2022-11-24,3800.77088848646
TXN_001074,2141,2022-10-26,1977.0275144942004
TXN_001075,2162,2023-02-02,3924.949641839299
TXN_001076,1902,2022-01-14,3739.6422745429645
TXN_001077,2326,2022-04-10,3992.314024384054
TXN_001078,1751,2024-01-26,1017.6343297776731
TXN_001079,2232,2022-06-18,2628.5642483109114
TXN_001080,1086,2022-08-20,3592.1897636405815
TXN_001081,1858,2022-04-21,1492.4560479293928
TXN_001082,1318,2022-12-13,4206.329451221016
TXN_001083,1966,2022-12-06,3918.6286326987606
TXN_001084,1886,2023-09-06,687.3949859757366
TXN_001085,1632,2023-12-30,1167.6511265797978
TXN_001086,2268,2022-08-28,1263.1296392119418
TXN_001087,2113,2022-08-28,4404.535122048909
TXN_001088,1651,2024-01-03,1014.961674463821
TXN_001089,2135,2022-09-27,3148.271832195518
TXN_001090,1949,2023-06-24,418.06914652444783
TXN_001091,2417,2022-10-13,2807.2762475238146
TXN_001092,1239,2022-12-01,792.1353013663536
TXN_001093,2295,2023-07-20,2919.9290519553897
TXN_001094,1142,2023-03-19,1902.1990457894906
TXN_001095,1953,2023-12-26,3067.8453770585966
TXN_001096,1118,2023-05-18,2032.7717895413957
TXN_001097,1595,2023-01-05,4286.046534773988
TXN_001098,2274,2022-04-30,3809.19087695631
TXN_001099,2301,2022-03-16,4239.040826010919
TXN_001100,1162,2023-02-27,1188.0558664130126
TXN_001101,1653,2022-03-11,829.1983428687183
TXN_001102,1349,2024-01-15,2830.9398750417804
TXN_001103,1030,2022-09-28,4376.882739962531
TXN_001104,1457,2022-05-12,642.0573868329785
TXN_001105,1090,2022-04-08,1246.0520898848124
TXN_001106,1127,2022-04-12,3755.391270116048
TXN_001107,1778,2023-03-04,2380.268791078597
TXN_001108,1969,2022-06-16,3056.9701882213203
TXN_001109,1847,2022-04-15,2999.5966786843123
TXN_001110,1791,2023-08-21,2120.5393090538437
TXN_001111,1508,2023-07-03,3557.94130413537
TXN_001112,1935,2023-03-18,4276.118801788122
TXN_001113,1744,2023-11-03,4548.009540443836
TXN_001114,1739,2023-09-27,327.416833497753
TXN_001115,1236,2023-10-06,2812.6700253944773
TXN_001116,2012,2022-09-23,297.8205726503928
TXN_001117,1976,2024-03-05,4514.557541631234
TXN_001118,2022,2023-02-24,2203.4024561839888
TXN_001119,2074,2022-09-18,4512.574509010903
TXN_001120,1468,2023-03-10,1019.6487082691099
TXN_001121,1387,2023-02-20,895.6190777306384
TXN_001122,2085,2022-12-21,4550.7883004125015
TXN_001123,2366,2023-04-06,4698.040356916232
TXN_001124,2176,2023-12-02,3857.2692065819115
TXN_001125,1735,2023-01-20,1187.9243267868435
TXN_001126,1653,2023-06-27,942.728424583314
TXN_001127,1040,2022-10-02,3765.2640568027
TXN_001128,1952,2022-11-06,3210.396111039364
TXN_001129,1808,2022-05-12,4373.175625258344
TXN_001130,1381,2023-11-19,1456.3759499733424
TXN_001131,1095,2024-03-26,1547.2499872758765
TXN_001132,1911,2022-02-18,3685.041485600298
TXN_001133,1786,2023-03-20,1412.556178142483
TXN_001134,1292,2022-06-21,2365.6484363360114
TXN_001135,2258,2022-11-26,2648.6965009619635
TXN_001136,1340,2022-01-06,3379.0041620412467
TXN_001137,1718,2023-08-11,1787.4791879725042
TXN_001138,1956,2022-07-23,4305.851200529591
TXN_001139,1537,2023-01-04,2071.4122313879743
TXN_001140,2373,2023-12-23,302.72915547012275
TXN_001141,1871,2023-07-02,428.3102566464251
TXN_001142,2230,2022-10-08,4860.709494924384
TXN_001143,1959,2023-11-20,3148.0096879862126
TXN_001144,1380,2022-02-24,2505.547387941027
TXN_001145,2164,2022-06-18,4361.4350686890375
TXN_001146,1858,2022-11-09,3612.734980889004
TXN_001147,1598,2023-04-23,988.8214541318363
TXN_001148,1929,2023-03-04,135.73229201017125
TXN_001149,2046,2023-05-27,4912.438483679194
TXN_001150,1761,2023-02-17,3183.1586161052714
TXN_001151,1363,2022-02-17,2437.663748801363
TXN_001152,2171,2023-09-08,4728.815099241269
TXN_001153,1565,2022-01-03,1909.1175026307071
TXN_001154,1968,2023-08-20,3640.507823286553
TXN_001155,1826,2023-11-16,3383.5599539505447
TXN_001156,1504,2024-02-27,3417.405087049743
TXN_001157,1217,2022-11-25,3417.950198754276
TXN_001158,1481,2022-08-21,151.09391879584842
TXN_001159,2439,2023-11-07,4139.08001689017
TXN_001160,1936,2022-03-01,4622.47433475272
TXN_001161,1748,2023-08-13,2301.811989072731
TXN_001162,2348,2023-06-14,2846.3697784966653
TXN_001163,1835,2022-04-07,1691.1067611324786
TXN_001164,1488,2022-03-07,3946.8533506899457
TXN_001165,2431,2022-01-31,3709.346472829543
TXN_001166,2167,2024-01-20,3718.654966835958
TXN_001167,1799,2024-02-16,3701.121945967789
TXN_001168,1210,2022-05-28,1170.8650796774803
TXN_001169,1665,2023-10-22,651.361663248997
TXN_001170,1258,2022-02-16,1622.6958096058706
TXN_001171,2250,2022-09-01,2919.358374516753
TXN_001172,1371,2022-09-14,2057.6645132579006
TXN_001173,2414,2023-04-23,1321.3045977208353
TXN_001174,1991,2023-08-18,209.2149598348854
TXN_001175,1087,2022-12-22,693.5522863155023
TXN_001176,1399,2023-10-16,616.1262966195718
TXN_001177,1308,2023-10-03,4787.532216254383
TXN_001178,1003,2023-03-29,3916.2423211642604
TXN_001179,2196,2023-06-06,701.4841177814648
TXN_001180,1225,2022-06-26,2389.3321317168607
TXN_001181,1338,2022-07-29,3306.9817413602395
TXN_001182,2229,2022-02-11,4809.063928147413
TXN_001183,2125,2022-05-04,1417.9231890915898
TXN_001184,1057,2022-07-06,1393.828992939849
TXN_001185,2173,2022-01-25,2884.462492188173
TXN_001186,2275,2022-06-13,4301.151384564273
TXN_001187,1555,2022-02-04,1470.1437727457217
TXN_001188,2451,2022-09-10,716.5436774906673
TXN_001189,1918,2023-04-20,1404.037818556988
TXN_001190,1523,2024-01-29,2300.4296862758265
TXN_001191,1525,2023-04-15,1863.7712014051424
TXN_001192,2315,2023-06-06,4319.943648005904
TXN_001193,2068,2022-09-21,4720.4327924198
TXN_001194,2223,2022-04-15,1954.4043606135012
TXN_001195,1023,2022-08-08,4134.764387031564
TXN_001196,1762,2024-02-06,436.195381517379
TXN_001197,2410,2023-02-11,2813.146242126721
TXN_001198,2458,2023-10-08,4175.348014587307
TXN_001199,1241,2022-07-25,2151.253898522114
TXN_001200,1202,2023-09-28,802.8257954109575
TXN_001201,1236,2022-08-04,1492.0413604535415
TXN_001202,1950,2022-03-05,2510.347401582379
TXN_001203,2021,2024-03-24,4233.1369953567655
TXN_001204,1293,2022-02-07,3768.1266322626084
TXN_001205,2371,2024-01-30,509.52014186004857
TXN_001206,2110,2023-10-27,2776.1709862922858
TXN_001207,1209,2022-08-10,4374.518855297071
TXN_001208,1787,2022-12-08,2927.840168482028
TXN_001209,2025,2024-02-09,418.19402438259584
TXN_001210,1228,2023-04-18,4133.289539926085
TXN_001211,1409,2023-06-20,4543.17151812923
TXN_001212,2266,2022-12-23,2007.0258577909851
TXN_001213,1769,2023-05-21,1619.6706895719185
TXN_001214,1962,2023-08-02,2762.41810487761
TXN_001215,2491,2024-01-31,4922.031570339938
TXN_001216,1457,2022-08-23,4203.574857675203
TXN_001217,1553,2023-08-25,4074.1733821274515
TXN_001218,1212,2022-04-04,1046.40323056713
TXN_001219,1385,2022-07-08,4486.310339612997
TXN_001220,2435,2023-10-11,2824.1340915104015
TXN_001221,1527,2023-11-16,4592.705410289419
TXN_001222,2411,2022-01-16,3293.382237855064
TXN_001223,2302,2023-01-10,4187.418865093533
TXN_001224,1989,2022-12-30,911.0760147609911
TXN_001225,1101,2024-01-14,3561.955171636526
TXN_001226,1389,2023-02-02,1360.535470315677
TXN_001227,2225,2023-02-14,927.620765210888
TXN_001228,2415,2022-06-23,2912.513412671147
TXN_001229,1840,2023-09-05,3053.4314576254665
TXN_001230,2377,2022-07-05,2504.027256510891
TXN_001231,1234,2022-01-30,536.2999449914253
TXN_001232,1113,2023-04-15,1299.2702176123626
TXN_001233,1981,2023-01-15,1253.709351653144
TXN_001234,2090,2022-11-08,1637.1400940663636
TXN_001235,1808,2024-03-10,3177.5204763209617
TXN_001236,2063,2022-03-19,2246.137620825304
TXN_001237,1102,2023-06-19,4845.087095942804
TXN_001238,1410,2023-06-13,177.6358189564266
TXN_001239,2318,2022-05-02,1157.9267432176784
TXN_001240,1807,2022-08-16,2909.6962269739074
TXN_001241,2060,2023-02-12,4408.763514262757
TXN_001242,1066,2022-06-24,266.1450872419811
TXN_001243,1402,2023-07-07,4429.694249032039
TXN_001244,1205,2022-01-15,2585.6399733241715
TXN_001245,1340,2022-08-02,3948.868460252513
TXN_001246,2075,2023-08-26,4748.393656308037
TXN_001247,1425,2022-02-21,1155.4816014913984
TXN_001248,1955,2022-11-12,2980.758526801726
TXN_001249,1208,2022-02-26,4429.977817328736
TXN_001250,2201,2022-10-16,4237.612302211523
TXN_001251,1675,2022-05-29,2652.725503709085
TXN_001252,2045,2023-02-12,4752.512104286486
TXN_001253,1368,2023-06-16,3571.3782196116454
TXN_001254,1993,2023-01-04,2668.1600171863392
TXN_001255,1081,2022-11-20,383.72102093254017
TXN_001256,2187,2023-09-05,2487.7986837484264
TXN_001257,1376,2022-12-23,2167.3129665492384
TXN_001258,1002,2023-12-01,1595.7398316053884
TXN_001259,1683,2023-03-06,4720.167925514057
TXN_001260,2141,2022-02-02,4635.930080473388
TXN_001261,1763,2023-06-27,1752.6934444882213
TXN_001262,2418,2023-11-05,2235.2376815283205
TXN_001263,1265,2024-02-29,3783.914806752156
TXN_001264,1434,2022-10-13,4191.779969260722
TXN_001265,1681,2023-06-01,639.3851540244751
TXN_001266,1724,2023-11-12,2504.894865470172
TXN_001267,1792,2023-11-16,4581.072316115676
TXN_001268,2250,2023-12-28,3356.4813312903425
TXN_001269,1375,2022-04-27,2760.53515400858
TXN_001270,2285,2024-02-06,3618.417874413718
TXN_001271,1365,2022-09-26,3341.0150521615137
TXN_001272,1766,2024-02-03,4717.019481348732
TXN_001273,1427,2023-12-19,4571.918150602679
TXN_001274,2031,2023-12-22,2049.101707470645
TXN_001275,2064,2022-06-12,256.8942642900506
TXN_001276,2280,2024-02-25,1730.115396247276
TXN_001277,1642,2022-05-20,1094.1605370932075
TXN_001278,1563,2023-11-12,744.6061869898018
TXN_001279,2125,2022-05-24,4450.924428659862
TXN_001280,2242,2022-08-10,3578.6637592208212
TXN_001281,1243,2024-02-20,259.63553753308344
TXN_001282,1844,2023-08-11,4606.793833456609
TXN_001283,1938,2023-09-22,4524.7454333646765
TXN_001284,1302,2023-09-02,4752.0075316855055
TXN_001285,1369,2023-03-11,4166.392389397148
TXN_001286,1850,2023-06-29,486.4986241093138
TXN_001287,1274,2023-03-30,3151.696250139721
TXN_001288,1069,2022-03-08,507.1309961320632
TXN_001289,1046,2022-01-06,3595.6420255811568
TXN_001290,1116,2024-03-14,1065.3441531457154
TXN_001291,1516,2022-08-29,4685.480448183037
TXN_001292,2277,2022-02-24,4677.438211390438
TXN_001293,1831,2023-01-18,3013.5529506660896
TXN_001294,1618,2023-03-10,3788.1119784129796
TXN_001295,1755,2023-04-15,4304.952246648408
TXN_001296,2196,2022-03-12,2006.816343184558
TXN_001297,1959,2023-08-29,2938.035642357486
TXN_001298,2452,2023-03-26,962.5148963597458
TXN_001299,1035,2023-04-25,4928.9316504274075
TXN_001300,1904,2022-05-23,4654.078745003445
TXN_001301,1406,2022-01-22,2468.7618592658773
TXN_001302,2439,2023-07-15,2811.3384017084927
TXN_001303,1411,2023-02-26,2239.817185276326
TXN_001304,1487,2023-10-10,108.14853103313986
TXN_001305,1778,2023-01-27,1226.9893555858348
TXN_001306,1831,2024-01-13,598.0760622595074
TXN_001307,2344,2023-09-04,1682.2050105961166
TXN_001308,2096,2023-04-13,1257.5536272271036
TXN_001309,1643,2022-10-20,3832.043582166162
TXN_001310,1412,2023-12-13,2573.505184742369
TXN_001311,1123,2022-05-01,4103.271769100751
TXN_001312,2408,2024-01-09,3214.9194548490377
TXN_001313,2005,2023-03-14,3315.509909342205
TXN_001314,1652,2024-01-21,4393.60152615486
TXN_001315,1231,2024-02-28,4251.2377907675
TXN_001316,1432,2022-04-11,410.1537572097628
TXN_001317,1490,2022-07-06,2933.90981575805
TXN_001318,1085,2022-06-08,2124.1409151855105
TXN_001319,2053,2023-06-02,3038.2234458473577
TXN_001320,2223,2023-11-13,4326.933561642611
TXN_001321,1874,2022-06-29,159.0301804805739
TXN_001322,1155,2023-03-07,153.74330240500348
TXN_001323,1756,2022-07-31,406.51856796425074
TXN_001324,1897,2023-11-07,4386.937751407163
TXN_001325,1531,2023-10-02,1832.0611747640248
TXN_001326,1151,2024-03-18,1919.0297884559727
TXN_001327,2100,2023-12-31,1792.4758424489723
TXN_001328,2351,2023-10-15,1231.716284548784
TXN_001329,1171,2023-03-09,290.4263775473926
TXN_001330,2428,2023-10-06,4541.916843492861
TXN_001331,2429,2024-02-02,1241.0831065000234
TXN_001332,1761,2022-04-11,4480.307966402648
TXN_001333,2385,2022-11-16,4782.986209946952
TXN_001334,2151,2022-04-08,2925.593076088583
TXN_001335,2359,2022-10-06,1924.1407533723966
TXN_001336,1692,2023-11-29,3852.40667082943
TXN_001337,2288,2022-05-23,224.37643570443203
TXN_001338,1194,2022-12-11,4651.447766641204
TXN_001339,1099,2022-12-22,2098.7899089029197
TXN_001340,2394,2023-08-14,1612.1504963305342
TXN_001341,2001,2022-12-21,721.9812373286755
TXN_001342,1908,2023-03-06,4780.334562593808
TXN_001343,1427,2022-02-08,4074.046804644734
TXN_001344,1586,2022-10-30,3647.3084384944423
TXN_001345,1919,2023-07-03,4661.7263936963245
TXN_001346,2156,2023-03-01,4803.172609720212
TXN_001347,1255,2022-12-14,1415.3901847196894
TXN_001348,2473,2023-03-05,3953.972325535846
TXN_001349,1720,2022-10-13,3858.2082552407605
TXN_001350,1403,2023-03-31,2830.8493407871215
TXN_001351,1959,2022-11-20,837.0849982722681
TXN_001352,1579,2023-06-03,4707.692825268925
TXN_001353,2077,2022-12-19,1645.372856675097
TXN_001354,1406,2024-03-25,2936.5088851715777
TXN_001355,2408,2022-10-30,194.96332296560055
TXN_001356,1241,2022-07-29,2202.8100263269644
TXN_001357,1046,2023-08-14,3122.781372197952
TXN_001358,1114,2023-03-20,1966.7030809745029
TXN_001359,2016,2022-05-13,2437.820976550944
TXN_001360,1805,2022-06-25,1040.9234406538749
TXN_001361,1129,2022-03-28,1816.0867022092336
TXN_001362,2178,2024-01-31,3644.485026394006
TXN_001363,1993,2023-04-03,4851.588357942167
TXN_001364,1494,2022-08-05,2397.055001995343
TXN_001365,1081,2023-02-10,3461.6284591218036
TXN_001366,1964,2023-02-11,4883.321298548483
TXN_001367,1668,2023-08-27,3896.4804104974114
TXN_001368,2048,2023-03-05,149.64012093233757
TXN_001369,2357,2023-12-20,4684.149140586274
TXN_001370,2205,2022-08-20,4346.176138391491
TXN_001371,2455,2024-03-30,1428.4531071205545
TXN_001372,2197,2023-12-12,989.6017917769504
TXN_001373,1808,2023-03-06,4506.198868914681
TXN_001374,2064,2022-02-07,3474.584943922846
TXN_001375,1444,2023-02-28,1261.2550700460386
TXN_001376,1868,2023-02-03,3598.02089357017
TXN_001377,2418,2023-08-12,3041.101701332439
TXN_001378,2311,2023-08-02,1615.1537596082385
TXN_001379,1560,2022-07-04,2828.1869728799347
TXN_001380,2285,2023-01-12,2683.610640473254
TXN_001381,1056,2022-10-02,2597.893971028854
TXN_001382,1005,2023-08-25,2635.096085730235
TXN_001383,1944,2022-10-13,101.98624043264488
TXN_001384,1578,2022-12-14,1416.3037254271896
TXN_001385,1914,2023-12-20,2211.248479804323
TXN_001386,1161,2023-06-14,723.5412744585076
TXN_001387,2320,2024-01-26,3770.9058558972315
TXN_001388,1774,2022-01-07,4249.746396652801
TXN_001389,1056,2022-07-07,4107.08372065625
TXN_001390,1527,2023-08-23,2352.2200385800293
TXN_001391,2082,2022-04-26,3484.439171147438
TXN_001392,2189,2023-05-14,476.7421297340347
TXN_001393,1545,2022-03-04,1077.0420202171501
TXN_001394,1045,2023-03-17,330.00228366961335
TXN_001395,1932,2022-12-10,4830.6570866917355
TXN_001396,1810,2023-08-10,2914.1314423667236
TXN_001397,1046,2023-01-14,958.6760960867169
TXN_001398,2413,2022-10-22,3566.972730832253
TXN_001399,1251,2023-11-14,2496.731106826421
TXN_001400,1165,2022-08-20,2227.8623888382294
TXN_001401,1367,2023-03-16,4575.920589225994
TXN_001402,2402,2023-01-29,3570.209807062002
TXN_001403,2340,2024-01-30,3484.227605635714
TXN_001404,2155,2024-01-07,576.8126312408233
TXN_001405,2412,2022-10-03,550.9405593878644
TXN_001406,1581,2023-12-05,3355.7231168430735
TXN_001407,1571,2022-06-16,866.8036129582491
TXN_001408,1347,2022-04-09,2320.941995046371
TXN_001409,1844,2023-02-16,2892.0449162723467
TXN_001410,1617,2022-08-16,2001.6439997819991
TXN_001411,1496,2023-02-18,517.2576508532728
TXN_001412,1695,2022-11-10,3742.4190222984594
TXN_001413,1510,2022-11-22,4436.65668328018
TXN_001414,1451,2022-03-03,892.2482909917519
TXN_001415,1542,2022-05-09,4285.10758311048
TXN_001416,1215,2024-02-01,3964.6101619185774
TXN_001417,1469,2023-03-28,2862.9153431410023
TXN_001418,1852,2023-02-13,3020.891652364895
TXN_001419,1303,2023-02-27,3292.6837479657115
TXN_001420,1297,2023-10-13,2671.3311770766813
TXN_001421,2369,2022-08-18,4237.279381383642
TXN_001422,1285,2023-07-25,2423.083455407515
TXN_001423,2011,2023-11-08,2780.5581364374293
TXN_001424,1125,2023-05-27,280.1504767784156
TXN_001425,1050,2023-12-17,982.3413939671034
TXN_001426,2442,2023-09-02,4528.51213565007
TXN_001427,2074,2022-12-04,695.7032676929617
TXN_001428,1470,2022-09-03,4529.84243944819
TXN_001429,2399,2023-10-11,3216.029147036803
TXN_001430,2388,2023-07-12,4608.606280073367
TXN_001431,2255,2022-07-23,4090.0987771721643
TXN_001432,1669,2022-07-12,4339.888955110161
TXN_001433,2329,2022-12-25,2669.476228788061
TXN_001434,1437,2023-07-08,4143.961694574718
TXN_001435,2274,2023-11-05,2356.5860247313153
TXN_001436,1850,2024-01-06,316.4473424757687
TXN_001437,1341,2022-09-11,3291.6555871253945
TXN_001438,2155,2022-10-11,3669.420756979477
TXN_001439,1748,2022-08-06,597.5887648071002
TXN_001440,1523,2023-09-04,4097.944078615084
TXN_001441,1654,2023-07-27,468.35153634297757
TXN_001442,1505,2023-07-06,2263.9091801972245
TXN_001443,1398,2022-07-01,2490.826223890833
TXN_001444,1905,2023-07-25,280.1088544661664
TXN_001445,2141,2022-08-11,422.44232438771525
TXN_001446,1060,2022-07-27,2308.156408206089
TXN_001447,2204,2023-02-27,1625.1626950762022
TXN_001448,1312,2022-06-19,4097.948050516816
TXN_001449,1264,2022-05-19,2127.888565938645
TXN_001450,2052,2022-07-22,617.0826694714892
TXN_001451,2286,2022-09-11,873.6047554090312
TXN_001452,1711,2022-06-15,3400.017912393036
TXN_001453,1912,2023-07-23,4755.319970008907
TXN_001454,1338,2023-09-27,4361.026825230518
TXN_001455,2445,2023-01-31,734.5222095164277
TXN_001456,1088,2023-03-02,180.20383681652598
TXN_001457,1331,2023-03-23,229.5499889891267
TXN_001458,2454,2023-05-21,2818.757229625522
TXN_001459,1151,2022-05-17,2480.898485520995
TXN_001460,1707,2023-02-10,165.64331904732575
TXN_001461,1125,2024-02-01,379.9013886396841
TXN_001462,2066,2023-07-23,4998.796856128221
TXN_001463,1420,2023-08-02,4828.212051688832
TXN_001464,1252,2022-08-19,720.9510929775779
TXN_001465,1998,2022-09-01,904.0894896160688
TXN_001466,1292,2022-10-13,4510.798011058346
TXN_001467,2240,2023-09-25,2586.4531197767787
TXN_001468,1168,2022-02-23,4794.0818102289295
TXN_001469,1733,2024-03-10,2649.664778429216
TXN_001470,2408,2024-02-29,2928.3980232416006
TXN_001471,1015,2023-01-27,1178.665909434224
TXN_001472,1036,2023-08-01,4392.771921838787
TXN_001473,2444,2022-09-27,4142.512796399387
TXN_001474,1295,2023-01-24,1753.3731564911188
TXN_001475,1434,2022-01-13,3100.6278154635884
TXN_001476,1319,2022-12-09,1773.0674898796017
TXN_001477,1533,2023-09-28,2373.4445663907204
TXN_001478,2322,2023-08-12,4282.401045308414
TXN_001479,1573,2022-12-05,2135.567970295551
TXN_001480,1922,2022-01-24,4218.7714847126945
TXN_001481,2039,2022-02-04,4804.613720626025
TXN_001482,1980,2023-08-09,2140.0859250969497
TXN_001483,1394,2023-05-01,4399.906552911265
TXN_001484,1276,2023-02-26,1589.5184086642812
TXN_001485,1648,2022-10-17,114.03545368224877
TXN_001486,1282,2022-10-17,514.0079342646492
TXN_001487,1998,2022-01-19,3711.7964045785
TXN_001488,1085,2024-02-10,590.890897151213
TXN_001489,1206,2023-09-20,4701.883194863184
TXN_001490,1562,2022-10-19,4346.239957221667
TXN_001491,1476,2024-02-11,2622.770027017204
TXN_001492,1591,2023-01-13,2949.3992438614337
TXN_001493,1130,2022-06-03,3502.30561642875
TXN_001494,1399,2023-12-16,3684.379635771797
TXN_001495,1135,2023-10-05,2506.9127700148533
TXN_001496,2369,2022-05-08,1635.6606543110124
TXN_001497,1169,2023-03-09,4560.175780166644
TXN_001498,1968,2024-02-16,328.1859969542045
TXN_001499,2186,2024-03-24,1844.8129219594493
TXN_001500,1198,2022-09-27,3365.8783074535445
TXN_001501,1738,2023-05-30,4466.25025031771
TXN_001502,2071,2022-09-15,463.6984182655838
TXN_001503,1764,2022-12-08,3328.8763783349905
TXN_001504,1102,2023-05-17,2486.677570719214
TXN_001505,1547,2023-02-21,3463.7956452679023
TXN_001506,1005,2022-04-10,1654.2925105094032
TXN_001507,1710,2023-01-29,3582.436282258458
TXN_001508,1011,2022-02-22,983.2823390664084
TXN_001509,1102,2023-03-04,3899.4579004118013
TXN_001510,1698,2023-11-09,3771.8113969294923
TXN_001511,1426,2022-05-29,4739.254648620301
TXN_001512,1170,2023-11-06,948.7971734151483
TXN_001513,1088,2023-03-27,3637.792750135955
TXN_001514,1715,2023-08-18,1680.9852177418907
TXN_001515,2462,2023-06-18,1481.098495468877
TXN_001516,2370,2023-06-16,2067.8185007232587
TXN_001517,1854,2023-12-24,1497.4876582453137
TXN_001518,2234,2023-01-01,1316.148251254351
TXN_001519,2457,2022-11-20,3865.087690783391
TXN_001520,1599,2023-06-04,3527.567176626366
TXN_001521,1425,2024-03-29,635.8566323342899
TXN_001522,2010,2023-10-28,2844.88898872454
TXN_001523,1995,2023-07-17,1721.913005912861
TXN_001524,2143,2022-09-03,4858.069748241284
TXN_001525,1177,2023-03-25,2182.7095473819763
TXN_001526,2152,2022-06-03,298.8110152243746
TXN_001527,1562,2022-09-03,1725.4090079968098
TXN_001528,1417,2024-03-25,1632.2679171282189
TXN_001529,1553,2022-02-12,127.61030144622472
TXN_001530,2341,2023-01-28,2490.133236133099
TXN_001531,1241,2022-06-12,4538.40105659858
TXN_001532,2379,2023-04-11,4031.3348794949616
TXN_001533,2461,2023-05-27,3454.8019162045875
TXN_001534,2481,2022-05-27,1783.3200348968853
TXN_001535,2465,2022-06-05,1236.6222882839722
TXN_001536,2251,2023-05-30,1778.8209630862325
TXN_001537,1407,2022-05-26,702.9907853255613
TXN_001538,2300,2023-05-27,587.4935890594561
TXN_001539,2041,2022-09-26,2915.2104587393856
TXN_001540,2334,2023-02-15,4088.5700569989694
TXN_001541,2347,2022-09-01,587.0148742093934
TXN_001542,2070,2022-10-23,1742.4167971776883
TXN_001543,1821,2024-03-17,701.495049204777
TXN_001544,1529,2022-11-10,1621.355563043642
TXN_001545,1499,2023-07-23,4168.290386084856
TXN_001546,1191,2022-10-07,270.7492062756868
TXN_001547,1048,2023-04-22,3271.3468559820426
TXN_001548,1093,2022-04-29,393.1993164856999
TXN_001549,1930,2023-06-18,2190.074957340583
TXN_001550,1166,2023-07-17,2422.8588115239177
TXN_001551,1253,2023-04-19,2067.399188542948
TXN_001552,1056,2022-07-31,3223.1888198062125
TXN_001553,1005,2023-12-29,4870.950587544068
TXN_001554,1237,2023-08-11,1409.769041118708
TXN_001555,1732,2023-04-11,3087.8682490753304
TXN_001556,2247,2023-12-17,1839.394887626205
TXN_001557,1589,2022-06-15,4997.553303627457
TXN_001558,1019,2023-04-25,4759.884354935901
TXN_001559,1776,2023-01-18,557.6740728232944
TXN_001560,2227,2022-03-02,4870.620332725227
TXN_001561,1141,2024-03-27,3717.5296305035113
TXN_001562,1375,2022-10-06,4962.488982514052
TXN_001563,1406,2024-02-11,3877.6582330676683
TXN_001564,1815,2023-08-11,731.7743477576169
TXN_001565,1079,2022-07-28,3777.2968480590866
TXN_001566,1209,2022-02-06,3660.475317331699
TXN_001567,1767,2023-08-28,917.0053055926
TXN_001568,2335,2022-05-14,3790.5466762578635
TXN_001569,1376,2024-01-21,3406.3857271006436
TXN_001570,1039,2023-02-16,4972.775603193918
TXN_001571,2376,2023-10-10,3131.823893166658
TXN_001572,1452,2024-01-05,2131.587076635361
TXN_001573,2446,2022-05-28,4774.183717270436
TXN_001574,1713,2023-02-01,3176.423509784625
TXN_001575,1085,2022-09-09,1808.2973388844364
TXN_001576,1235,2023-05-18,203.1237758090705
TXN_001577,2438,2023-05-22,3807.5338852768455
TXN_001578,2379,2023-08-14,685.6782911508869
TXN_001579,1643,2022-09-01,4625.979973455956
TXN_001580,2271,2023-01-02,4810.819200122106
TXN_001581,1666,2023-03-26,1258.4646076056206
TXN_001582,2252,2022-04-30,652.7463436431127
TXN_001583,1360,2022-11-05,3017.0681524464435
TXN_001584,1867,2023-09-26,1147.2858117243595
TXN_001585,1749,2022-07-31,2755.015467757234
TXN_001586,1174,2022-10-11,2129.6028096278615
TXN_001587,1827,2022-09-11,3980.9243398403282
TXN_001588,1803,2023-06-14,4999.321527420367
TXN_001589,2397,2022-09-20,2338.341873428978
TXN_001590,1060,2022-10-04,3456.5855178713573
TXN_001591,2193,2022-02-10,1774.8459826912447
TXN_001592,1774,2023-02-27,4326.257257878723
TXN_001593,1413,2023-05-24,281.06796268043576
TXN_001594,1115,2022-12-30,2518.2596860876724
TXN_001595,2198,2023-06-27,966.1996434425434
TXN_001596,2447,2024-03-20,966.5324371758581
TXN_001597,2151,2023-04-06,2711.6790196332195
TXN_001598,2028,2023-03-29,1608.2155597090457
TXN_001599,2349,2022-11-11,2349.124560295228
TXN_001600,1697,2023-09-22,1597.7336859478714
TXN_001601,2195,2022-12-26,2329.8378475640907
TXN_001602,2222,2022-08-22,1501.0088247019671
TXN_001603,2254,2022-02-12,4037.401331837614
TXN_001604,1799,2022-08-16,2833.357700477242
TXN_001605,1626,2023-10-08,891.0233391559555
TXN_001606,2356,2022-11-29,141.4446436597853
TXN_001607,2489,2023-10-31,185.72274167367985
TXN_001608,1423,2023-05-07,2166.281524172868
TXN_001609,2336,2022-07-25,1639.181377233797
TXN_001610,1522,2022-03-30,1384.3447789190693
TXN_001611,2447,2022-04-09,3152.3359780635124
TXN_001612,1174,2022-02-06,4084.6722243617924
TXN_001613,1897,2023-01-09,410.5614359275027
TXN_001614,1986,2023-01-26,638.8706439096021
TXN_001615,1373,2023-03-10,1906.8555753917142
TXN_001616,1631,2023-05-01,2263.2840373732915
TXN_001617,1236,2023-01-27,2036.6275768809144
TXN_001618,2009,2023-12-12,3229.319375303162
TXN_001619,1967,2022-12-22,527.3549907594769
TXN_001620,1442,2022-02-24,2524.1681123145972
TXN_001621,2061,2023-09-09,4077.5481586959413
TXN_001622,1783,2024-01-25,4649.449964509175
TXN_001623,2019,2023-08-09,2845.843792994641
TXN_001624,1886,2022-11-10,778.2789730970984
TXN_001625,1845,2022-04-14,3664.6162910572634
TXN_001626,1841,2024-01-03,4002.0247031615286
TXN_001627,1634,2022-01-16,1061.8259554078822
TXN_001628,1155,2023-02-13,3419.774341574096
TXN_001629,1728,2022-01-29,4659.522193181428
TXN_001630,2217,2024-02-15,3622.325234367486
TXN_001631,1812,2022-12-22,2136.283221696418
TXN_001632,2184,2023-01-14,2269.5386599711474
TXN_001633,1639,2023-11-26,489.8275369902267
TXN_001634,2149,2023-07-18,2677.9616357782747
TXN_001635,2262,2023-05-26,4033.1545732300037
TXN_001636,2064,2022-12-13,4894.633325557463
TXN_001637,1185,2023-09-10,2056.588494529873
TXN_001638,1460,2023-05-18,2233.300658314912
TXN_001639,2412,2022-01-25,368.3430792859566
TXN_001640,2284,2022-04-02,3898.0939098917956
TXN_001641,2429,2022-11-25,3611.622971700578
TXN_001642,1545,2023-06-22,2074.335658421607
TXN_001643,2472,2023-08-25,3575.45146002015
TXN_001644,1698,2023-11-18,3152.8245736654917
TXN_001645,2424,2022-12-08,3868.0655839949723
TXN_001646,1306,2023-03-24,1639.2992079211183
TXN_001647,1944,2023-01-31,3289.011711390241
TXN_001648,1136,2023-06-26,3165.5445036927076
TXN_001649,2225,2023-06-10,543.4025191896866
TXN_001650,1892,2023-05-17,1476.6686093643193
TXN_001651,1654,2023-02-11,4314.983613510002
TXN_001652,1620,2022-05-10,865.0473324856425
TXN_001653,1156,2022-05-11,1959.8628399103056
TXN_001654,2278,2023-06-02,1203.6552941412667
TXN_001655,1180,2023-12-24,786.9085523701872
TXN_001656,1408,2022-05-29,768.4155886848927
TXN_001657,1852,2022-10-03,1804.9808393644332
TXN_001658,1976,2023-10-23,4037.020046061033
TXN_001659,2051,2023-07-06,4834.947863030726
TXN_001660,1870,2022-07-15,2901.998837092303
TXN_001661,1611,2023-02-13,3212.599017976366
TXN_001662,2222,2023-09-28,3915.8448491105864
TXN_001663,1068,2022-03-12,3342.8256427295864
TXN_001664,1601,2022-07-18,4256.776190407705
TXN_001665,1016,2023-06-29,4431.852108540518
TXN_001666,1848,2024-03-29,3175.769393600606
TXN_001667,1878,2023-08-25,2712.007340166393
TXN_001668,1834,2023-04-10,2016.1511827861057
TXN_001669,1545,2022-03-31,2361.7452434238835
TXN_001670,1059,2024-02-27,1792.7439442763791
TXN_001671,1183,2024-02-26,2192.135013700592
TXN_001672,1837,2023-12-12,4508.578297351471
TXN_001673,2388,2023-07-22,4864.622270983803
TXN_001674,2021,2024-01-19,1871.515902464419
TXN_001675,2457,2022-01-01,1180.8912395447358
TXN_001676,2222,2022-06-16,483.1338429455719
TXN_001677,1752,2023-07-03,4200.961725420922
TXN_001678,2255,2024-02-25,4366.263449105398
TXN_001679,1722,2023-08-14,2307.313360351699
TXN_001680,2391,2022-08-30,2757.847278283841
TXN_001681,2453,2022-05-14,3725.1241050196886
TXN_001682,2142,2022-09-09,1941.6779155175705
TXN_001683,1329,2022-01-22,1087.3017153818723
TXN_001684,2238,2024-02-18,661.946725035912
TXN_001685,2345,2023-12-31,1252.6818879434127
TXN_001686,2172,2022-03-13,3262.1367307374544
TXN_001687,2431,2023-06-05,1803.656651171383
TXN_001688,2400,2023-10-09,4351.746335286137
TXN_001689,1780,2023-12-08,528.9678759854505
TXN_001690,2343,2024-03-24,2140.212547198823
TXN_001691,2028,2023-07-24,1359.1159054112932
TXN_001692,1401,2024-03-06,4449.714567797747
TXN_001693,1627,2023-05-16,4050.447109896154
TXN_001694,1202,2024-03-09,4923.111728950358
TXN_001695,2060,2022-11-04,684.4369075621687
TXN_001696,1053,2022-09-08,3932.9937303217393
TXN_001697,1287,2023-08-26,716.7217816011596
TXN_001698,2307,2022-07-23,859.6155169915698
TXN_001699,2068,2022-01-08,292.0369533023886
TXN_001700,1283,2022-04-18,2377.0685589332793
TXN_001701,1832,2024-01-15,716.8204341207659
TXN_001702,1581,2024-02-25,1806.9171457823777
TXN_001703,1041,2023-09-24,1453.3766099257814
TXN_001704,2440,2024-03-27,4884.138686568539
TXN_001705,1271,2023-06-07,3325.4880765225043
TXN_001706,2164,2023-01-08,2111.234796524701
TXN_001707,1916,2023-01-21,4404.423288532718
TXN_001708,1570,2022-07-02,412.8385883370087
TXN_001709,1751,2022-11-05,1737.8629366114917
TXN_001710,1046,2022-06-28,2621.5045771778173
TXN_001711,2190,2023-12-19,363.99044436758896
TXN_001712,1125,2023-08-27,814.7080297656105
TXN_001713,1471,2022-08-15,4485.732974404177
TXN_001714,1810,2023-06-02,980.1673432756575
TXN_001715,1620,2022-01-12,4616.118815666101
TXN_001716,1676,2022-09-07,570.7433022377545
TXN_001717,1369,2023-02-22,4452.253327025291
TXN_001718,1770,2023-01-12,2323.1869728307447
TXN_001719,1587,2022-07-17,2909.0004348314287
TXN_001720,1006,2023-10-01,1479.949285827851
TXN_001721,1697,2023-03-24,1439.3645649382756
TXN_001722,2299,2022-02-06,2511.4538952409207
TXN_001723,1064,2023-02-25,1843.4558070915296
TXN_001724,1201,2022-01-08,480.71203112334854
TXN_001725,1141,2022-06-14,1833.047865777215
TXN_001726,2121,2022-04-30,1348.0603196413335
TXN_001727,1816,2024-01-14,4263.233557634985
TXN_001728,1216,2024-01-07,4208.789026175539
TXN_001729,1990,2023-01-07,793.2492539641873
TXN_001730,2316,2022-08-21,3677.338750973281
TXN_001731,2157,2023-03-06,2309.110283710812
TXN_001732,1261,2022-10-14,4355.681580931207
TXN_001733,1283,2024-01-08,1442.5462217950303
TXN_001734,1101,2023-01-30,531.7718221086891
TXN_001735,1376,2023-02-24,4022.4351662676713
TXN_001736,1205,2023-03-28,4354.955726335666
TXN_001737,2036,2023-10-19,4218.504574323479
TXN_001738,1760,2024-02-01,1713.5681272620511
TXN_001739,2146,2022-09-29,251.23994062330937
TXN_001740,1009,2022-10-13,784.1160968738096
TXN_001741,2190,2022-02-08,4604.907469141099
TXN_001742,1150,2023-07-10,1883.9390949203157
TXN_001743,2060,2023-05-12,4413.020810732641
TXN_001744,1775,2023-05-03,4905.984379671021
TXN_001745,2497,2023-01-07,2038.9973272924624
TXN_001746,2467,2023-07-03,3904.5856235637602
TXN_001747,2365,2023-02-14,928.6608413976636
TXN_001748,2028,2022-09-13,1980.3690425560114
TXN_001749,1889,2023-04-21,3555.394271921501
TXN_001750,2249,2022-07-30,1114.840780722166
TXN_001751,2147,2023-02-09,1667.0000721709307
TXN_001752,1402,2023-08-27,2862.7541283368064
TXN_001753,1938,2023-06-15,3486.937182279377
TXN_001754,1810,2023-09-04,1848.706405671942
TXN_001755,2058,2023-01-30,1946.3398070118446
TXN_001756,2260,2023-10-21,638.3542441863527
TXN_001757,2491,2023-08-04,4921.9041241630875
TXN_001758,1498,2022-05-10,3099.9570358795086
TXN_001759,1511,2022-01-25,2698.6050709126266
TXN_001760,1316,2023-09-19,1135.6310648827873
TXN_001761,1302,2022-03-31,2491.348502615208
TXN_001762,2125,2024-03-08,2291.8246654532645
TXN_001763,2335,2022-09-30,1366.9392249054902
TXN_001764,1081,2022-12-07,2286.744980216964
TXN_001765,1657,2022-07-31,1097.2981862265906
TXN_001766,1192,2023-09-15,3580.1031696794225
TXN_001767,1223,2022-12-14,4553.047164439911
TXN_001768,1052,2023-08-11,112.68600440769406
TXN_001769,2014,2022-10-23,2825.656477878497
TXN_001770,1344,2023-01-25,3688.3646650956002
TXN_001771,2108,2022-03-29,4545.259418338181
TXN_001772,1986,2023-03-03,1856.2613545345093
TXN_001773,1640,2022-06-19,4545.04393632425
TXN_001774,1210,2022-05-27,4145.207856874817
TXN_001775,1863,2022-08-28,2673.551701325198
TXN_001776,1775,2022-02-24,1359.020843328126
TXN_001777,1914,2023-08-27,3298.8005121973133
TXN_001778,1182,2024-02-04,1376.7364219117057
TXN_001779,2295,2023-10-31,1809.3481431674961
TXN_001780,1505,2024-02-02,2388.247036662751
TXN_001781,2250,2024-02-15,2540.080866729533
TXN_001782,1011,2023-06-04,1026.8206207318094
TXN_001783,1092,2022-10-26,3499.6311318313965
TXN_001784,1329,2023-09-02,4960.3891754251645
TXN_001785,1189,2023-07-16,1294.9650961387365
TXN_001786,1865,2023-12-26,2817.2452866697226
TXN_001787,1953,2022-01-04,2328.1062564975455
TXN_001788,2021,2022-12-30,1608.116546058269
TXN_001789,1292,2022-10-19,2156.9232051252256
TXN_001790,1260,2023-01-24,3690.3400504153033
TXN_001791,1709,2024-01-23,2132.2238344498146
TXN_001792,1322,2023-04-16,2583.1357150313584
TXN_001793,1009,2023-06-15,2438.4729013991955
TXN_001794,1964,2023-03-02,2820.6281556597305
TXN_001795,1087,2023-02-03,1526.840698400052
TXN_001796,1339,2024-02-21,2597.539322273642
TXN_001797,2341,2022-10-31,760.722140648141
TXN_001798,2246,2023-12-14,3732.7827032519663
TXN_001799,1686,2022-04-14,643.5298301040839
TXN_001800,1208,2022-11-27,3946.30019404857
TXN_001801,2072,2022-12-30,4145.148820634191
TXN_001802,1921,2023-01-01,193.40563523091316
TXN_001803,1262,2022-03-23,4171.111751481378
TXN_001804,2229,2023-07-21,3276.0284674510217
TXN_001805,1669,2024-03-10,574.8564791085004
TXN_001806,2488,2024-01-18,4989.809811240345
TXN_001807,1019,2023-11-07,3115.787335683092
TXN_001808,1567,2022-03-26,2064.20119660243
TXN_001809,1969,2022-08-07,4437.550777113456
TXN_001810,2131,2023-01-03,303.9532446408881
TXN_001811,1139,2023-12-26,3614.980045741319
TXN_001812,2114,2023-12-16,804.2578203000836
TXN_001813,1270,2024-03-22,2807.251713998221
TXN_001814,2352,2022-08-30,570.1153422649263
TXN_001815,2233,2022-06-11,3427.814150405253
TXN_001816,2478,2022-06-28,2378.1492219569195
TXN_001817,1283,2022-04-02,132.8352128564129
TXN_001818,1365,2023-05-15,449.85075709354726
TXN_001819,1483,2023-10-12,3544.891319684673
TXN_001820,1002,2023-05-21,2057.3432433676207
TXN_001821,2003,2023-09-16,3393.5491617704615
TXN_001822,1783,2022-06-18,2010.2340435549906
TXN_001823,1163,2023-01-22,1872.2711179876947
TXN_001824,1387,2022-11-17,4289.078709628171
TXN_001825,1994,2022-04-11,4288.557461323721
TXN_001826,2032,2022-10-23,4606.935858531278
TXN_001827,2015,2022-07-12,4132.803981611458
TXN_001828,2389,2023-04-06,724.4177981064807
TXN_001829,1011,2023-12-20,425.8146559994297
TXN_001830,1073,2022-10-13,386.24769246037977
TXN_001831,1237,2022-08-04,4903.010698687323
TXN_001832,2131,2023-04-01,2555.6434890377523
TXN_001833,1914,2022-08-16,664.3324822712564
TXN_001834,1233,2022-12-27,2767.0468470473684
TXN_001835,2462,2022-02-12,3580.4529717162814
TXN_001836,2115,2022-06-30,563.0025041460005
TXN_001837,1871,2023-05-26,1797.3795151984602
TXN_001838,2221,2023-04-07,1020.3379833950431
TXN_001839,2139,2022-10-13,4879.611748832785
TXN_001840,2388,2022-10-24,1659.3197641022216
TXN_001841,1152,2023-07-10,3483.4749531874054
TXN_001842,2131,2022-02-06,4600.325732676983
TXN_001843,1527,2024-01-31,4329.6213616597115
TXN_001844,1810,2022-03-24,2030.4729139997419
TXN_001845,1055,2022-09-14,1623.4689009384279
TXN_001846,2475,2022-08-05,4065.3154483051626
TXN_001847,2415,2023-06-06,1105.2747289687372
TXN_001848,1614,2024-01-20,3614.8736605083564
TXN_001849,2231,2022-01-26,4192.903857162999
TXN_001850,1933,2022-09-08,4261.179773544947
TXN_001851,1662,2022-08-03,143.69541222603226
TXN_001852,1299,2023-10-19,2549.3665613441567
TXN_001853,1975,2022-11-16,1852.195151508838
TXN_001854,1629,2024-01-04,4896.413585074103
TXN_001855,2302,2023-02-15,2765.9723646275934
TXN_001856,1143,2023-04-04,2194.472294417887
TXN_001857,2227,2022-11-20,1297.3814812840092
TXN_001858,1228,2023-06-14,4243.5878959387765
TXN_001859,2288,2022-12-05,1664.917811970885
TXN_001860,1465,2022-08-16,4151.093964253509
TXN_001861,1136,2022-08-24,4468.879086342764
TXN_001862,1239,2023-01-01,385.05511937769154
TXN_001863,1448,2023-03-10,2598.93418501329
TXN_001864,2338,2023-03-25,2159.8320402100167
TXN_001865,1150,2023-05-22,2026.2286470442955
TXN_001866,2348,2022-10-03,1920.1911986752207
TXN_001867,2426,2023-09-25,2706.7321712424196
TXN_001868,1802,2022-03-03,737.9861991338282
TXN_001869,1352,2022-11-27,4369.311171016246
TXN_001870,2133,2022-07-06,2834.1163052848833
TXN_001871,1465,2023-06-21,1800.8420784112982
TXN_001872,2063,2023-05-20,1290.8380047724615
TXN_001873,1653,2023-08-31,3121.1618121881834
TXN_001874,2363,2022-11-17,3954.9849302165344
TXN_001875,2395,2022-07-12,2260.2118988244865
TXN_001876,1052,2022-09-11,4924.169203990039
TXN_001877,2103,2023-08-02,2724.2838915873667
TXN_001878,1350,2022-11-10,4896.666133666825
TXN_001879,1738,2023-07-06,4816.742848766256
TXN_001880,1339,2022-08-12,3038.748455235395
TXN_001881,2144,2023-03-07,2948.547704851543
TXN_001882,1064,2022-12-22,617.798110425356
TXN_001883,2463,2023-03-03,4653.469108177221
TXN_001884,1295,2023-01-27,4035.7273550605837
TXN_001885,1941,2022-08-10,2552.2715483236134
TXN_001886,1204,2022-04-13,1601.399053463474
TXN_001887,1646,2022-11-14,4208.876044092807
TXN_001888,2301,2024-01-30,1528.436205557083
TXN_001889,1134,2023-11-05,2755.1024043078787
TXN_001890,1377,2024-02-15,1074.250367295208
TXN_001891,2075,2023-06-21,4042.117143775702
TXN_001892,1867,2023-10-28,3788.763077807162
TXN_001893,1579,2022-08-07,1529.6949184258647
TXN_001894,2016,2023-03-14,675.0446005919486
TXN_001895,1709,2024-02-05,967.6424403808109
TXN_001896,1066,2023-12-28,3120.137612816845
TXN_001897,1002,2022-06-18,835.1956501675613
TXN_001898,2474,2023-08-15,1668.6149110844144
TXN_001899,1509,2022-03-13,4212.073705243778
TXN_001900,2461,2023-07-29,500.6884267344305
TXN_001901,1776,2023-04-01,2947.7871629245305
TXN_001902,1101,2022-03-16,2059.1492564040236
TXN_001903,2460,2022-09-20,689.5469510560497
TXN_001904,1798,2023-04-14,2596.230957848277
TXN_001905,1733,2023-09-02,2631.5617762703464
TXN_001906,2044,2023-08-20,1952.622893800968
TXN_001907,1386,2024-03-28,371.07877226585373
TXN_001908,1532,2024-02-24,1113.6491593830733
TXN_001909,1091,2023-10-23,2083.125434879781
TXN_001910,2156,2023-06-02,1458.3966119369932
TXN_001911,1838,2023-09-13,886.5986024529707
TXN_001912,1504,2022-07-18,2486.1334569243627
TXN_001913,2476,2022-12-04,2048.2422429568187
TXN_001914,1840,2022-02-07,3358.2069414594916
TXN_001915,1686,2022-11-15,2846.11342086783
TXN_001916,1724,2023-10-02,931.7542579258793
TXN_001917,1147,2022-05-20,3469.5396549653983
TXN_001918,1933,2022-09-05,2380.3650639797015
TXN_001919,2255,2024-02-10,655.9373415987569
TXN_001920,1883,2023-10-21,190.41530448463433
TXN_001921,2188,2023-03-03,3169.4740147120588
TXN_001922,1313,2022-07-14,3131.365422653875
TXN_001923,1656,2022-08-03,4120.304498534334
TXN_001924,1297,2024-01-23,3835.9239369827833
TXN_001925,1222,2023-10-07,4399.767890160518
TXN_001926,1352,2023-06-25,1532.8504316503684
TXN_001927,1415,2023-09-02,2124.5483963696756
TXN_001928,1061,2023-01-24,403.4305633748004
TXN_001929,1607,2023-03-05,2115.6048226205658
TXN_001930,1623,2023-11-25,1176.8522737129474
TXN_001931,1375,2022-06-01,4046.05400724694
TXN_001932,1598,2022-04-13,3315.7067667525353
TXN_001933,1404,2023-02-09,3930.283472838264
TXN_001934,1928,2022-10-15,3003.168296477696
TXN_001935,2278,2024-01-17,3029.8917857751157
TXN_001936,2474,2022-05-13,1252.6021586117586
TXN_001937,1389,2023-03-22,3382.1258280211305
TXN_001938,1765,2023-02-06,805.4533758985269
TXN_001939,1347,2024-01-12,1451.6264758644318
TXN_001940,2345,2022-02-04,981.7431477738545
TXN_001941,2087,2023-08-15,4752.630189262669
TXN_001942,2177,2024-01-24,4500.627418869693
TXN_001943,1957,2022-12-10,4386.696772287363
TXN_001944,1516,2023-04-29,4804.849333656944
TXN_001945,2418,2023-10-07,3101.7114558603316
TXN_001946,1329,2023-06-05,4484.019491597116
TXN_001947,2486,2023-01-23,1530.105829266019
TXN_001948,1973,2024-02-04,1985.3139290999984
TXN_001949,1091,2023-06-29,2388.133407020906
TXN_001950,2245,2023-11-30,538.0843329171657
TXN_001951,1189,2022-01-11,4140.997016993245
TXN_001952,1571,2023-08-04,683.9612292149158
TXN_001953,1204,2022-05-18,4018.301047233649
TXN_001954,1211,2022-05-11,4619.058066932101
TXN_001955,1769,2023-02-03,2882.371243346321
TXN_001956,1088,2022-09-08,912.9175235374303
TXN_001957,1954,2023-09-27,2239.8599672277805
TXN_001958,1362,2023-01-01,780.3820080277105
TXN_001959,2394,2023-02-25,683.2858623017189
TXN_001960,1331,2023-02-28,3804.7844052201053
TXN_001961,1920,2024-02-24,2025.8801099446698
TXN_001962,1707,2024-01-25,100.63186472762426
TXN_001963,2449,2022-06-11,337.4757993689686
TXN_001964,1843,2022-04-05,4106.992579283027
TXN_001965,2478,2022-06-11,3136.52136293295
TXN_001966,1694,2024-03-06,4238.119588773392
TXN_001967,1421,2022-12-27,1440.9902208339213
TXN_001968,1762,2022-08-17,1640.17402547246
TXN_001969,1735,2022-04-26,3122.6713396321225
TXN_001970,2194,2022-08-09,3359.2521192771305
TXN_001971,1709,2023-04-08,229.93228013231408
TXN_001972,1248,2023-11-12,4545.3532051054035
TXN_001973,1180,2022-11-11,4015.8991339636864
TXN_001974,2498,2022-11-26,746.1295507370164
TXN_001975,1482,2023-10-19,150.58077385119336
TXN_001976,2407,2022-10-13,3868.9073422215224
TXN_001977,1788,2022-07-01,4524.107482174888
TXN_001978,2427,2024-03-30,1678.3152145934353
TXN_001979,2184,2023-04-01,1671.930947317146
TXN_001980,1247,2022-10-02,2621.631249423251
TXN_001981,1318,2022-02-06,3405.3261593551115
TXN_001982,1963,2023-03-19,3273.5805973351085
TXN_001983,1699,2022-02-05,3787.898572342714
TXN_001984,1530,2022-03-09,658.522622184233
TXN_001985,2136,2023-02-14,2647.0942254605056
TXN_001986,1562,2022-12-26,2581.013853908973
TXN_001987,2367,2022-05-01,4754.283164908564
TXN_001988,1122,2023-10-29,4599.433323756887
TXN_001989,1749,2023-12-18,3776.578678700995
TXN_001990,1318,2023-07-10,4396.882139798009
TXN_001991,2436,2023-04-27,3753.546002337919
TXN_001992,1585,2022-10-16,3630.3628679621775
TXN_001993,1244,2022-03-31,1156.975479094009
TXN_001994,1543,2022-07-31,3124.5376165262323
TXN_001995,2480,2023-07-29,4588.704789720203
TXN_001996,1152,2022-03-13,3775.705388125735
TXN_001997,1655,2022-10-17,3063.141543772877
TXN_001998,1014,2023-01-02,1365.060255287265
TXN_001999,2466,2022-01-27,3425.34070261178
TXN_002000,2327,2023-02-24,1800.5922102547786
TXN_002001,1244,2022-12-28,419.6459198993758
TXN_002002,1790,2023-07-19,1272.822180910581
TXN_002003,1566,2024-01-24,2007.242067666003
TXN_002004,1553,2023-03-31,4983.670426750944
TXN_002005,1898,2024-03-15,3824.572335977201
TXN_002006,2478,2023-09-04,1469.8726856446947
TXN_002007,2382,2023-04-17,3835.710178287963
TXN_002008,1051,2023-08-14,1852.4418146405733
TXN_002009,1010,2023-01-04,3078.7743148959544
TXN_002010,1822,2022-11-22,3846.935568146352
TXN_002011,1226,2023-02-14,3730.0912250275414
TXN_002012,1113,2023-08-25,786.1625650238187
TXN_002013,1603,2023-05-18,4145.138344301111
TXN_002014,2110,2022-01-25,4622.39561961149
TXN_002015,1592,2022-06-10,1243.761112293109
TXN_002016,2273,2022-07-14,1714.1390112507636
TXN_002017,2273,2023-12-14,4697.167526618215
TXN_002018,1936,2023-02-25,4920.012763738512
TXN_002019,2444,2023-11-09,2322.149324264482
TXN_002020,1209,2024-01-04,269.23373604794136
TXN_002021,1950,2024-03-05,4671.166704841131
TXN_002022,2004,2022-01-13,224.42439877110718
TXN_002023,1610,2023-02-11,1718.0262037087439
TXN_002024,2080,2022-12-21,539.4804911942731
TXN_002025,2086,2022-09-03,2607.547643023148
TXN_002026,1337,2022-03-29,284.10693542055986
TXN_002027,1724,2023-03-15,1204.504967791332
TXN_002028,1814,2023-02-25,2348.3349070235827
TXN_002029,1531,2023-10-14,463.4326147826343
TXN_002030,1758,2022-09-13,2454.0744379757043
TXN_002031,1005,2022-10-03,1399.058665536241
TXN_002032,1584,2023-10-20,1407.8764522115014
TXN_002033,1618,2022-01-07,4691.469574669592
TXN_002034,1796,2023-05-15,3482.1232654617165
TXN_002035,2484,2022-09-03,4654.4524529860455
TXN_002036,1355,2022-12-12,2920.8803385416195
TXN_002037,1218,2022-07-23,4545.144338760534
TXN_002038,1366,2023-04-27,4203.397792501452
TXN_002039,1888,2024-01-22,4989.431326629541
TXN_002040,1560,2023-04-25,2565.207164101679
TXN_002041,1363,2022-04-04,3511.018007241789
TXN_002042,2413,2022-11-06,887.2788289013107
TXN_002043,2318,2023-06-04,4703.51107868314
TXN_002044,1504,2023-03-06,2053.862962194967
TXN_002045,2311,2022-06-19,4591.503769607804
TXN_002046,1176,2022-04-29,593.4918486676534
TXN_002047,2322,2024-01-28,2624.746992952977
TXN_002048,2307,2023-10-02,106.86227635626678
TXN_002049,1812,2024-01-04,2138.489809219879
TXN_002050,1576,2022-03-04,507.60088343527315
TXN_002051,1817,2022-04-27,2300.9802997524775
TXN_002052,2077,2022-04-19,2823.394549788004
TXN_002053,1818,2024-01-16,4276.130686100539
TXN_002054,2343,2023-05-08,1547.61910008314
TXN_002055,1478,2023-12-18,2877.361657607706
TXN_002056,1721,2023-08-23,425.6383978200131
TXN_002057,2244,2023-02-21,4576.174283153581
TXN_002058,2366,2022-11-21,2313.4807134979037
TXN_002059,2237,2022-08-28,1337.6911427161517
TXN_002060,2345,2023-12-11,2369.8311640869993
TXN_002061,1580,2023-05-31,2459.379367531239
TXN_002062,1745,2023-09-10,3742.1522893547376
TXN_002063,2038,2023-09-11,4875.412856350733
TXN_002064,1877,2022-09-09,1012.1015456293953
TXN_002065,1133,2022-07-05,367.01790000025795
TXN_002066,1717,2024-01-08,3312.9655120560524
TXN_002067,2047,2023-02-17,4434.434276262559
TXN_002068,1376,2023-05-19,2868.7041110447017
TXN_002069,2165,2023-06-17,491.36287678090804
TXN_002070,1651,2022-06-03,2166.696987928557
TXN_002071,2462,2022-08-12,3308.190553262418
TXN_002072,2347,2023-08-21,1707.4336156428526
TXN_002073,2145,2023-07-07,4240.044113779574
TXN_002074,2323,2023-02-22,1200.9985818405376
TXN_002075,2364,2023-04-30,1886.0239927693694
TXN_002076,2202,2023-11-15,4590.519416064173
TXN_002077,2231,2023-11-03,2910.3939732602876
TXN_002078,1165,2022-06-09,130.55167177618372
TXN_002079,2064,2022-02-20,1295.7045289364348
TXN_002080,2098,2023-09-22,3791.249350354311
TXN_002081,2371,2022-10-07,355.03620362679203
TXN_002082,1271,2022-06-21,4965.974935903764
TXN_002083,1989,2022-11-28,4499.739254852546
TXN_002084,1165,2023-08-19,1196.7513990906664
TXN_002085,1761,2022-10-20,4487.973685924476
TXN_002086,2109,2022-03-07,3527.420354809909
TXN_002087,1648,2022-09-27,2184.2189463442205
TXN_002088,1844,2022-12-10,1060.97569318134
TXN_002089,1550,2022-09-28,1081.035997095571
TXN_002090,1598,2022-03-02,3010.9644486891307
TXN_002091,1154,2023-11-20,2138.700336634466
TXN_002092,2246,2023-09-21,3016.508628521206
TXN_002093,1416,2022-05-16,1718.2522308186574
TXN_002094,2385,2022-09-16,1227.3651308887165
TXN_002095,2369,2022-09-13,4199.122566185057
TXN_002096,2169,2022-11-27,4608.21338964419
TXN_002097,1066,2023-01-28,3555.7603103163956
TXN_002098,1516,2024-02-22,891.7855303552216
TXN_002099,2082,2023-06-28,552.3210590309552
TXN_002100,2006,2022-09-11,2741.51012283428
TXN_002101,1587,2022-09-24,2796.7257637606726
TXN_002102,1771,2024-03-04,3232.2839852824964
TXN_002103,1759,2022-01-07,4540.2595630634705
TXN_002104,2039,2023-03-15,3269.289845156325
TXN_002105,1175,2023-07-05,4589.117602291926
TXN_002106,1321,2022-01-04,676.7176240709824
TXN_002107,2484,2023-06-26,3575.3128892469476
TXN_002108,1135,2023-11-09,4644.462326110911
TXN_002109,1427,2022-11-03,2367.748314322674
TXN_002110,1930,2023-04-07,4840.849568650972
TXN_002111,1910,2023-07-02,2807.3149317884795
TXN_002112,1679,2022-12-17,4720.573358403203
TXN_002113,1321,2023-05-14,3767.7392490392413
TXN_002114,2359,2022-07-30,2343.028732051008
TXN_002115,1780,2022-04-23,268.02786970559276
TXN_002116,1170,2022-04-27,3321.219540955989
TXN_002117,1923,2022-11-12,1345.9651915011445
TXN_002118,1128,2023-07-17,1514.4106420340188
TXN_002119,1679,2023-03-09,196.94146677384438
TXN_002120,2441,2022-01-15,2832.497009055882
TXN_002121,1396,2022-07-20,1517.5423699225958
TXN_002122,1060,2022-12-13,4913.703307692102
TXN_002123,2140,2022-05-04,3770.1376161949665
TXN_002124,1472,2022-06-05,1851.687669488798
TXN_002125,1737,2023-02-13,1542.7981407670811
TXN_002126,1396,2022-07-27,3603.369011134286
TXN_002127,1803,2023-04-11,1345.6182565363172
TXN_002128,1956,2024-01-24,2295.22870253295
TXN_002129,2241,2022-06-13,885.8881351558941
TXN_002130,1654,2024-02-11,1345.1307899980209
TXN_002131,1601,2022-10-04,582.0880171448252
TXN_002132,1267,2023-12-06,2193.0244406583724
TXN_002133,1075,2024-01-20,4641.236054119678
TXN_002134,2092,2023-01-29,594.215237689221
TXN_002135,2468,2022-02-19,2242.9202062698955
TXN_002136,2321,2023-12-26,1561.780377705725
TXN_002137,2497,2024-02-17,1878.5233426410364
TXN_002138,2183,2023-08-25,3880.28053587897
TXN_002139,1897,2022-05-24,2231.7114452239507
TXN_002140,2031,2022-06-15,3286.9271304379176
TXN_002141,1821,2022-03-08,4863.767499660399
TXN_002142,1087,2022-01-20,3120.6577854668353
TXN_002143,2164,2023-09-15,1753.2049533779834
TXN_002144,1524,2022-03-10,2048.512930498366
TXN_002145,1825,2023-03-30,3509.9546088235247
TXN_002146,1574,2022-01-25,3502.2370432839625
TXN_002147,2366,2022-11-06,1903.703983398011
TXN_002148,1686,2022-01-12,3649.8908402229263
TXN_002149,1974,2023-07-31,2797.8216814636953
TXN_002150,2239,2023-11-25,4904.059856278369
TXN_002151,1505,2022-08-22,4549.646283127855
TXN_002152,1073,2022-05-13,4136.880133134174
TXN_002153,1805,2023-11-29,268.2387791271585
TXN_002154,1580,2023-08-14,1964.1294787157053
TXN_002155,2092,2023-10-06,2909.1267506532317
TXN_002156,1222,2022-10-02,2655.9194178644098
TXN_002157,1896,2023-12-13,3841.471868221229
TXN_002158,1385,2023-09-05,4554.510800282801
TXN_002159,2308,2022-06-01,3957.000465704825
TXN_002160,1121,2023-03-28,1178.9853795783267
TXN_002161,1732,2022-08-04,2479.4996763288864
TXN_002162,2464,2023-10-21,2028.6968878989398
TXN_002163,1822,2024-03-02,3854.3831005134416
TXN_002164,1456,2022-11-06,4486.1077109528915
TXN_002165,1163,2022-08-21,1505.456016555178
TXN_002166,2286,2023-05-08,2495.6582432990213
TXN_002167,1091,2022-05-29,3686.4002530682424
TXN_002168,1335,2022-12-03,344.76955919623686
TXN_002169,1585,2023-04-01,4819.052164668086
TXN_002170,1934,2023-04-24,4019.823367932948
TXN_002171,1313,2023-05-22,2759.55557535679
TXN_002172,1601,2022-10-02,3915.3874094678163
TXN_002173,1993,2022-06-30,4198.154101990719
TXN_002174,1909,2023-03-10,2519.7930479167635
TXN_002175,2489,2022-05-31,2256.35123881608
TXN_002176,2424,2024-03-15,4204.747007786532
TXN_002177,1560,2024-03-06,4312.392774632706
TXN_002178,1484,2023-04-16,705.7748754591132
TXN_002179,1655,2022-07-23,4548.426227292408
TXN_002180,1626,2023-08-15,1456.290454456807
TXN_002181,2300,2023-04-09,3369.120242175532
TXN_002182,1065,2022-11-23,3575.6211990157904
TXN_002183,1200,2022-05-29,1470.645782917114
TXN_002184,1467,2022-10-04,1590.4627773277311
TXN_002185,1433,2022-02-04,3560.8732806422795
TXN_002186,1137,2022-08-04,957.8723124643918
TXN_002187,2015,2022-01-01,4306.225344286137
TXN_002188,2075,2023-12-19,1192.1875339381477
TXN_002189,2475,2023-04-13,1820.7450477719974
TXN_002190,2181,2023-08-27,1406.6263442340055
TXN_002191,1801,2023-04-11,1301.959655522648
TXN_002192,1861,2023-03-27,4896.444560191301
TXN_002193,2229,2023-08-26,1341.2899121282148
TXN_002194,2365,2022-03-11,2933.812265757063
TXN_002195,2339,2023-10-06,3752.3688162693234
TXN_002196,1135,2022-09-14,305.6749673284643
TXN_002197,2098,2022-04-02,4419.702731122946
TXN_002198,1448,2023-08-17,849.1567720406841
TXN_002199,1068,2023-01-07,2981.5222590050084
TXN_002200,1952,2024-03-30,3241.527789402126
TXN_002201,1812,2022-04-09,3184.872614172562
TXN_002202,2225,2023-05-25,3693.885988551633
TXN_002203,2014,2023-07-19,4663.064033922754
TXN_002204,2190,2023-08-15,4641.7513663661675
TXN_002205,2144,2023-05-22,2932.5821688707415
TXN_002206,1096,2022-12-09,1912.6018654727675
TXN_002207,1376,2022-09-03,1675.3726678618168
TXN_002208,2076,2024-03-11,4444.767413158949
TXN_002209,1008,2023-04-17,4280.330509245753
TXN_002210,2004,2022-10-06,1549.527390805406
TXN_002211,1330,2024-02-13,846.5139763538148
TXN_002212,1250,2023-05-25,4319.596383823432
TXN_002213,1359,2023-03-07,3080.9109199564336
TXN_002214,1348,2023-03-18,1634.3805369448232
TXN_002215,1123,2022-09-18,3092.1793607259046
TXN_002216,1633,2024-01-14,424.36442925343607
TXN_002217,1198,2024-01-30,1031.6701043633734
TXN_002218,1828,2022-09-12,2774.361701898885
TXN_002219,2434,2023-04-06,2741.9248011962927
TXN_002220,2403,2023-08-18,1308.6753515104426
TXN_002221,1917,2022-09-22,4912.23399397968
TXN_002222,2118,2023-05-30,2120.939346601338
TXN_002223,1029,2023-03-21,3571.836726313367
TXN_002224,2115,2022-08-11,1366.438481862353
TXN_002225,1595,2024-02-01,2179.9391371065935
TXN_002226,2038,2022-07-11,4172.990650519871
TXN_002227,1654,2023-07-12,4258.127337776039
TXN_002228,1820,2023-03-16,762.7711780380331
TXN_002229,1459,2024-03-17,1837.8828485127444
TXN_002230,1022,2022-09-26,1095.4371460160655
TXN_002231,1325,2022-02-10,4462.315347631956
TXN_002232,1876,2023-10-13,3793.9206811551535
TXN_002233,2110,2022-02-10,2860.2241947446155
TXN_002234,2216,2022-11-27,3285.411897036508
TXN_002235,1684,2022-06-24,4579.358464421443
TXN_002236,1262,2023-03-09,1586.0498367705768
TXN_002237,2452,2023-03-25,167.00753253723593
TXN_002238,1806,2024-03-13,229.14115443551572
TXN_002239,2383,2022-11-19,328.76779345817636
TXN_002240,1432,2022-10-07,729.5564667950837
TXN_002241,1559,2022-04-04,2897.2838512842536
TXN_002242,1507,2022-12-06,4907.323825459152
TXN_002243,1048,2023-02-24,2157.5949945763955
TXN_002244,1167,2022-07-24,3590.8408651492423
TXN_002245,1440,2023-07-22,3981.667939884247
TXN_002246,1593,2024-01-13,4026.845444649542
TXN_002247,1227,2022-09-17,2272.151607595121
TXN_002248,1213,2024-01-02,2794.7353611713315
TXN_002249,1879,2023-11-11,1710.8942451835617
TXN_002250,2177,2023-11-14,3470.518963584565
TXN_002251,1607,2023-01-26,1976.0505797699332
TXN_002252,2430,2023-10-11,1624.211537888014
TXN_002253,1749,2022-10-05,3173.7854527913614
TXN_002254,2041,2024-02-11,1772.1516386060716
TXN_002255,1466,2023-04-26,2099.1970929101108
TXN_002256,1343,2023-03-27,3583.2809368691433
TXN_002257,1323,2022-10-18,4281.339085593281
TXN_002258,2269,2024-03-11,2230.52794386118
TXN_002259,2083,2023-10-09,2658.78004348165
TXN_002260,1861,2022-04-15,3757.2742800615456
TXN_002261,2072,2024-01-09,1202.2469682061121
TXN_002262,1677,2023-01-12,2133.5281217793263
TXN_002263,1679,2022-07-09,4076.1393767180607
TXN_002264,2276,2022-07-14,4482.967053157622
TXN_002265,1847,2023-07-30,3260.0323361129585
TXN_002266,2406,2023-01-12,2027.6373626082566
TXN_002267,2332,2023-11-14,3069.021406049663
TXN_002268,1575,2022-01-18,976.3257507358917
TXN_002269,1544,2022-09-16,243.54948400999257
TXN_002270,1057,2023-01-07,465.6146910101092
TXN_002271,1063,2023-12-03,630.0448494275787
TXN_002272,1898,2024-03-17,1205.731533980241
TXN_002273,1124,2024-02-04,2362.455977056751
TXN_002274,1060,2023-08-16,1238.3111937437825
TXN_002275,1379,2022-03-01,2966.655879414685
TXN_002276,1977,2022-04-15,4991.6691595171405
TXN_002277,2161,2023-03-02,2541.0873630272545
TXN_002278,1065,2022-09-18,3808.5912373773344
TXN_002279,2202,2024-02-06,1532.7676312382982
TXN_002280,1797,2022-02-15,4818.110708652884
TXN_002281,2194,2023-10-06,1320.6168304017642
TXN_002282,1754,2023-06-10,3023.491916769922
TXN_002283,1631,2023-04-22,4918.320426982747
TXN_002284,2367,2022-09-24,4060.403477873276
TXN_002285,2210,2023-06-18,4960.963201248458
TXN_002286,1957,2022-04-16,1960.716130054265
TXN_002287,1226,2023-06-01,480.3943363476544
TXN_002288,2289,2023-11-24,1293.10421483425
TXN_002289,1191,2023-01-31,4792.306170206499
TXN_002290,1751,2022-05-29,1915.83230770786
TXN_002291,2149,2022-10-07,711.3908079143605
TXN_002292,1955,2023-06-09,3006.213532644975
TXN_002293,2497,2022-01-26,2552.075726829137
TXN_002294,1098,2023-07-06,406.0984206192934
TXN_002295,1343,2022-10-09,2319.433669703993
TXN_002296,1242,2023-04-29,3201.0565911939293
TXN_002297,1019,2024-03-08,1240.1710203269422
TXN_002298,1358,2022-03-05,709.7595844164889
TXN_002299,1432,2022-04-21,4337.504078829844
TXN_002300,1999,2022-03-29,3164.695677322188
TXN_002301,1610,2023-09-28,860.7585408972313
TXN_002302,1486,2023-02-26,3182.6296879624538
TXN_002303,1329,2023-10-20,3702.75390439697
TXN_002304,2330,2023-12-27,3027.887335912613
TXN_002305,1184,2023-03-16,669.1683768145518
TXN_002306,1334,2022-05-08,711.2492326006992
TXN_002307,1505,2022-10-21,321.20987700026603
TXN_002308,1462,2022-05-29,1246.6196752630722
TXN_002309,1994,2022-11-23,392.2805119369959
TXN_002310,1002,2022-05-20,4045.9870894901646
TXN_002311,1668,2024-03-14,175.48708678999137
TXN_002312,1174,2022-05-02,2946.9831026393417
TXN_002313,1999,2023-06-07,4068.18369962474
TXN_002314,1297,2023-01-19,4484.82865654535
TXN_002315,1117,2022-10-10,2106.329768926992
TXN_002316,1788,2024-02-03,3142.5290556756463
TXN_002317,1641,2023-03-23,4760.719084868356
TXN_002318,1205,2022-07-13,3390.8912116047177
TXN_002319,2158,2023-12-08,4515.352602336579
TXN_002320,2226,2023-08-16,3453.030845499417
TXN_002321,2058,2023-09-11,433.1866178524242
TXN_002322,1029,2022-07-25,1064.7266999535095
TXN_002323,2451,2023-12-22,4708.210082885067
TXN_002324,1941,2023-10-01,4236.917734279856
TXN_002325,1822,2023-06-30,2171.3367500461068
TXN_002326,1256,2022-03-05,889.5157384097259
TXN_002327,2404,2022-01-17,870.1350290555282
TXN_002328,1181,2023-03-11,4533.823861156235
TXN_002329,1207,2024-01-31,914.4186165049821
TXN_002330,1878,2022-04-15,1992.7718473819384
TXN_002331,2462,2023-03-16,4513.94107386153
TXN_002332,1341,2023-09-12,263.8210641025956
TXN_002333,1377,2024-01-04,3190.631588204801
TXN_002334,1410,2023-11-19,1817.9183830957195
TXN_002335,1382,2022-08-16,628.1382289226453
TXN_002336,2488,2023-12-03,2880.867157099842
TXN_002337,2416,2023-01-30,2476.01581446255
TXN_002338,1836,2022-08-01,586.0875371276331
TXN_002339,1570,2024-01-03,1409.3352093549458
TXN_002340,2174,2023-11-05,3727.7453097822654
TXN_002341,1368,2022-10-25,3803.6661639064896
TXN_002342,2130,2023-03-01,3033.5453869419925
TXN_002343,2162,2024-01-31,641.3871796260366
TXN_002344,1279,2023-12-03,4280.149870159811
TXN_002345,1071,2023-02-05,946.2495137153443
TXN_002346,1622,2023-06-08,3632.598093275218
TXN_002347,1504,2023-08-03,308.6628842597906
TXN_002348,1949,2023-07-07,1725.9662338784024
TXN_002349,1105,2023-02-02,2443.9718105176016
TXN_002350,1158,2022-09-17,237.0238311517243
TXN_002351,2173,2022-05-06,940.6127432465222
TXN_002352,1013,2022-08-14,1662.6602395363543
TXN_002353,1004,2023-12-23,4914.286055457757
TXN_002354,2018,2022-11-29,3919.4316333944507
TXN_002355,2296,2022-11-26,4219.412711417512
TXN_002356,2361,2022-09-22,3370.8327563063963
TXN_002357,1210,2022-06-20,1532.7330915462412
TXN_002358,1326,2022-01-01,3576.2947272670876
TXN_002359,1857,2023-12-22,3401.330799819395
TXN_002360,1465,2022-08-29,3088.7607873217207
TXN_002361,2102,2023-08-07,1561.775367467697
TXN_002362,1745,2024-02-24,1389.7503793067194
TXN_002363,1176,2023-08-24,1747.866227229095
TXN_002364,1131,2022-01-20,1630.745541763491
TXN_002365,1776,2022-11-11,481.37981865319074
TXN_002366,2315,2023-04-18,4031.162106994073
TXN_002367,2401,2022-05-21,1909.359642290844
TXN_002368,1415,2022-11-29,3562.520383955104
TXN_002369,1343,2023-11-18,1471.629840963563
TXN_002370,2400,2022-02-19,3049.879937853949
TXN_002371,1484,2023-08-29,269.90064872575914
TXN_002372,2169,2023-04-06,619.5879695549805
TXN_002373,2319,2023-11-11,1886.1955719344373
TXN_002374,1577,2023-01-26,1416.8102225625066
TXN_002375,1344,2022-02-24,1831.6755217632217
TXN_002376,2420,2022-02-20,4660.391562232106
TXN_002377,1474,2023-05-05,462.1138314489293
TXN_002378,1524,2022-11-28,2367.38104226997
TXN_002379,1045,2022-09-27,1071.4574577873725
TXN_002380,1980,2022-12-28,1843.6087393879736
TXN_002381,2451,2022-05-25,3417.4709293039004
TXN_002382,2246,2023-08-12,4867.401727750761
TXN_002383,1022,2022-05-09,3504.165759499872
TXN_002384,1066,2023-01-10,4435.737708806823
TXN_002385,1625,2023-05-20,821.567461928034
TXN_002386,1205,2023-09-15,988.8189106652993
TXN_002387,1257,2022-01-01,4396.165550981226
TXN_002388,1545,2023-01-02,3076.85947598815
TXN_002389,1807,2023-06-22,3981.384975190968
TXN_002390,1252,2023-09-20,1192.0130596714027
TXN_002391,2212,2023-05-10,1808.115377020901
TXN_002392,1152,2022-06-23,497.0691856930513
TXN_002393,1076,2023-06-09,4488.368700748062
TXN_002394,1702,2022-02-03,4786.141580775399
TXN_002395,1539,2022-11-14,4301.572852962227
TXN_002396,1724,2024-01-14,2242.183539439441
TXN_002397,1368,2023-08-08,1771.5600845992947
TXN_002398,1567,2023-07-17,2366.7437938701323
TXN_002399,1623,2022-07-30,3224.32576473545
TXN_002400,2177,2023-12-28,2214.3859839355973
TXN_002401,1154,2023-07-07,2165.939363169232
TXN_002402,1793,2022-11-07,2212.0915575707086
TXN_002403,1270,2022-04-04,3748.4281957892463
TXN_002404,1561,2022-07-08,3955.275264234849
TXN_002405,2413,2023-10-09,4365.637779190636
TXN_002406,2091,2023-12-19,1290.6376427287262
TXN_002407,1131,2023-05-29,871.7733082522556
TXN_002408,1844,2022-07-23,1791.1267882667223
TXN_002409,1264,2023-05-06,2160.1952173056748
TXN_002410,1219,2024-01-23,3539.151527600427
TXN_002411,1898,2024-02-09,3813.8591258730103
TXN_002412,1936,2023-10-30,4922.349047528399
TXN_002413,1988,2022-02-23,1953.2908811339087
TXN_002414,1288,2023-04-21,2072.347162028631
TXN_002415,2102,2022-04-04,2756.1918735176428
TXN_002416,1750,2022-11-10,4119.643841343521
TXN_002417,1319,2023-07-27,3338.5766431214197
TXN_002418,1317,2022-12-26,2906.0311824138525
TXN_002419,1486,2022-06-17,3275.7976185759103
TXN_002420,2414,2024-02-25,2375.806920602267
TXN_002421,1587,2023-02-02,3819.362488408009
TXN_002422,1038,2023-06-21,468.94898416411155
TXN_002423,2222,2023-01-29,2594.2174836473873
TXN_002424,1942,2022-12-22,4052.230490331649
TXN_002425,1104,2022-02-17,1582.3434797001926
TXN_002426,1506,2023-03-08,4232.73859948665
TXN_002427,1569,2023-12-02,3935.877976513608
TXN_002428,1328,2022-02-22,2945.278816486589
TXN_002429,1983,2022-08-29,1335.5280346771049
TXN_002430,1307,2023-01-30,4319.263657008073
TXN_002431,1221,2022-01-27,246.84749077037495
TXN_002432,1655,2022-02-28,3003.314857451983
TXN_002433,2050,2022-07-05,3934.5668691599158
TXN_002434,1672,2022-05-21,2478.4740828694785
TXN_002435,1150,2022-02-26,603.9950161374195
TXN_002436,1172,2023-12-08,4186.509736934187
TXN_002437,1722,2023-03-26,4554.531548460773
TXN_002438,1978,2022-04-16,2860.2174980354116
TXN_002439,2045,2022-10-07,3957.0578001988406
TXN_002440,1809,2023-04-13,3092.5024551749193
TXN_002441,1876,2023-03-09,2909.08645394814
TXN_002442,1620,2023-11-11,740.7827936799906
TXN_002443,2417,2024-01-28,2240.283803957844
TXN_002444,1046,2022-12-06,3426.0893735432765
TXN_002445,2148,2023-12-27,2326.9670033171615
TXN_002446,2358,2023-05-29,3127.046264184689
TXN_002447,2318,2023-02-03,4484.562547530251
TXN_002448,1889,2024-03-26,1894.485995214843
TXN_002449,1839,2022-07-01,4159.584468054265
TXN_002450,1569,2022-10-29,242.32140168050466
TXN_002451,1537,2022-07-02,4278.045149017665
TXN_002452,2320,2023-05-25,622.7187520378574
TXN_002453,1043,2022-04-05,1675.0595469738448
TXN_002454,1596,2023-02-18,2615.8790835535247
TXN_002455,1021,2022-06-05,3285.172189928007
TXN_002456,1225,2023-11-23,4770.248645639587
TXN_002457,1548,2022-04-07,1604.4487798213859
TXN_002458,1373,2023-01-04,518.2089112050378
TXN_002459,1612,2024-02-28,2348.294476566463
TXN_002460,1653,2022-08-26,1791.8141834819326
TXN_002461,2027,2024-03-20,3040.583686608942
TXN_002462,1023,2022-01-13,4621.634406925732
TXN_002463,1832,2022-10-28,3252.4547183864024
TXN_002464,2345,2022-07-01,2932.269856105451
TXN_002465,1538,2022-06-04,1305.8144496371003
TXN_002466,1371,2024-02-02,1397.344531510144
TXN_002467,2388,2023-01-26,2236.7718790461204
TXN_002468,1912,2024-03-03,4467.332681071276
TXN_002469,2092,2022-06-26,2939.470229242794
TXN_002470,2495,2023-08-06,2523.7740589670666
TXN_002471,2336,2023-08-19,2758.4828525241255
TXN_002472,2095,2023-12-02,4185.532982354085
TXN_002473,2269,2023-08-27,3421.6822138827883
TXN_002474,1757,2022-03-10,4644.382468468235
TXN_002475,2096,2022-11-04,2950.530327550211
TXN_002476,1785,2023-11-07,1060.540154924764
TXN_002477,2013,2023-11-22,191.7566516268088
TXN_002478,1039,2023-06-29,1653.858143590955
TXN_002479,2062,2022-02-22,407.40652408228186
TXN_002480,2079,2022-08-04,2094.618651935669
TXN_002481,1884,2023-12-15,1020.6618324139424
TXN_002482,1744,2022-02-07,2084.074991057503
TXN_002483,1565,2023-03-04,2056.096034385215
TXN_002484,2195,2022-09-18,1453.7184405911873
TXN_002485,1301,2023-01-09,3298.8151961036547
TXN_002486,2455,2022-01-31,2223.825682097665
TXN_002487,1961,2023-01-28,4477.935902795328
TXN_002488,1933,2024-03-10,472.7940020510359
TXN_002489,1554,2023-03-01,2112.0555821104454
TXN_002490,1003,2022-01-05,3902.1532571473776
TXN_002491,2284,2023-11-22,2523.2228854727346
TXN_002492,1880,2022-02-23,4833.798236048137
TXN_002493,1409,2024-01-01,956.6325554272793
TXN_002494,1264,2023-05-19,1648.5185534280781
TXN_002495,1014,2024-03-06,669.1548849195524
TXN_002496,1087,2023-05-23,1308.9752935432427
TXN_002497,1098,2024-02-19,3395.4080342926254
TXN_002498,2007,2023-03-29,2486.035386886934
TXN_002499,1216,2022-07-19,894.1294255894819
TXN_002500,1409,2022-09-30,2426.0058396879585
TXN_002501,1190,2024-02-15,4252.26714843892
TXN_002502,2238,2022-08-14,2255.1467027728872
TXN_002503,1616,2023-04-16,164.75119206795011
TXN_002504,2050,2022-01-18,369.115540508424
TXN_002505,2205,2024-01-25,2246.7896348564786
TXN_002506,1594,2023-09-21,3006.9011160104374
TXN_002507,2182,2022-01-10,4444.011777097789
TXN_002508,1229,2022-02-08,4911.611425059005
TXN_002509,2258,2022-02-10,4903.842937703811
TXN_002510,1799,2023-09-12,2833.680495807029
TXN_002511,2409,2022-02-13,275.0790819455757
TXN_002512,1529,2022-07-16,1146.0624106660596
TXN_002513,2307,2022-10-26,2228.2254056344063
TXN_002514,1070,2022-07-28,4410.4122059645515
TXN_002515,2238,2023-04-04,205.63863287101705
TXN_002516,1116,2023-11-19,2595.763231975627
TXN_002517,1099,2024-02-26,3301.9807999194186
TXN_002518,1599,2024-02-28,1512.3261821562166
TXN_002519,1859,2022-08-24,1646.8240175126657
TXN_002520,1294,2023-05-30,2003.2924388198603
TXN_002521,2200,2022-12-26,1445.5119295169932
TXN_002522,2155,2023-01-18,2242.223280687252
TXN_002523,2004,2023-03-03,874.6554488396504
TXN_002524,1633,2022-12-10,1076.7262867000886
TXN_002525,1056,2022-09-11,281.96716200973407
TXN_002526,2036,2023-07-02,2115.441792071145
TXN_002527,1192,2023-05-22,3565.9574364118903
TXN_002528,1993,2023-06-02,2580.145766352284
TXN_002529,2176,2022-11-26,2700.2231664825445
TXN_002530,2046,2023-05-03,2304.7371302336574
TXN_002531,1029,2024-03-24,2965.748845187059
TXN_002532,2392,2023-04-27,1225.4141440656836
TXN_002533,2414,2023-04-17,1116.8274191538649
TXN_002534,1309,2023-06-16,4715.625733272633
TXN_002535,2424,2023-03-13,2307.0060810235
TXN_002536,2376,2023-02-26,4153.161464033406
TXN_002537,1571,2024-03-13,4592.475586576097
TXN_002538,1065,2022-06-11,3112.9286830353853
TXN_002539,1165,2024-01-20,1564.0870165910196
TXN_002540,1563,2023-03-10,3431.0357354046296
TXN_002541,1179,2023-07-13,2211.4780778466134
TXN_002542,1543,2024-03-14,4868.033695894222
TXN_002543,1725,2022-01-16,4075.3190826796563
TXN_002544,1776,2023-09-12,4093.2296342826967
TXN_002545,2040,2023-11-20,2984.5761566317597
TXN_002546,1125,2022-03-06,141.2361609180853
TXN_002547,1081,2023-07-29,4175.921537808092
TXN_002548,2063,2024-03-30,224.32227808286774
TXN_002549,2242,2022-03-14,699.5544990289972
TXN_002550,1970,2022-07-23,4209.478686249507
TXN_002551,2205,2022-09-11,1172.0953668818534
TXN_002552,1437,2023-07-26,4221.518118948696
TXN_002553,1967,2023-09-05,1258.1193506308746
TXN_002554,1529,2023-06-13,3876.4707676728594
TXN_002555,2184,2022-07-14,2756.664439949451
TXN_002556,1933,2022-09-08,3387.869931984335
TXN_002557,1733,2023-07-04,4206.598621734809
TXN_002558,1556,2022-10-12,4921.739231691723
TXN_002559,2210,2023-06-27,519.8898718938424
TXN_002560,2377,2023-04-28,3458.37811795914
TXN_002561,2398,2022-11-06,4797.754857201455
TXN_002562,2490,2022-06-30,1931.5985601831449
TXN_002563,1240,2024-03-04,1735.3496894780935
TXN_002564,1333,2023-10-15,3431.8872459882377
TXN_002565,1047,2022-09-02,2069.5601777994307
TXN_002566,2134,2023-03-17,1150.856530261495
TXN_002567,2127,2022-10-02,891.1887204522985
TXN_002568,1462,2022-08-12,1043.8880468643865
TXN_002569,2097,2023-01-02,3551.124045332597
TXN_002570,1316,2023-06-23,4601.606024759135
TXN_002571,1001,2022-09-07,4049.4671202183017
TXN_002572,1371,2024-01-13,2296.188063225409
TXN_002573,2492,2022-01-13,2690.1456416799274
TXN_002574,2033,2022-11-04,3138.8498329540907
TXN_002575,1587,2023-09-02,2941.7384943631505
TXN_002576,1422,2022-07-11,4845.51645420663
TXN_002577,2281,2023-11-29,4444.7960722891285
TXN_002578,1832,2022-01-19,313.34689480020023
TXN_002579,1961,2022-12-05,4195.2526539477385
TXN_002580,1726,2024-02-10,658.8987120127013
TXN_002581,1475,2023-08-02,3482.0267322277004
TXN_002582,1244,2022-01-26,1499.6850619444267
TXN_002583,2360,2022-01-06,3889.5786727015784
TXN_002584,1691,2022-05-21,142.1705749037837
TXN_002585,1487,2024-01-20,1973.1318470713595
TXN_002586,1852,2024-01-12,205.45934404808997
TXN_002587,2096,2022-01-27,4772.297107823378
TXN_002588,1752,2022-04-15,175.28811072171
TXN_002589,1927,2023-06-06,860.9206929600952
TXN_002590,2028,2024-02-23,2742.4366495417844
TXN_002591,2485,2022-10-06,3266.140406012309
TXN_002592,2389,2022-10-30,3672.0571697505675
TXN_002593,1216,2022-01-12,1309.8215221800122
TXN_002594,2237,2023-10-30,1574.8755286043934
TXN_002595,1958,2022-03-18,1275.5242209400035
TXN_002596,2348,2022-01-18,1295.9568293020075
TXN_002597,1309,2023-07-24,3930.785280428176
TXN_002598,1037,2023-10-04,4745.194102853225
TXN_002599,1904,2022-06-23,3019.4343844492705
TXN_002600,2084,2023-02-05,871.409891890644
TXN_002601,2118,2022-03-28,420.62082568510516
TXN_002602,1232,2022-12-09,1271.9651912645397
TXN_002603,1512,2023-03-25,971.1926246445839
TXN_002604,1149,2022-02-23,2934.7537131968656
TXN_002605,2494,2023-03-03,3519.8602672405714
TXN_002606,1214,2022-03-19,122.49482727009816
TXN_002607,1398,2023-12-17,2254.139776543039
TXN_002608,2029,2023-03-15,3152.5983509764324
TXN_002609,2104,2024-02-21,1045.09086350174
TXN_002610,1188,2023-05-12,4514.757088670606
TXN_002611,1659,2022-06-21,2790.1601241191906
TXN_002612,1027,2023-07-04,1792.4491148943628
TXN_002613,1676,2023-11-29,191.5105122933283
TXN_002614,1134,2022-12-27,2473.103636555715
TXN_002615,1304,2022-08-24,1746.13556087865
TXN_002616,1494,2023-03-09,4850.776830766173
TXN_002617,1723,2022-01-16,1955.899321779518
TXN_002618,2303,2024-01-08,4612.936335647118
TXN_002619,2103,2023-05-11,3461.666493671018
TXN_002620,1859,2023-08-09,462.4189818925091
TXN_002621,1390,2022-07-30,4670.33033994391
TXN_002622,2038,2024-03-08,925.3972754258938
TXN_002623,1598,2022-11-23,2295.3154794165553
TXN_002624,1918,2023-09-19,4622.7197069246
TXN_002625,1891,2022-09-04,4159.698444239503
TXN_002626,1222,2023-07-03,2489.1507973476846
TXN_002627,1827,2023-05-18,1113.9106543625176
TXN_002628,1265,2023-07-21,2595.3791383808198
TXN_002629,2343,2022-06-16,2783.4084377223394
TXN_002630,2129,2023-03-17,4984.989430602153
TXN_002631,1252,2023-11-20,4137.7533067028235
TXN_002632,1198,2022-12-19,4320.453417382182
TXN_002633,2079,2023-12-04,4932.318381312139
TXN_002634,1927,2022-04-09,2664.264807659476
TXN_002635,1406,2023-09-16,2967.609795761917
TXN_002636,2461,2022-04-28,2326.7766631781888
TXN_002637,2480,2023-11-05,714.7248124851254
TXN_002638,2370,2023-07-23,2673.757944967954
TXN_002639,1485,2022-12-19,2954.6855353268693
TXN_002640,1852,2023-07-28,1262.6335111450614
TXN_002641,1362,2023-05-16,3935.8391094287554
TXN_002642,1211,2022-02-08,709.9634075504601
TXN_002643,1700,2022-11-26,2559.796322435558
TXN_002644,1876,2022-11-19,3347.2941152812914
TXN_002645,1613,2023-05-13,369.16347008072563
TXN_002646,1915,2022-01-29,4039.8612171986324
TXN_002647,2460,2024-01-09,1590.3555459204197
TXN_002648,1142,2023-06-27,3616.9711185810193
TXN_002649,2308,2022-11-12,630.2253319647318
TXN_002650,2093,2023-07-05,3139.4631848294043
TXN_002651,1957,2023-05-28,2830.339404729305
TXN_002652,2333,2023-07-22,835.0127050124906
TXN_002653,1864,2023-04-12,3161.249986470965
TXN_002654,2286,2023-11-29,3487.488478155414
TXN_002655,1059,2023-08-26,2542.6614906641717
TXN_002656,1521,2022-07-18,2935.0261500986335
TXN_002657,1308,2023-11-14,4448.355831264502
TXN_002658,2405,2024-01-07,3518.744770845223
TXN_002659,1340,2022-07-01,4539.177850347519
TXN_002660,1899,2022-05-10,2806.4853731902676
TXN_002661,2107,2023-10-16,956.7799989352169
TXN_002662,2257,2022-05-11,1306.8248563599936
TXN_002663,1761,2023-10-16,964.4117674275203
TXN_002664,1239,2022-01-05,1742.7178945407152
TXN_002665,2127,2022-06-16,2439.927135590171
TXN_002666,1224,2023-01-20,1354.064313694115
TXN_002667,1278,2023-09-24,2430.61027985521
TXN_002668,2416,2023-07-09,1885.3546042834082
TXN_002669,1428,2022-04-02,2821.2015966290583
TXN_002670,1401,2024-01-12,2199.7174899817046
TXN_002671,1045,2024-01-22,2227.054757147981
TXN_002672,1513,2022-07-06,2504.043801485329
TXN_002673,2199,2023-08-13,4940.588629843508
TXN_002674,2023,2023-04-10,2827.087396718461
TXN_002675,2389,2024-02-22,3644.3548930153374
TXN_002676,2196,2023-07-12,2142.053397240765
TXN_002677,1303,2023-06-03,1696.6603809243409
TXN_002678,1151,2023-11-13,4591.228269191594
TXN_002679,1350,2022-04-25,3737.565606559808
TXN_002680,1704,2022-09-20,2953.905852212796
TXN_002681,1091,2022-12-10,1748.5133388501813
TXN_002682,2184,2022-08-27,1363.5153419812318
TXN_002683,1105,2024-02-26,1335.1512307125097
TXN_002684,1740,2022-11-05,2568.281102228856
TXN_002685,2126,2022-01-16,4386.6202838853815
TXN_002686,1131,2022-03-03,4417.134319581577
TXN_002687,1768,2023-12-07,3750.4277924091434
TXN_002688,2312,2022-11-17,2758.2067228747833
TXN_002689,1457,2023-01-03,1251.0577149269313
TXN_002690,1898,2023-03-11,2446.3768230178216
TXN_002691,2124,2022-10-19,3504.1405044972394
TXN_002692,2044,2022-06-12,3015.581581815696
TXN_002693,1248,2024-01-17,2618.7672136072133
TXN_002694,1191,2024-03-02,2198.236935713305
TXN_002695,1584,2022-08-29,3787.3200530418435
TXN_002696,2336,2022-11-21,4226.952105827726
TXN_002697,1167,2023-01-10,3642.265061693244
TXN_002698,1170,2024-01-15,4695.844932956154
TXN_002699,2239,2022-05-09,3921.3801093267098
TXN_002700,2197,2022-05-03,2307.963774861078
TXN_002701,1535,2023-10-11,3122.0920817810297
TXN_002702,1407,2023-04-09,2571.399279115405
TXN_002703,1500,2023-06-11,2776.9841549858043
TXN_002704,2161,2022-08-17,4488.9293335425455
TXN_002705,1098,2022-05-24,1574.2067298163213
TXN_002706,1835,2024-01-12,164.1644933580744
TXN_002707,2080,2022-06-25,3508.6693208008264
TXN_002708,1246,2024-03-14,986.9670429553348
TXN_002709,1683,2024-01-28,855.738839827208
TXN_002710,1712,2022-02-22,4963.133419702992
TXN_002711,1106,2022-12-01,1407.1987566629946
TXN_002712,2071,2023-10-21,1098.4620218859918
TXN_002713,1844,2023-07-07,1035.818055893282
TXN_002714,2309,2022-10-20,2120.532346354871
TXN_002715,1045,2022-08-28,2106.1473487251187
TXN_002716,1395,2023-03-19,3199.2475557740404
TXN_002717,2143,2023-12-08,607.8295844048357
TXN_002718,2083,2022-05-16,3213.680058459772
TXN_002719,2170,2023-08-23,2322.801208588566
TXN_002720,1615,2024-02-21,1117.505057657401
TXN_002721,1949,2024-02-05,3913.283174227241
TXN_002722,1673,2023-12-02,2422.908254045405
TXN_002723,2141,2024-03-13,3613.600082159507
TXN_002724,1236,2022-03-12,4610.790916253235
TXN_002725,2241,2024-01-15,1831.6834377746995
TXN_002726,2147,2022-01-08,4499.7317963418745
TXN_002727,1628,2024-02-19,1081.6732701480662
TXN_002728,2286,2023-03-09,1188.439094433665
TXN_002729,1169,2022-12-02,3352.1180551298376
TXN_002730,1820,2023-09-19,602.8952055152215
TXN_002731,1391,2023-02-23,2328.4220454765723
TXN_002732,2173,2022-10-28,1147.7781469829927
TXN_002733,2269,2024-03-19,2897.1960818259545
TXN_002734,1500,2022-08-25,4053.430251196887
TXN_002735,2214,2023-08-11,307.87985310631075
TXN_002736,1173,2023-05-21,2125.2190923625485
TXN_002737,1592,2023-02-03,3680.2958109025253
TXN_002738,1171,2023-09-03,1777.0460838189686
TXN_002739,1957,2022-11-19,304.35965772765826
TXN_002740,1675,2022-01-02,2997.7635377558977
TXN_002741,1808,2023-09-26,688.8061536565867
TXN_002742,1622,2022-07-04,1912.6065423937162
TXN_002743,1718,2022-01-16,4953.612622998191
TXN_002744,1337,2022-10-06,2050.2978471436923
TXN_002745,2434,2022-12-17,4229.999036759554
TXN_002746,2093,2023-01-05,4313.0505484442365
TXN_002747,2121,2023-07-07,1387.8727305015477
TXN_002748,1936,2023-01-13,3017.974401316797
TXN_002749,2208,2022-02-24,4742.547452961035
TXN_002750,2436,2022-07-27,3071.029889955798
TXN_002751,1377,2022-05-12,4084.9462407251467
TXN_002752,2035,2023-01-01,2366.5583233239095
TXN_002753,2432,2022-12-22,3624.704262945739
TXN_002754,1417,2024-03-06,207.07476751529674
TXN_002755,1330,2022-06-27,3958.619946780129
TXN_002756,1982,2022-08-30,3392.0622234576094
TXN_002757,1279,2024-01-24,1858.3588387697964
TXN_002758,2138,2022-10-11,2143.2309609505505
TXN_002759,1880,2023-09-27,1700.408143249986
TXN_002760,2233,2023-03-13,2669.004270281632
TXN_002761,1446,2024-03-04,632.5106075481925
TXN_002762,1830,2023-11-10,4240.0831984126235
TXN_002763,2417,2023-06-09,2442.463024577339
TXN_002764,1734,2022-03-12,311.2006738203553
TXN_002765,2204,2022-02-23,2809.512530199064
TXN_002766,2488,2022-01-13,4659.5339652332195
TXN_002767,2051,2023-01-11,528.556479716985
TXN_002768,1192,2023-07-25,703.6435702993068
TXN_002769,1812,2022-09-17,1997.1980869365484
TXN_002770,1961,2022-03-21,3704.5588776006784
TXN_002771,2279,2023-04-21,3062.6474916691996
TXN_002772,1423,2022-03-01,2344.0015026254937
TXN_002773,1705,2022-02-16,4964.454865594728
TXN_002774,1090,2023-05-05,1010.3870874592121
TXN_002775,1647,2023-12-15,4126.608295127337
TXN_002776,1794,2024-02-12,706.80105940066
TXN_002777,1740,2022-02-05,980.0744287541708
TXN_002778,1144,2023-06-15,1547.6769013102175
TXN_002779,1451,2022-09-13,4378.1690224623335
TXN_002780,2451,2022-10-13,2276.608073176173
TXN_002781,1241,2023-01-02,2039.3485153460201
TXN_002782,2054,2023-07-07,2504.5563773086155
TXN_002783,1772,2024-03-06,3191.4410271643205
TXN_002784,2083,2024-03-09,2175.1214233425135
TXN_002785,1475,2022-08-16,4816.405273623698
TXN_002786,1100,2022-06-20,763.1753582309262
TXN_002787,1809,2023-05-12,2430.7648909584473
TXN_002788,1790,2022-09-02,2135.621984723581
TXN_002789,1632,2023-01-28,3494.263407138925
TXN_002790,1876,2023-06-08,4819.1084652008185
TXN_002791,1588,2023-12-28,1513.2230845853055
TXN_002792,1272,2023-10-14,4781.099869152238
TXN_002793,1881,2022-10-25,4155.728197274921
TXN_002794,1057,2023-04-02,4071.3417681719184
TXN_002795,1758,2023-03-13,458.07215307567327
TXN_002796,1982,2022-12-12,4708.858917943205
TXN_002797,1944,2023-04-23,4210.746447603456
TXN_002798,1386,2022-07-04,3454.4573096707973
TXN_002799,2484,2023-12-25,726.5102707832738
TXN_002800,1044,2022-09-29,2158.182570467003
TXN_002801,1290,2023-04-06,4217.118453729311
TXN_002802,2281,2022-04-09,2243.903745261236
TXN_002803,1814,2023-03-10,2238.630325860913
TXN_002804,2269,2023-10-06,1423.6164586324921
TXN_002805,1239,2023-09-19,350.8224295619875
TXN_002806,2436,2023-04-18,2613.7186838776706
TXN_002807,2151,2022-09-26,3894.9005183993327
TXN_002808,1275,2023-07-26,815.7496398470769
TXN_002809,1417,2024-03-06,4479.510079554704
TXN_002810,1206,2023-09-13,2820.8915267560164
TXN_002811,1364,2023-01-31,4080.2645150573194
TXN_002812,1832,2023-02-12,3368.495375880109
TXN_002813,2369,2023-01-22,761.2335549927603
TXN_002814,1567,2023-06-18,4542.301861561549
TXN_002815,1159,2022-12-07,3618.9337889369685
TXN_002816,1095,2023-06-23,274.337049666372
TXN_002817,1424,2022-08-02,2942.2167697709674
TXN_002818,2139,2023-02-01,2452.6184122208147
TXN_002819,2235,2022-02-13,4309.854973582084
TXN_002820,1598,2023-08-15,701.6460675436974
TXN_002821,2330,2023-01-01,2995.1358249421005
TXN_002822,1267,2024-03-02,1620.3721951533153
TXN_002823,1043,2022-06-23,1303.5324482666372
TXN_002824,1594,2022-09-30,210.42321690324235
TXN_002825,2011,2024-02-12,1727.918982864852
TXN_002826,2481,2023-07-04,2040.8698249947968
TXN_002827,2495,2023-07-25,2294.1548546033646
TXN_002828,1008,2023-05-05,3700.1361847328567
TXN_002829,1668,2022-07-01,2077.3579129751183
TXN_002830,2212,2023-09-09,1056.675418370666
TXN_002831,1380,2022-04-06,2050.9165477167735
TXN_002832,1726,2023-08-25,440.8685288458147
TXN_002833,1114,2022-03-12,4863.163723309498
TXN_002834,1387,2023-09-04,424.5437024779948
TXN_002835,1438,2022-11-07,1089.2651821503841
TXN_002836,1909,2022-11-23,2197.3550185358063
TXN_002837,1844,2023-11-14,4673.688565408665
TXN_002838,2342,2022-12-13,975.8120997396452
TXN_002839,1934,2022-06-15,2058.9146055487763
TXN_002840,1875,2024-01-22,4947.653585196117
TXN_002841,2467,2022-08-04,3050.03336823244
TXN_002842,1027,2022-12-10,3111.4580409422465
TXN_002843,1635,2022-03-02,4873.233900538155
TXN_002844,2421,2022-07-05,2579.8811335447695
TXN_002845,1076,2022-12-30,112.54764821810318
TXN_002846,1586,2022-07-01,251.80025299348222
TXN_002847,2381,2024-01-01,3438.850854107383
TXN_002848,2209,2022-02-03,1136.4050195551604
TXN_002849,1233,2023-02-09,2444.5556053027167
TXN_002850,2271,2023-07-11,2801.72405564447
TXN_002851,2422,2022-05-18,3370.015552562344
TXN_002852,1328,2023-11-29,510.35859651284466
TXN_002853,2028,2022-01-28,3824.214043400926
TXN_002854,1347,2022-04-16,4608.823273327901
TXN_002855,2422,2024-03-08,1353.1531296428125
TXN_002856,2282,2024-03-06,1964.1857721978408
TXN_002857,1756,2022-06-06,3744.7089623269867
TXN_002858,1418,2024-03-09,1317.3592471182587
TXN_002859,1390,2022-04-17,2756.9983631405453
TXN_002860,1589,2022-08-21,3333.739498087583
TXN_002861,1114,2022-07-15,4408.442408493729
TXN_002862,1003,2022-07-21,1792.2921327912318
TXN_002863,1642,2022-04-19,2513.9763324131186
TXN_002864,2151,2023-06-27,1004.5370930693285
TXN_002865,1008,2024-01-08,1607.291340364439
TXN_002866,2347,2022-02-10,565.1883242727928
TXN_002867,1117,2022-03-05,1068.4249506145927
TXN_002868,2490,2024-01-13,1796.4355040615224
TXN_002869,1855,2023-11-13,2178.9319310887354
TXN_002870,1699,2024-03-22,3563.699792830117
TXN_002871,2486,2023-02-19,2346.3997141935
TXN_002872,1931,2023-01-07,340.34079707371393
TXN_002873,1124,2023-10-13,3803.1523553036436
TXN_002874,1222,2024-03-14,2710.7044657296747
TXN_002875,1327,2022-12-30,4703.1014498941395
TXN_002876,2016,2022-08-24,3212.6763160450064
TXN_002877,1817,2024-03-10,2716.2658396146985
TXN_002878,1258,2023-04-16,1542.701423115876
TXN_002879,1066,2023-05-15,1258.6559288835135
TXN_002880,1882,2023-02-27,1227.1655275028506
TXN_002881,2085,2023-08-02,2094.901848232939
TXN_002882,1971,2022-07-07,939.7199423587172
TXN_002883,1278,2024-03-03,4236.628045642971
TXN_002884,2146,2023-06-24,4045.4672581932064
TXN_002885,1588,2023-02-07,3671.3534547753547
TXN_002886,1271,2023-05-09,338.87876737023373
TXN_002887,1501,2023-12-24,452.33876548200067
TXN_002888,1657,2022-08-22,3218.4838829091773
TXN_002889,2292,2023-05-07,3769.9445584325913
TXN_002890,1892,2023-06-15,230.90811024082214
TXN_002891,1567,2022-11-08,1523.451076767493
TXN_002892,1217,2022-04-23,767.7876266586063
TXN_002893,1684,2023-05-16,1233.2670228128009
TXN_002894,1158,2022-12-10,2640.047315707914
TXN_002895,1359,2022-12-24,635.2990409651945
TXN_002896,2488,2022-05-06,1226.187242681736
TXN_002897,1543,2023-12-21,2868.0511348132027
TXN_002898,2271,2022-03-23,2589.734463133235
TXN_002899,1290,2022-09-09,4302.195974083016
TXN_002900,1035,2023-07-07,837.8406442136813
TXN_002901,1978,2023-01-17,1912.4352048764304
TXN_002902,1859,2024-02-20,4629.362563178496
TXN_002903,1065,2023-12-18,3999.4114495344243
TXN_002904,1796,2022-04-09,3027.0509232523705
TXN_002905,2450,2023-03-28,3868.0633981869555
TXN_002906,1156,2023-08-18,2297.065828395223
TXN_002907,1120,2022-01-24,4562.367165771526
TXN_002908,1191,2023-02-21,3038.3165518024816
TXN_002909,2499,2022-12-19,3508.615233703221
TXN_002910,2377,2022-03-14,3294.7317978034102
TXN_002911,1356,2023-11-26,3396.546211697707
TXN_002912,1530,2023-05-30,3241.2089003279257
TXN_002913,1479,2024-02-10,461.4455365694471
TXN_002914,1796,2022-01-30,3058.860930895284
TXN_002915,2096,2023-10-20,3938.6571891237736
TXN_002916,2414,2023-03-26,101.93964726425986
TXN_002917,1953,2023-04-25,4469.211312426201
TXN_002918,2099,2023-04-02,4765.945209739528
TXN_002919,1187,2023-12-25,728.1325811992106
TXN_002920,2361,2022-01-27,2721.7558000397335
TXN_002921,1475,2022-12-22,641.9228003145997
TXN_002922,2329,2023-09-09,1486.7385003956085
TXN_002923,1916,2023-09-14,3145.3134867311924
TXN_002924,1648,2022-01-19,1583.9776986011098
TXN_002925,1161,2023-06-12,1891.195749244777
TXN_002926,1801,2024-03-04,3756.0609476202676
TXN_002927,1046,2022-09-27,2917.4174749158246
TXN_002928,1023,2023-07-13,2638.419429287399
TXN_002929,2359,2022-05-26,1688.4501907494603
TXN_002930,2307,2023-10-30,3550.3400422661557
TXN_002931,1173,2023-06-26,2177.4364289448495
TXN_002932,2330,2023-09-09,4504.187498480286
TXN_002933,1878,2022-05-29,3047.8337056431114
TXN_002934,1773,2023-07-14,2737.7317428337083
TXN_002935,1229,2022-07-02,4035.3590135233544
TXN_002936,1702,2023-11-01,2478.6617775274376
TXN_002937,1117,2022-02-11,1468.5128169899815
TXN_002938,1052,2022-06-14,859.9753508003458
TXN_002939,2215,2024-03-19,2852.9104772508867
TXN_002940,1947,2023-11-17,2181.7973442946136
TXN_002941,1571,2022-04-04,2047.1424187281802
TXN_002942,1522,2022-08-02,1812.095229853164
TXN_002943,1771,2022-07-07,3390.899857849143
TXN_002944,1781,2022-03-29,2643.0825407491725
TXN_002945,2164,2023-04-03,2732.469421175467
TXN_002946,1654,2023-04-17,1609.811526173661
TXN_002947,1112,2024-02-08,3106.88979402488
TXN_002948,2287,2024-01-30,2077.22876495312
TXN_002949,2367,2022-02-23,3870.4517048708385
TXN_002950,1098,2023-01-07,2694.699718157119
TXN_002951,1472,2024-03-13,1518.3172538462331
TXN_002952,2046,2023-10-18,823.8753674024184
TXN_002953,1238,2023-06-01,3529.6863939247432
TXN_002954,1620,2022-12-31,1918.4179364698762
TXN_002955,2286,2022-02-06,421.00480411878095
TXN_002956,2348,2022-04-29,4583.1016401682145
TXN_002957,1671,2023-02-13,1994.5616319028502
TXN_002958,1386,2022-12-29,3755.1219698553355
TXN_002959,1605,2023-01-04,2348.6844212354194
TXN_002960,1121,2022-06-02,4465.537836968342
TXN_002961,2323,2022-11-19,242.45401033110588
TXN_002962,1562,2024-01-28,1371.0934230974706
TXN_002963,1316,2022-10-21,2774.3022015188244
TXN_002964,1019,2023-04-25,1683.8227079579774
TXN_002965,1541,2023-12-25,3739.1739129073962
TXN_002966,2323,2023-04-23,3473.2489109162443
TXN_002967,2493,2023-03-24,225.0690826403954
TXN_002968,2109,2022-05-10,3042.5137016098197
TXN_002969,1404,2023-12-05,4195.843318401558
TXN_002970,1977,2023-12-10,1646.5478375992752
TXN_002971,1692,2024-02-07,782.8588340152596
TXN_002972,1111,2023-10-22,3717.6557247485725
TXN_002973,2162,2022-12-08,4512.094560924035
TXN_002974,2033,2022-09-24,3318.8306873036095
TXN_002975,2314,2022-12-04,4245.613905832042
TXN_002976,1378,2023-04-20,4993.458520757011
TXN_002977,1939,2023-02-19,2546.9918283537168
TXN_002978,1237,2022-10-18,4682.914673018758
TXN_002979,1643,2022-06-21,1787.3747117995413
TXN_002980,1329,2023-03-15,3753.677388128521
TXN_002981,1184,2022-10-28,4517.184097460771
TXN_002982,2448,2022-05-29,2652.288791576733
TXN_002983,2346,2023-10-22,3169.689918798411
TXN_002984,1481,2022-09-22,4855.419803919109
TXN_002985,1600,2022-04-05,1330.7818678865867
TXN_002986,2381,2023-11-29,1844.2916394788651
TXN_002987,1361,2023-02-21,3884.1557873810275
TXN_002988,2059,2022-09-14,1770.754615933015
TXN_002989,1515,2023-12-24,2553.7995332734345
TXN_002990,1329,2023-05-30,347.24278847400427
TXN_002991,1268,2023-11-10,2870.8717987415557
TXN_002992,2093,2022-12-16,3171.245581135637
TXN_002993,1954,2022-07-24,504.7620496631504
TXN_002994,1377,2023-11-21,1295.1206287180057
TXN_002995,1292,2022-12-10,2222.615104211531
TXN_002996,2309,2023-04-10,3928.0812044074755
TXN_002997,1359,2023-06-23,206.11923725053418
TXN_002998,1523,2022-01-29,1723.6125602655513
TXN_002999,2360,2023-10-01,123.97369686272208
TXN_003000,1623,2023-01-11,2654.2837088560295
TXN_003001,2059,2022-04-15,2544.0009764548367
TXN_003002,2402,2022-11-30,3801.3216418070356
TXN_003003,1343,2022-03-10,119.2059756152781
TXN_003004,2253,2022-04-17,3817.696732186599
TXN_003005,1617,2023-11-23,4467.012623906931
TXN_003006,1574,2022-04-12,1655.3585807292343
TXN_003007,1396,2022-09-19,1735.0826457820897
TXN_003008,1420,2023-10-26,105.23889202935729
TXN_003009,1660,2023-07-06,2202.6530973096696
TXN_003010,1401,2022-10-16,3103.768904732013
TXN_003011,1045,2022-05-17,701.2048279139697
TXN_003012,1686,2023-05-05,3320.108014841746
TXN_003013,1153,2023-11-20,1892.1390850748037
TXN_003014,1260,2022-03-08,3397.6896593018905
TXN_003015,1644,2022-05-31,1330.376668849591
TXN_003016,1286,2022-10-05,3895.767283560989
TXN_003017,1844,2022-07-31,2789.379023733504
TXN_003018,2354,2022-12-16,2712.6552070823195
TXN_003019,1638,2023-09-20,2491.9775411470655
TXN_003020,1704,2023-10-10,4225.676799182494
TXN_003021,2495,2022-05-27,2815.848035414398
TXN_003022,2292,2022-12-31,882.0363070325125
TXN_003023,1156,2023-11-09,3166.449845253908
TXN_003024,1613,2022-08-16,2619.0245243169884
TXN_003025,1428,2023-10-08,437.77080365254784
TXN_003026,1981,2023-11-23,2947.2967825442847
TXN_003027,1851,2022-10-17,488.98505910568184
TXN_003028,2275,2022-11-26,3651.676097866337
TXN_003029,1266,2023-01-30,3308.425739465008
TXN_003030,1058,2023-07-09,2516.956496006892
TXN_003031,1616,2024-03-13,3769.0430562043193
TXN_003032,1170,2022-05-19,1475.6387350106775
TXN_003033,2342,2023-02-28,2287.488174537991
TXN_003034,1656,2022-09-10,174.91297644793065
TXN_003035,1836,2023-02-20,4942.6372454864
TXN_003036,2023,2023-05-22,375.6475841599412
TXN_003037,1821,2022-12-12,611.8308374601507
TXN_003038,1733,2023-11-28,2524.9393999821596
TXN_003039,1397,2023-07-31,1941.9260393567972
TXN_003040,2038,2024-03-26,2708.508509781791
TXN_003041,1968,2022-06-29,4191.5559514265315
TXN_003042,1461,2024-03-17,877.2412320393023
TXN_003043,1137,2022-08-02,3233.7049591078776
TXN_003044,1761,2023-03-14,188.3734249160881
TXN_003045,1149,2023-04-25,3971.2185120885406
TXN_003046,1862,2022-06-02,4096.58465535918
TXN_003047,1780,2023-02-17,1958.9512059855865
TXN_003048,1592,2024-03-10,949.3329214937519
TXN_003049,1299,2022-05-03,4074.1992591632593
TXN_003050,2446,2023-08-29,4555.124274415404
TXN_003051,2442,2023-08-17,469.0028661884144
TXN_003052,1758,2023-09-12,2941.053191455323
TXN_003053,1884,2024-01-22,4696.956262446784
TXN_003054,2216,2023-08-02,3254.305735903466
TXN_003055,2306,2024-02-19,4119.5689894195
TXN_003056,2277,2022-08-31,1226.1275422037704
TXN_003057,1503,2024-02-27,601.4433293535285
TXN_003058,2336,2022-11-02,1943.3208997312772
TXN_003059,2301,2022-05-16,2036.0397727684685
TXN_003060,1801,2022-06-08,3952.398084076866
TXN_003061,1817,2022-06-01,2090.8429587357414
TXN_003062,1309,2023-04-01,1259.35104685458
TXN_003063,2209,2023-07-08,4443.068514174136
TXN_003064,2247,2022-11-30,3935.0062386102327
TXN_003065,1573,2023-04-08,3369.778018182474
TXN_003066,2445,2023-04-14,1114.8519624812836
TXN_003067,1595,2022-01-26,1103.5789343931976
TXN_003068,1026,2022-06-15,2507.640574454983
TXN_003069,1380,2023-01-01,2701.512051762785
TXN_003070,2343,2024-03-16,1354.8670421874167
TXN_003071,1130,2023-03-15,704.514964143383
TXN_003072,1638,2022-04-07,1879.6982028794064
TXN_003073,2019,2023-01-29,2202.5077736983753
TXN_003074,2303,2023-04-12,357.45471711716027
TXN_003075,1284,2022-09-24,2866.7352171142893
TXN_003076,2220,2022-05-03,109.85226724002985
TXN_003077,1736,2023-06-19,840.7474743068376
TXN_003078,2298,2022-07-17,820.1020269481955
TXN_003079,2091,2022-02-10,3469.017513038328
TXN_003080,1232,2022-05-01,2480.869503498006
TXN_003081,1610,2023-03-01,4196.577914789429
TXN_003082,1221,2022-01-04,1397.7583564134657
TXN_003083,1452,2022-09-12,1131.8144577841852
TXN_003084,1303,2023-10-05,4034.185944046098
TXN_003085,1935,2023-04-13,2276.6000189764363
TXN_003086,2423,2024-03-29,1443.730104499071
TXN_003087,2343,2022-07-02,2149.4730032834923
TXN_003088,1263,2022-04-17,2183.8402713439386
TXN_003089,1364,2023-05-14,2903.3275239938594
TXN_003090,2412,2023-03-23,284.56501780334435
TXN_003091,1741,2022-06-26,1314.950287827846
TXN_003092,2250,2022-03-13,2387.7810125244355
TXN_003093,1455,2022-03-11,2757.236025541956
TXN_003094,2328,2023-08-04,877.9024680615966
TXN_003095,1504,2024-02-15,1048.7498980145629
TXN_003096,1327,2022-05-03,3665.254317377391
TXN_003097,1818,2023-01-27,3949.2300902002517
TXN_003098,2343,2022-08-15,468.1982271288923
TXN_003099,1735,2023-01-03,4951.392333054188
TXN_003100,1491,2023-04-03,2222.3068714123738
TXN_003101,1460,2022-07-02,2970.1795997652666
TXN_003102,2467,2022-08-15,3008.889236532324
TXN_003103,2466,2022-03-13,1795.5066279790638
TXN_003104,2250,2023-05-27,2769.4739909958125
TXN_003105,1565,2022-01-08,2958.6701890655368
TXN_003106,1819,2022-03-13,3827.7377874274043
TXN_003107,1515,2023-12-25,3342.7829080015777
TXN_003108,1417,2024-02-14,2288.7178817295044
TXN_003109,2124,2022-02-15,1037.519997451136
TXN_003110,1407,2022-05-30,223.28410078770187
TXN_003111,2428,2023-08-16,3294.08411161443
TXN_003112,2153,2024-02-12,2440.753853043363
TXN_003113,1843,2023-04-27,4831.071311991904
TXN_003114,1034,2023-02-13,581.7526425998004
TXN_003115,1153,2022-06-24,455.8536755898261
TXN_003116,2425,2023-03-03,988.2645415402563
TXN_003117,2087,2023-10-17,1946.48599674978
TXN_003118,1889,2023-12-05,958.3558984495463
TXN_003119,1567,2023-11-02,2372.845829742904
TXN_003120,1228,2022-08-25,1764.5688358439104
TXN_003121,1975,2023-08-18,4997.515611268743
TXN_003122,2000,2024-03-22,4836.845465380965
TXN_003123,2276,2023-11-18,1887.5978579039922
TXN_003124,1804,2022-05-20,3981.287329124028
TXN_003125,1563,2022-03-05,1284.0735522309699
TXN_003126,1914,2022-10-06,382.95853762669094
TXN_003127,1014,2022-02-19,298.3914287584582
TXN_003128,1894,2022-08-03,242.96772539760823
TXN_003129,1853,2023-09-29,3706.082193224457
TXN_003130,1339,2022-02-05,1776.8911039967827
TXN_003131,1362,2023-10-13,4136.791042082439
TXN_003132,1179,2023-08-21,4381.786287584945
TXN_003133,1588,2023-03-07,1596.9759236339153
TXN_003134,1214,2023-05-20,1516.8036731061181
TXN_003135,2177,2023-07-22,1608.8474541476576
TXN_003136,2068,2022-09-06,2429.6986227563925
TXN_003137,1351,2024-01-04,178.1292962531912
TXN_003138,1020,2024-03-15,153.129146369113
TXN_003139,1988,2023-04-13,3703.8323982091774
TXN_003140,1564,2024-01-31,4060.221019563097
TXN_003141,1668,2023-05-25,1100.223342492553
TXN_003142,1943,2023-01-29,3009.9976181975044
TXN_003143,1368,2023-03-16,1158.4382125128566
TXN_003144,1658,2023-12-27,3697.6457228489003
TXN_003145,1693,2024-03-20,2160.534349346039
TXN_003146,2101,2022-06-07,4131.498586594131
TXN_003147,2022,2022-04-04,4747.843578953275
TXN_003148,2142,2024-02-29,2821.714581409993
TXN_003149,1358,2023-05-01,4513.270837632601
TXN_003150,1502,2023-03-15,265.57697125234824
TXN_003151,1031,2022-06-15,2367.1872461947514
TXN_003152,1357,2022-02-25,2567.1287879003808
TXN_003153,1061,2023-03-31,2137.4816386812968
TXN_003154,2120,2023-01-05,1642.7271314183574
TXN_003155,2401,2023-01-13,3642.5144348669855
TXN_003156,1451,2023-01-30,2808.142875577849
TXN_003157,2238,2023-01-26,503.840307642434
TXN_003158,2107,2022-12-18,4758.49125933399
TXN_003159,1405,2022-03-23,4448.834741893221
TXN_003160,2005,2023-06-30,1831.9949103154136
TXN_003161,2130,2022-03-04,1306.3647745889766
TXN_003162,1356,2023-05-29,3179.5128533299558
TXN_003163,1130,2023-12-03,312.2072902252854
TXN_003164,2045,2023-07-09,2530.3686737316098
TXN_003165,1595,2023-08-30,3395.864170261606
TXN_003166,1225,2024-02-25,2092.757786797719
TXN_003167,2129,2022-05-28,4864.228577790702
TXN_003168,1952,2023-06-03,3622.4381590857092
TXN_003169,1393,2023-12-27,4676.927097232204
TXN_003170,1870,2022-11-04,4548.666859426884
TXN_003171,2124,2023-05-20,745.3160832694444
TXN_003172,2171,2024-03-15,3376.283160457384
TXN_003173,2253,2022-04-08,3023.7674470544566
TXN_003174,1086,2022-10-29,368.6705738612299
TXN_003175,1522,2022-02-11,1657.646801756146
TXN_003176,1092,2022-11-12,2719.4347287219102
TXN_003177,1803,2024-01-24,2785.9571039222697
TXN_003178,1152,2023-01-19,4088.980466812231
TXN_003179,2446,2022-04-14,2979.423655863289
TXN_003180,1353,2024-01-29,2385.8817886403535
TXN_003181,1878,2022-12-02,3784.601063621074
TXN_003182,1607,2023-08-13,2897.3608470370914
TXN_003183,1982,2023-09-28,4430.407341933299
TXN_003184,1916,2022-02-01,4536.782475817852
TXN_003185,1914,2023-11-10,3061.500235335575
TXN_003186,1408,2022-10-09,2865.2444144409433
TXN_003187,2110,2022-01-30,3536.272536343059
TXN_003188,1210,2024-02-05,3655.01182342244
TXN_003189,1382,2023-11-12,3663.1266912405285
TXN_003190,1870,2023-01-28,3141.461845400715
TXN_003191,2176,2022-02-01,3837.786678532724
TXN_003192,2028,2023-11-27,806.1663603401513
TXN_003193,2099,2023-07-19,4125.221337758743
TXN_003194,1410,2022-05-29,1621.1188155584452
TXN_003195,1003,2022-03-17,4439.86997152281
TXN_003196,2395,2023-02-11,745.9486089037208
TXN_003197,2106,2023-08-04,117.655217198913
TXN_003198,1940,2022-10-01,176.7958465852516
TXN_003199,1430,2024-01-11,1129.7835351561564
TXN_003200,2495,2023-07-03,657.4956579184758
TXN_003201,2385,2023-10-09,2814.1727282670277
TXN_003202,1411,2022-03-02,2297.2292607471986
TXN_003203,1034,2022-05-11,3069.6585486684735
TXN_003204,2265,2023-05-28,1044.0196507140515
TXN_003205,1907,2022-03-01,3793.8111569881553
TXN_003206,1079,2023-01-15,3091.297779686794
TXN_003207,1074,2022-12-13,1183.852081057144
TXN_003208,1810,2023-03-18,2054.732400097827
TXN_003209,1283,2023-06-27,3619.2068224802415
TXN_003210,1726,2024-02-15,3433.816299702774
TXN_003211,2261,2023-02-03,2855.4579083954613
TXN_003212,1336,2022-01-07,4897.187795761046
TXN_003213,1585,2023-01-26,745.9307230812994
TXN_003214,1566,2022-05-15,2492.567368167702
TXN_003215,1082,2022-01-20,3157.7704811699687
TXN_003216,1317,2022-11-23,4970.72713523521
TXN_003217,1874,2023-03-10,2758.693423192371
TXN_003218,1678,2023-10-16,2267.615183752536
TXN_003219,2320,2023-01-09,4619.230067422787
TXN_003220,1699,2022-05-23,2581.2768984793406
TXN_003221,2365,2023-12-23,4702.215179314941
TXN_003222,1833,2023-01-29,3777.0053895931096
TXN_003223,1954,2023-04-28,922.6597427876945
TXN_003224,2447,2023-09-29,920.5817552965608
TXN_003225,1986,2023-05-06,1658.0714656318717
TXN_003226,1018,2022-11-17,431.5634671857535
TXN_003227,1813,2023-02-16,2758.450161922858
TXN_003228,1003,2022-12-20,4312.7375168502
TXN_003229,1466,2023-03-08,2060.120679487635
TXN_003230,1189,2022-01-03,3276.751530255558
TXN_003231,2304,2022-05-11,4909.263309804048
TXN_003232,1062,2022-03-16,1049.29827028184
TXN_003233,2013,2022-11-20,1854.5224020563185
TXN_003234,2277,2023-04-23,222.45001803187154
TXN_003235,2025,2022-06-09,1236.280557457382
TXN_003236,1066,2024-02-23,3919.1555216209063
TXN_003237,1877,2022-01-17,3317.2921060821586
TXN_003238,2309,2023-01-30,3940.660696837657
TXN_003239,1131,2022-12-22,2184.0362639495447
TXN_003240,2071,2022-02-01,3704.604240760169
TXN_003241,1604,2023-04-28,3037.829722471453
TXN_003242,1940,2022-06-04,1709.2496625604629
TXN_003243,1992,2023-09-16,2120.7783147086893
TXN_003244,2070,2023-09-02,2752.5193165952714
TXN_003245,2254,2024-02-12,4786.530471113788
TXN_003246,1283,2023-08-27,4663.674284783542
TXN_003247,1548,2023-10-20,4933.739342418079
TXN_003248,2051,2023-05-30,180.4174562767599
TXN_003249,2434,2024-03-06,3614.1811890944728
TXN_003250,2496,2024-03-12,4483.811711379032
TXN_003251,1901,2022-12-08,3722.4995654748923
TXN_003252,2245,2023-02-10,2140.3639776618816
TXN_003253,2399,2023-01-08,3651.4795049192926
TXN_003254,2032,2022-10-13,2276.2530925084957
TXN_003255,1901,2023-07-14,3599.5586278120045
TXN_003256,2436,2023-07-31,3923.719039459882
TXN_003257,2494,2022-08-09,4231.642301946718
TXN_003258,2093,2022-05-27,3667.319587761847
TXN_003259,1341,2022-06-29,884.0923224125099
TXN_003260,1065,2023-05-25,4687.761418518532
TXN_003261,1606,2022-10-24,1145.610366663843
TXN_003262,2093,2022-12-15,1852.0865857452532
TXN_003263,1745,2023-05-06,2202.6305861568685
TXN_003264,2284,2022-12-19,3590.8242134494103
TXN_003265,1531,2022-03-22,3536.0589321708403
TXN_003266,2419,2023-12-06,4812.449898474867
TXN_003267,2381,2023-03-10,1023.709313580476
TXN_003268,1357,2024-03-19,2308.5747864058153
TXN_003269,2415,2022-05-03,1098.2892188223618
TXN_003270,1375,2022-10-16,3395.5568853023547
TXN_003271,2209,2024-01-10,1143.8512568372348
TXN_003272,2328,2023-04-15,4352.676537393709
TXN_003273,1063,2023-05-25,4915.428634513277
TXN_003274,1177,2023-08-17,1652.5169537468073
TXN_003275,1234,2023-04-25,3722.873248924758
TXN_003276,1864,2023-08-19,2710.723661953972
TXN_003277,1761,2024-01-25,1860.4677481062922
TXN_003278,1039,2023-03-15,1037.0097945278685
TXN_003279,2310,2023-12-28,3624.1196621833137
TXN_003280,2282,2022-06-23,877.8409898199358
TXN_003281,2490,2022-12-12,1475.1238208960021
TXN_003282,2263,2022-04-15,4606.096527088322
TXN_003283,1350,2023-07-23,2590.9864229547284
TXN_003284,1540,2024-02-27,4285.014559023878
TXN_003285,1965,2023-11-12,3860.965828660463
TXN_003286,2335,2024-01-21,1943.5707820535597
TXN_003287,1961,2023-08-10,1168.3198281276077
TXN_003288,2131,2023-03-31,589.5627471550168
TXN_003289,1830,2022-10-21,4807.076426979988
TXN_003290,1029,2024-03-05,1691.0363511382607
TXN_003291,1308,2023-01-28,3398.2621524856163
TXN_003292,1045,2022-07-15,3678.4613722030936
TXN_003293,2382,2023-02-26,1068.6468999216636
TXN_003294,1136,2023-04-22,3499.6342786089053
TXN_003295,1774,2022-08-06,145.6243667948903
TXN_003296,2454,2022-06-02,2149.1940397587646
TXN_003297,1555,2024-02-21,1816.9945760563123
TXN_003298,2274,2022-02-06,4670.787373122055
TXN_003299,1432,2023-11-21,4931.523089568816
TXN_003300,1846,2022-12-14,1510.8941595835317
TXN_003301,1206,2023-12-13,3089.016430503076
TXN_003302,1445,2022-06-19,3751.575100502624
TXN_003303,2082,2022-11-06,1036.3978446711933
TXN_003304,2229,2023-09-29,3464.391379927298
TXN_003305,1330,2023-11-06,1362.7325870724744
TXN_003306,1595,2024-03-09,927.4086069760386
TXN_003307,1524,2022-12-20,4268.312988019294
TXN_003308,1748,2022-09-07,2562.147844727956
TXN_003309,2181,2023-01-14,1555.1227066076922
TXN_003310,2127,2024-01-10,2083.0119029008792
TXN_003311,1358,2022-05-25,2124.5371289320365
TXN_003312,1851,2023-09-17,3873.1685225477963
TXN_003313,2388,2023-05-04,4445.11461059008
TXN_003314,1554,2022-04-02,2430.7478158209797
TXN_003315,2202,2022-06-30,1682.1422823530224
TXN_003316,1357,2022-05-08,3663.596796058384
TXN_003317,2287,2022-10-05,4536.02517091718
TXN_003318,1754,2023-03-18,659.0168839880895
TXN_003319,1548,2023-11-12,4004.3779227903437
TXN_003320,2376,2022-09-16,2830.1419326736395
TXN_003321,2387,2022-12-14,4351.265019656923
TXN_003322,2273,2023-07-29,2619.114207159623
TXN_003323,2143,2023-04-29,4326.621351478172
TXN_003324,2215,2022-10-29,2816.9716515186556
TXN_003325,1806,2022-07-31,809.9230842380808
TXN_003326,2085,2023-05-03,124.23427755295492
TXN_003327,2233,2024-01-24,3138.0673147125276
TXN_003328,1051,2023-04-29,3001.3460638986185
TXN_003329,1312,2023-10-10,1130.0969038911821
TXN_003330,2302,2023-07-05,4268.094825588932
TXN_003331,1387,2023-04-08,4352.025259227835
TXN_003332,2225,2022-12-16,4040.4748604266842
TXN_003333,1138,2022-10-30,4689.274814149611
TXN_003334,1018,2023-02-22,2582.650088036162
TXN_003335,1320,2022-03-09,3541.301737001033
TXN_003336,1094,2022-02-26,4531.887514859393
TXN_003337,1129,2023-04-15,2335.6155137965334
TXN_003338,2128,2022-06-02,3130.2958313420722
TXN_003339,1944,2022-07-20,2612.6710222942825
TXN_003340,2220,2023-08-22,4917.935719242365
TXN_003341,1259,2022-02-08,2244.383549498879
TXN_003342,1986,2023-05-27,1653.4560194956637
TXN_003343,2062,2022-09-05,3185.193422981242
TXN_003344,1816,2022-04-24,1475.408975122467
TXN_003345,2154,2023-01-13,4302.07788998184
TXN_003346,1153,2023-12-17,4471.9619271343845
TXN_003347,1552,2023-12-19,1790.8449701454667
TXN_003348,2344,2022-05-15,1856.0118326346828
TXN_003349,1121,2024-02-13,524.4688978862451
TXN_003350,1756,2022-05-03,1353.8569196964374
TXN_003351,2167,2023-08-18,432.70823985326524
TXN_003352,2209,2022-08-01,3810.4387495491596
TXN_003353,1546,2024-02-26,983.5629396716278
TXN_003354,2234,2023-05-17,486.7868092919991
TXN_003355,1399,2022-06-24,905.1839292775425
TXN_003356,2056,2022-10-02,1948.9330539324626
TXN_003357,2182,2022-08-24,2170.217571744617
TXN_003358,1405,2023-06-30,4503.035548202436
TXN_003359,1363,2022-06-20,1470.0927771095076
TXN_003360,1979,2023-10-15,3616.862435448232
TXN_003361,1162,2023-02-24,4485.060717731807
TXN_003362,1763,2023-06-21,4297.832925874662
TXN_003363,1550,2022-04-07,1074.948641281817
TXN_003364,1130,2022-01-21,1470.6280068525073
TXN_003365,2119,2022-10-17,366.793192504178
TXN_003366,1652,2023-09-14,2468.1244190006278
TXN_003367,2007,2024-03-03,2085.8688265247856
TXN_003368,1269,2022-03-23,2771.988408346068
TXN_003369,1903,2022-04-17,2343.5997949171606
TXN_003370,2390,2024-02-18,3705.416874368057
TXN_003371,1786,2024-02-26,3382.198173349669
TXN_003372,1364,2023-11-20,2200.1554276714214
TXN_003373,2457,2022-10-13,285.4322682266811
TXN_003374,1610,2023-09-13,1784.6370992621867
TXN_003375,2084,2023-07-04,1688.4905866411173
TXN_003376,1931,2024-02-22,537.8542216119049
TXN_003377,2346,2022-11-27,1590.7501908021259
TXN_003378,1588,2023-12-29,4938.090574801785
TXN_003379,1207,2022-05-12,4124.13213288733
TXN_003380,1347,2022-12-05,4028.0276371307395
TXN_003381,1044,2022-08-09,4232.1917503316245
TXN_003382,1346,2024-02-21,4338.750245566463
TXN_003383,1713,2024-02-15,1694.2425226887524
TXN_003384,1646,2022-03-18,1679.0782013419685
TXN_003385,1368,2023-12-28,1748.598593882229
TXN_003386,1533,2023-08-28,4110.870371430157
TXN_003387,1357,2023-10-13,4006.8337627163346
TXN_003388,1494,2023-08-15,182.82371058874332
TXN_003389,1904,2022-02-19,4750.9691697315
TXN_003390,1059,2024-01-18,1499.2731708824492
TXN_003391,1297,2022-12-09,3168.0867794927403
TXN_003392,1058,2022-11-28,3235.5832285212
TXN_003393,2447,2022-10-21,655.5824674413283
TXN_003394,1230,2022-06-01,3509.172164612777
TXN_003395,1796,2022-04-05,2714.5368915995696
TXN_003396,1447,2023-11-09,3093.4364169187857
TXN_003397,1612,2023-01-16,2289.9344687439325
TXN_003398,1367,2023-03-16,4041.3766632293846
TXN_003399,1553,2022-11-17,3212.2871744453687
TXN_003400,2052,2022-03-31,1045.3467762384116
TXN_003401,1987,2023-06-13,3788.3539695985082
TXN_003402,1276,2024-01-11,2562.5556928884807
TXN_003403,1608,2022-10-10,282.64613364266603
TXN_003404,1702,2022-12-11,2034.7354840710877
TXN_003405,2402,2024-01-04,2068.463588061256
TXN_003406,1830,2022-08-21,4027.0242685039752
TXN_003407,1037,2024-03-03,1246.4367977259758
TXN_003408,2230,2022-12-18,2317.422518809387
TXN_003409,1288,2023-12-17,366.5933539713961
TXN_003410,1974,2023-03-09,4419.0550563022125
TXN_003411,2248,2022-11-10,2274.741492027478
TXN_003412,1451,2023-01-15,4297.307408538494
TXN_003413,1027,2022-09-14,3418.460680377083
TXN_003414,1701,2023-02-01,1667.2802830518194
TXN_003415,1756,2024-02-28,3592.2634754939186
TXN_003416,1333,2022-09-14,2397.3645987588025
TXN_003417,2396,2022-06-08,1772.0496441724122
TXN_003418,1560,2024-02-10,3372.8468082261006
TXN_003419,2324,2022-07-22,3894.2470030461213
TXN_003420,1203,2023-02-17,3474.200674175855
TXN_003421,1378,2023-11-19,2368.015132289103
TXN_003422,1901,2022-03-23,1370.6112904848837
TXN_003423,2138,2023-03-22,4070.939684728162
TXN_003424,2043,2022-01-25,1798.572316806965
TXN_003425,2007,2022-01-18,3103.481307436743
TXN_003426,1911,2023-05-12,665.2085052973684
TXN_003427,1395,2024-03-06,3727.3628171279793
TXN_003428,2075,2024-02-11,4769.2729180159195
TXN_003429,2209,2022-04-26,2301.512657345921
TXN_003430,1352,2022-05-29,2786.952664620304
TXN_003431,2137,2022-11-22,4507.500681983738
TXN_003432,1513,2022-01-21,3996.9612187326156
TXN_003433,1545,2023-08-29,4815.172288417812
TXN_003434,1281,2022-05-28,1403.7182360058841
TXN_003435,1672,2023-09-30,2402.9658355346346
TXN_003436,2193,2024-01-06,2332.6512790008496
TXN_003437,1605,2023-09-25,2418.1990842347454
TXN_003438,1759,2023-10-02,4574.316267671085
TXN_003439,2344,2023-03-22,1107.0234382272265
TXN_003440,1365,2022-10-14,4484.99726317932
TXN_003441,1519,2023-10-27,2898.521308437755
TXN_003442,1109,2022-11-21,2730.5284907063583
TXN_003443,1905,2022-07-19,2140.8491499041256
TXN_003444,1952,2024-02-24,2744.255917095384
TXN_003445,1679,2022-05-28,4036.122169489133
TXN_003446,1958,2024-03-23,2511.947082407411
TXN_003447,1323,2023-01-02,3902.511205007092
TXN_003448,1011,2022-08-09,2141.520544946621
TXN_003449,2046,2022-08-16,996.1897908686564
TXN_003450,2184,2022-11-02,2131.847068756483
TXN_003451,1263,2022-06-28,3644.385999172266
TXN_003452,1379,2023-04-21,4273.584103062042
TXN_003453,1079,2023-02-21,3880.9634603010622
TXN_003454,2294,2023-09-02,1934.8259833333318
TXN_003455,1424,2023-09-20,2937.829327966931
TXN_003456,1615,2022-05-03,1866.218051169257
TXN_003457,1435,2022-10-12,3552.036206982537
TXN_003458,1921,2023-12-08,2238.6157753538223
TXN_003459,2101,2024-01-22,3847.7026546239467
TXN_003460,1794,2023-12-28,162.70117215545264
TXN_003461,2134,2022-01-03,1766.7523815302595
TXN_003462,1990,2024-01-30,4403.289989302497
TXN_003463,1451,2022-09-19,1685.3699477124067
TXN_003464,2437,2023-11-11,2034.3454288883013
TXN_003465,1259,2023-04-16,3974.5846573267963
TXN_003466,1821,2022-11-28,563.6173872046654
TXN_003467,2374,2022-09-18,1628.2733793706375
TXN_003468,1707,2022-01-03,3894.890140327192
TXN_003469,1851,2024-02-11,4789.385671241
TXN_003470,2207,2023-03-23,3935.8982573029407
TXN_003471,1657,2022-08-04,944.8209498032909
TXN_003472,1174,2024-02-12,4191.594121294155
TXN_003473,1711,2023-04-24,2431.2975374760026
TXN_003474,2409,2023-07-23,3936.7267927403664
TXN_003475,1584,2023-11-13,1272.8373955683942
TXN_003476,2295,2023-08-18,1771.5496321920014
TXN_003477,1185,2023-03-16,4518.022718673273
TXN_003478,1651,2022-07-19,4562.918925695146
TXN_003479,1166,2023-10-30,1497.3603294257134
TXN_003480,1142,2022-10-06,509.40526848618634
TXN_003481,1492,2022-05-15,4652.173207330842
TXN_003482,1071,2022-10-21,1571.9798609338943
TXN_003483,2367,2022-07-24,688.5849774501927
TXN_003484,1498,2023-11-28,1805.7587470209899
TXN_003485,1146,2022-03-26,1481.7952195971798
TXN_003486,2361,2022-10-20,494.7288948020309
TXN_003487,2108,2023-01-25,4920.322036847206
TXN_003488,1890,2022-05-18,1539.4767950599983
TXN_003489,1806,2023-02-15,1434.6593688384153
TXN_003490,1845,2023-05-24,2157.6595764616536
TXN_003491,2166,2022-08-06,2132.6265349441046
TXN_003492,1890,2023-09-10,2225.7550111722885
TXN_003493,2334,2022-02-26,4542.486846203418
TXN_003494,2392,2022-04-02,395.1583322133886
TXN_003495,1812,2024-02-23,4714.060723999023
TXN_003496,1970,2023-01-05,3363.0103535500775
TXN_003497,2464,2023-07-25,3517.802740457578
TXN_003498,1066,2023-02-16,873.4749935340232
TXN_003499,1837,2024-02-10,1712.7154308630154
TXN_003500,1926,2022-07-12,355.87499464160055
TXN_003501,1340,2022-04-27,3300.087289284888
TXN_003502,1101,2023-12-08,1765.2607637536537
TXN_003503,2337,2023-11-01,2801.1420939767418
TXN_003504,1951,2022-10-02,3788.368714539043
TXN_003505,2133,2022-12-19,2812.3171074302804
TXN_003506,1906,2023-03-22,450.3252902776373
TXN_003507,2455,2024-02-26,402.0366775819234
TXN_003508,1341,2022-02-05,4349.0730168426835
TXN_003509,1827,2023-09-16,1384.532379693923
TXN_003510,2202,2024-01-11,1874.8325930366163
TXN_003511,1678,2022-07-16,1170.1423219074036
TXN_003512,1133,2022-10-17,3524.5166901095195
TXN_003513,2053,2023-11-26,1991.883264151955
TXN_003514,1874,2023-05-01,2335.9946166841883
TXN_003515,2496,2024-02-05,3404.8726604644175
TXN_003516,1995,2023-02-15,3153.015880507934
TXN_003517,1384,2023-02-27,3894.2860070342185
TXN_003518,1597,2022-08-27,3769.2199278186367
TXN_003519,1008,2022-10-25,2255.483074816397
TXN_003520,1135,2022-02-11,1040.0882461640638
TXN_003521,2313,2022-03-29,1193.7765116478427
TXN_003522,1975,2022-06-25,3563.0170444360665
TXN_003523,1978,2022-10-05,1380.3187312733844
TXN_003524,1042,2022-12-09,2258.227144598572
TXN_003525,2128,2022-10-24,628.7374810531744
TXN_003526,2054,2022-10-07,699.0687726224135
TXN_003527,1786,2023-02-28,1324.7432165046555
TXN_003528,2242,2023-02-20,515.6826375668036
TXN_003529,1112,2024-03-29,1445.3460088341549
TXN_003530,1731,2022-02-02,2884.1438674705437
TXN_003531,2283,2022-01-28,3749.3670219113346
TXN_003532,1011,2022-07-28,260.24325633379624
TXN_003533,2494,2023-08-25,3043.0222355808974
TXN_003534,2363,2023-08-17,1879.6136083613515
TXN_003535,1871,2022-09-05,1210.5423608563128
TXN_003536,1245,2023-01-13,256.1030323711744
TXN_003537,2273,2022-12-24,1697.0923416571015
TXN_003538,1508,2023-12-04,3969.423179237373
TXN_003539,2327,2024-02-29,2697.112212743699
TXN_003540,2384,2022-01-18,3900.657870902238
TXN_003541,1043,2022-08-01,2120.5434034615864
TXN_003542,2342,2023-12-24,4231.945904888833
TXN_003543,1606,2023-05-29,836.7365603935036
TXN_003544,2317,2022-04-04,4118.164998022376
TXN_003545,1508,2024-03-17,2432.401403159207
TXN_003546,2349,2022-01-17,3755.417996422267
TXN_003547,2276,2022-08-27,1278.0684730041119
TXN_003548,1307,2023-06-12,2482.169335365766
TXN_003549,2346,2023-10-29,3690.6821640677854
TXN_003550,1866,2022-06-26,2470.4005287928853
TXN_003551,1911,2022-05-11,2344.7004473431894
TXN_003552,1035,2022-10-25,4072.239480823204
TXN_003553,1710,2022-03-04,895.5102014759547
TXN_003554,2314,2024-03-07,2427.998260601834
TXN_003555,1940,2022-05-10,4129.635456241789
TXN_003556,1960,2022-12-29,4241.742088028886
TXN_003557,1235,2023-09-08,679.539895325049
TXN_003558,2408,2022-09-27,4265.749279620864
TXN_003559,1360,2022-09-25,159.55168822262317
TXN_003560,2279,2023-05-15,4292.237979236214
TXN_003561,1867,2024-03-02,1397.3647989855162
TXN_003562,2382,2023-06-24,2933.0261246446216
TXN_003563,1024,2023-05-02,147.1835853853085
TXN_003564,1814,2022-08-05,3684.3141862645466
TXN_003565,1951,2022-12-23,2214.651545373648
TXN_003566,1983,2023-10-08,4244.420499520623
TXN_003567,2024,2022-10-13,2822.0480110978356
TXN_003568,1357,2023-04-24,4189.818382670902
TXN_003569,1117,2023-06-30,3097.1566322744843
TXN_003570,1478,2023-12-24,3754.76154687032
TXN_003571,1676,2023-11-29,3765.0850172968167
TXN_003572,1458,2023-02-16,1308.6292020796789
TXN_003573,1112,2022-11-27,2928.528219453901
TXN_003574,2218,2023-11-24,4381.9302594564315
TXN_003575,2043,2024-02-23,4406.494760122857
TXN_003576,2309,2023-03-25,1985.0674678767675
TXN_003577,1457,2023-11-28,1691.9811002281795
TXN_003578,2471,2022-01-27,3304.4407813654793
TXN_003579,1639,2022-04-22,3914.6223254209335
TXN_003580,2108,2023-05-07,273.7974714122962
TXN_003581,1575,2024-03-27,557.8170704173126
TXN_003582,2297,2022-05-17,3915.786782585456
TXN_003583,1799,2023-06-22,2240.316338361969
TXN_003584,1402,2022-09-19,3371.475990870504
TXN_003585,1252,2023-10-09,4119.781169602483
TXN_003586,1957,2024-02-20,3808.3326752387316
TXN_003587,1661,2023-11-20,4067.617368715119
TXN_003588,2388,2023-06-06,2618.012165958675
TXN_003589,1668,2022-10-26,873.0848601834238
TXN_003590,1727,2022-04-20,2420.190333558971
TXN_003591,2283,2023-03-09,4820.11359808504
TXN_003592,2457,2023-04-24,1596.7223382631616
TXN_003593,1611,2023-09-16,2154.427514991264
TXN_003594,2145,2023-09-05,3850.630483268192
TXN_003595,1978,2024-02-25,472.2696394383378
TXN_003596,1678,2022-09-24,3809.5311599358333
TXN_003597,1568,2024-02-17,1443.6420790750212
TXN_003598,1542,2023-10-30,1409.9041298739128
TXN_003599,1518,2022-08-01,2953.874111808423
TXN_003600,1011,2022-11-05,1350.9069837587642
TXN_003601,1009,2022-02-23,3241.6593028039224
TXN_003602,1156,2023-10-27,4553.372927697326
TXN_003603,2011,2024-02-13,2082.7077800352936
TXN_003604,1724,2023-01-30,4723.411714271886
TXN_003605,1140,2023-05-27,4717.087462476475
TXN_003606,1638,2024-03-11,1117.0884777071765
TXN_003607,1136,2022-11-21,2215.7543440439363
TXN_003608,1690,2024-01-08,4951.558375627313
TXN_003609,2423,2022-04-06,729.6053736676599
TXN_003610,1442,2022-06-23,2429.230791664051
TXN_003611,2465,2022-12-10,2216.203965356326
TXN_003612,2290,2022-07-24,4068.9728946269383
TXN_003613,1675,2022-02-24,894.2199006093649
TXN_003614,1276,2024-01-17,1185.399338025607
TXN_003615,2379,2023-12-11,960.2110995497052
TXN_003616,1932,2022-08-14,916.4863173670993
TXN_003617,2116,2022-11-03,1363.1563881082177
TXN_003618,1640,2022-10-08,2688.282262387985
TXN_003619,2159,2023-09-09,3563.7723936364396
TXN_003620,1110,2024-03-01,1963.5147462991756
TXN_003621,2067,2023-11-21,2286.523724331159
TXN_003622,1890,2022-10-29,3982.7280532567997
TXN_003623,1210,2022-07-24,2673.570454772525
TXN_003624,1342,2022-08-08,2989.9108731860315
TXN_003625,2382,2023-03-04,2638.070462981415
TXN_003626,1360,2022-05-21,3969.6445428119337
TXN_003627,2354,2023-03-31,999.0611288132743
TXN_003628,1410,2022-05-25,4908.134043351068
TXN_003629,1758,2023-06-10,4409.198630963368
TXN_003630,1507,2022-06-07,2061.27485367602
TXN_003631,1231,2022-04-15,2133.9503446563795
TXN_003632,1803,2024-01-12,4260.0699244607895
TXN_003633,2193,2022-10-16,2283.2666924432356
TXN_003634,2427,2023-09-24,2590.0002515273363
TXN_003635,1233,2023-11-25,3755.2821418670783
TXN_003636,1519,2022-07-04,2001.150290605938
TXN_003637,1301,2022-08-05,2324.6926806063657
TXN_003638,1099,2022-01-31,281.88272547553845
TXN_003639,1252,2022-10-06,752.5824709438918
TXN_003640,1307,2023-04-20,2347.4310763630674
TXN_003641,1793,2022-08-13,323.7559899179725
TXN_003642,1802,2023-11-18,1604.3646097672156
TXN_003643,1386,2022-06-26,2242.4959069587485
TXN_003644,2146,2022-03-25,597.925046945249
TXN_003645,1131,2023-07-22,420.0951228690687
TXN_003646,2259,2022-04-02,179.77396766183637
TXN_003647,1220,2022-01-08,2478.080890747401
TXN_003648,1061,2023-10-24,819.4920459543038
TXN_003649,1831,2023-07-28,3474.1232034613163
TXN_003650,1731,2022-02-23,2515.4084679010716
TXN_003651,1402,2022-06-12,192.79168052646912
TXN_003652,1170,2023-09-23,389.2705109608791
TXN_003653,2499,2023-04-24,4597.139179281976
TXN_003654,1013,2022-04-18,709.2403269174984
TXN_003655,1269,2022-09-28,3810.887659330529
TXN_003656,2077,2023-09-18,1306.730012940474
TXN_003657,2436,2022-08-25,1675.6752079872972
TXN_003658,2154,2022-09-18,221.4753843744953
TXN_003659,1712,2023-06-13,2825.128014363536
TXN_003660,1871,2023-08-27,2388.51807260401
TXN_003661,1628,2023-09-21,3750.2772539428865
TXN_003662,1300,2023-01-22,4537.877570642335
TXN_003663,1703,2023-02-07,2783.7731160465073
TXN_003664,1426,2022-12-24,4766.107116205619
TXN_003665,1115,2022-08-07,825.921582158028
TXN_003666,1235,2023-04-10,1788.7635807110025
TXN_003667,1012,2023-02-25,4166.224686287587
TXN_003668,2241,2022-05-29,2811.2407400462926
TXN_003669,2352,2022-12-23,2780.1603161548132
TXN_003670,1067,2022-02-20,2355.890556074079
TXN_003671,1742,2022-02-23,191.4645453403226
TXN_003672,1836,2022-05-19,493.6674857958183
TXN_003673,1390,2023-11-01,538.6218277726206
TXN_003674,2115,2024-01-19,1028.3455807948326
TXN_003675,1103,2022-04-23,561.952466577505
TXN_003676,2449,2023-03-03,622.358706691375
TXN_003677,1613,2023-05-13,3220.7639173663533
TXN_003678,1772,2022-10-19,679.9011941207292
TXN_003679,1303,2022-12-12,2378.6608013550344
TXN_003680,1378,2023-05-26,409.33305983959156
TXN_003681,2371,2023-03-17,1420.09454791025
TXN_003682,2198,2024-01-16,4629.311518329814
TXN_003683,2415,2023-09-24,251.93343695196955
TXN_003684,2428,2023-08-26,4397.112688136432
TXN_003685,1087,2023-12-23,3822.085362597502
TXN_003686,1629,2023-04-26,4612.488997776038
TXN_003687,1624,2022-08-16,3955.67073819048
TXN_003688,2272,2023-09-02,4148.277229274439
TXN_003689,1365,2022-03-31,627.8470109774806
TXN_003690,2112,2024-02-29,4194.176212403778
TXN_003691,1876,2023-06-20,2437.892922340694
TXN_003692,1731,2023-01-31,1822.7374812459523
TXN_003693,1998,2022-03-16,853.9043897996206
TXN_003694,1455,2023-10-23,103.28137467350469
TXN_003695,1414,2022-12-02,3248.8826027757423
TXN_003696,1454,2022-06-13,3657.508363571952
TXN_003697,1510,2023-06-03,2001.634848192316
TXN_003698,2198,2023-07-19,904.7974147345003
TXN_003699,1934,2022-06-05,808.3725856223533
TXN_003700,1208,2024-03-02,924.3651246492774
TXN_003701,2336,2023-05-18,375.42070179295666
TXN_003702,1370,2024-03-31,1862.2748547505796
TXN_003703,2336,2024-02-20,3119.1908230586923
TXN_003704,1802,2022-11-30,2290.82536087432
TXN_003705,1085,2023-05-06,714.8574564203896
TXN_003706,1646,2023-08-30,4099.132627658253
TXN_003707,1820,2022-11-24,1506.5754783325463
TXN_003708,2289,2022-01-01,3053.1314740052453
TXN_003709,2243,2022-12-26,1303.8507962133563
TXN_003710,1294,2023-09-19,3015.45305518853
TXN_003711,1505,2022-12-03,735.3197264796934
TXN_003712,2186,2023-07-07,3311.9493493622176
TXN_003713,2150,2022-07-06,2908.5040660584964
TXN_003714,1826,2022-09-26,2644.5354572500205
TXN_003715,1116,2023-03-07,1163.7333206252847
TXN_003716,2429,2023-06-23,2692.8774971277267
TXN_003717,1648,2022-05-03,4495.812238332569
TXN_003718,1355,2023-07-06,713.798855187831
TXN_003719,1775,2022-08-07,3548.2586086818155
TXN_003720,2022,2023-02-20,657.1916445383678
TXN_003721,2245,2024-02-05,1756.9554892844424
TXN_003722,2399,2022-07-05,3450.7710145693977
TXN_003723,2337,2023-08-11,2845.13223189201
TXN_003724,2173,2023-07-18,3423.49182780478
TXN_003725,1235,2022-07-24,4820.454145903224
TXN_003726,2191,2022-12-02,4851.088956588281
TXN_003727,2435,2024-03-12,4582.857641530802
TXN_003728,1941,2023-01-25,2524.667571671115
TXN_003729,1068,2022-10-31,1771.1041984714068
TXN_003730,1266,2023-11-10,1470.0023134998712
TXN_003731,2173,2023-05-27,2920.877353163473
TXN_003732,1814,2024-02-14,2322.5374100901254
TXN_003733,1381,2024-02-13,4973.170992920654
TXN_003734,1373,2022-08-14,2724.3186074276323
TXN_003735,1684,2024-03-31,1712.0229009638604
TXN_003736,1505,2023-05-28,3216.194420873777
TXN_003737,1236,2022-01-29,314.2158168432336
TXN_003738,1324,2023-08-27,642.8539591944201
TXN_003739,2273,2023-09-07,3351.948576178747
TXN_003740,1589,2023-05-27,704.369313343652
TXN_003741,1789,2023-09-27,3801.5143481779846
TXN_003742,2474,2023-09-06,403.3504474034234
TXN_003743,1753,2022-12-20,3010.0589870658296
TXN_003744,2445,2023-12-26,3424.5620975577235
TXN_003745,2239,2023-04-17,3920.013136562991
TXN_003746,1731,2023-11-20,4439.924921522035
TXN_003747,1020,2022-11-11,1629.9575131324223
TXN_003748,1304,2023-07-11,3623.9058315237876
TXN_003749,2376,2022-10-06,495.57520274794643
TXN_003750,1603,2022-10-15,4165.993977789407
TXN_003751,1806,2023-01-02,4462.122221787806
TXN_003752,2009,2022-11-27,3768.422925854054
TXN_003753,1444,2023-02-01,1478.5142818554655
TXN_003754,1265,2024-03-31,405.48334710599687
TXN_003755,1996,2024-02-27,2165.867693982522
TXN_003756,2191,2023-01-20,1426.114520757748
TXN_003757,2081,2023-08-01,2697.9375396038836
TXN_003758,1600,2023-05-26,2029.9204547058441
TXN_003759,1632,2023-07-12,766.3486465655943
TXN_003760,1756,2022-01-30,4199.751212792122
TXN_003761,1323,2022-07-16,4336.867518537618
TXN_003762,2289,2022-09-20,4084.411664458403
TXN_003763,2085,2023-02-12,1130.7494072885004
TXN_003764,1088,2022-04-05,2199.613198557587
TXN_003765,1415,2022-02-12,940.1833823663401
TXN_003766,1681,2024-02-01,3359.5019447053396
TXN_003767,2099,2022-02-05,4044.4012281353052
TXN_003768,1404,2023-04-03,2949.526053571089
TXN_003769,1364,2022-05-09,2775.938008116741
TXN_003770,1384,2023-06-03,3603.396428988799
TXN_003771,1008,2022-02-13,656.4322262616142
TXN_003772,1514,2022-03-02,1313.5193235411498
TXN_003773,2392,2023-06-22,1637.0259287881224
TXN_003774,1308,2022-12-29,2709.278097509943
TXN_003775,1169,2022-05-01,4882.531939986499
TXN_003776,1146,2023-05-12,4328.760957630262
TXN_003777,1079,2022-06-07,1310.5209973028775
TXN_003778,1803,2022-09-14,1241.624804634395
TXN_003779,1451,2023-07-29,2234.675765138365
TXN_003780,2489,2022-09-28,4875.773205645817
TXN_003781,1977,2022-11-07,847.0236490215595
TXN_003782,1806,2022-11-09,4789.020849221408
TXN_003783,1756,2022-04-27,1033.0535897418843
TXN_003784,2435,2024-02-27,4443.534331279081
TXN_003785,1294,2022-12-11,4168.405969492037
TXN_003786,2153,2022-06-27,4423.371360003471
TXN_003787,2188,2022-04-27,4469.642329702776
TXN_003788,1612,2023-11-07,1168.867263707886
TXN_003789,1882,2024-01-25,3915.6383877883727
TXN_003790,1449,2022-06-14,3442.1508921757654
TXN_003791,1068,2022-06-23,4406.71428556008
TXN_003792,1555,2023-09-23,2502.534349130031
TXN_003793,1908,2024-01-19,2125.9219288332147
TXN_003794,1499,2022-06-04,3658.4909362784897
TXN_003795,2158,2023-10-21,1422.2339000251359
TXN_003796,1829,2023-08-18,4118.269084569218
TXN_003797,1501,2024-02-23,1501.2997795453773
TXN_003798,1973,2023-05-25,311.74576732272
TXN_003799,2368,2022-11-06,2802.244970737765
TXN_003800,1729,2023-12-26,4196.270408233971
TXN_003801,1900,2024-01-07,3483.299421358673
TXN_003802,1659,2022-08-22,4947.53193539159
TXN_003803,1760,2022-12-17,789.5709758291337
TXN_003804,1053,2022-06-11,1788.3752278377046
TXN_003805,1331,2023-08-14,1961.7207326632613
TXN_003806,1958,2023-11-22,384.9328728462594
TXN_003807,2443,2022-10-19,310.7228055077534
TXN_003808,1655,2022-05-07,244.2809458760012
TXN_003809,1312,2023-11-24,2103.5090061768756
TXN_003810,2161,2023-08-25,4239.328368467913
TXN_003811,1354,2022-04-04,3577.2533008386613
TXN_003812,1224,2023-03-22,2289.140713048826
TXN_003813,1613,2022-03-30,1393.6832073804876
TXN_003814,1098,2023-01-23,176.29318504805985
TXN_003815,1306,2024-02-19,959.3610444401249
TXN_003816,1794,2022-09-06,1997.226313301764
TXN_003817,1390,2022-06-30,1915.2409238964647
TXN_003818,2114,2022-03-02,1370.870182473264
TXN_003819,1373,2022-05-27,4985.933305675765
TXN_003820,1203,2023-09-23,2292.1631361573554
TXN_003821,1608,2023-11-27,1412.3768369262857
TXN_003822,1632,2024-02-16,2094.619440684317
TXN_003823,2140,2022-10-08,1469.125085894403
TXN_003824,1065,2023-07-20,1825.25560014391
TXN_003825,1130,2022-04-22,716.7895464704276
TXN_003826,1778,2023-11-18,104.15038507096132
TXN_003827,1900,2022-10-24,2508.9594840273485
TXN_003828,1827,2023-11-22,2496.7964225955943
TXN_003829,2409,2023-07-16,869.1125135979988
TXN_003830,1091,2022-04-27,4180.130214694315
TXN_003831,2100,2022-01-27,1039.8474235027297
TXN_003832,2275,2023-03-08,3873.928862958645
TXN_003833,1738,2022-11-07,1032.3255811680376
TXN_003834,2343,2023-12-04,1478.1903767746924
TXN_003835,1652,2023-01-25,1422.4451297134929
TXN_003836,1053,2023-11-06,1224.9842811506053
TXN_003837,1657,2023-04-07,4767.61255104083
TXN_003838,2168,2022-01-06,1390.9606819858873
TXN_003839,1678,2023-12-04,2476.3269790466666
TXN_003840,2109,2023-06-14,3702.3524561547238
TXN_003841,2164,2022-06-08,1663.7544613230004
TXN_003842,1044,2022-11-04,157.33361094810468
TXN_003843,1116,2023-10-18,3832.2838639236866
TXN_003844,1146,2022-07-14,1491.7586581494054
TXN_003845,1658,2023-04-24,4378.591371752112
TXN_003846,2044,2022-08-18,2506.6519629622617
TXN_003847,1535,2023-05-21,3159.6030645815486
TXN_003848,2181,2023-12-03,4759.703660644795
TXN_003849,2499,2022-12-03,4362.807581330358
TXN_003850,2071,2023-11-23,3983.929077843066
TXN_003851,1418,2022-05-13,2700.580799160155
TXN_003852,2133,2023-12-21,929.5199874240047
TXN_003853,2012,2023-10-19,4221.125333766655
TXN_003854,1570,2022-06-08,560.3405876622705
TXN_003855,1997,2022-09-29,4448.54756020927
TXN_003856,2327,2023-06-17,3854.656367052783
TXN_003857,1481,2023-11-12,4036.929658637426
TXN_003858,2160,2022-10-22,1948.2649083368808
TXN_003859,2100,2024-03-15,516.3131807836351
TXN_003860,1269,2024-03-31,3662.076148154224
TXN_003861,1921,2022-11-26,4892.525901857461
TXN_003862,1691,2024-03-10,4306.197437651253
TXN_003863,2108,2022-10-08,4222.802270873207
TXN_003864,1811,2023-03-13,3198.3021989079753
TXN_003865,2491,2022-03-05,669.7116581204184
TXN_003866,1241,2022-12-25,4330.054770409891
TXN_003867,1930,2022-08-17,1187.9882736289078
TXN_003868,2087,2023-09-06,1396.030322925659
TXN_003869,2263,2024-03-16,3803.704029876563
TXN_003870,2118,2022-09-04,3612.8396266596133
TXN_003871,1397,2022-04-02,455.5569920564399
TXN_003872,1887,2023-10-10,1334.5990915777213
TXN_003873,1048,2022-01-01,4106.660037147329
TXN_003874,2476,2022-11-11,4752.956917802658
TXN_003875,1144,2022-10-18,1404.9243911166052
TXN_003876,1916,2022-09-03,3827.1856760903443
TXN_003877,1397,2022-08-28,2577.6140581883396
TXN_003878,1770,2023-04-26,1962.300024220029
TXN_003879,1670,2022-09-29,4500.774645205466
TXN_003880,2326,2023-10-16,2786.196939206874
TXN_003881,1427,2023-06-01,3489.626998873655
TXN_003882,2040,2024-02-28,3002.982446002855
TXN_003883,1080,2022-11-10,3253.5456696053425
TXN_003884,1183,2023-07-23,2634.6842087442624
TXN_003885,1466,2022-05-19,2713.8665236459346
TXN_003886,1282,2023-05-13,4275.631344129672
TXN_003887,2094,2022-11-23,1583.0258166895164
TXN_003888,1089,2022-05-01,3708.2527236424417
TXN_003889,1708,2023-01-27,1416.019233593568
TXN_003890,1641,2023-04-10,446.5759318738325
TXN_003891,2388,2022-06-26,4525.859381585497
TXN_003892,1202,2022-12-30,2112.2416695368347
TXN_003893,2254,2023-05-13,3447.6100417434354
TXN_003894,1598,2022-06-10,3813.645473405575
TXN_003895,1005,2023-10-26,4005.349921372298
TXN_003896,1356,2023-07-04,1208.9817782104753
TXN_003897,2472,2022-12-01,3312.7995708941453
TXN_003898,2169,2022-02-19,3825.1957850986287
TXN_003899,1054,2024-01-17,686.9542036447701
TXN_003900,2090,2022-03-30,792.3918799633313
TXN_003901,1146,2023-07-30,1883.1131009462256
TXN_003902,1585,2023-12-22,1578.1826203613343
TXN_003903,1979,2022-08-13,4006.4488226942235
TXN_003904,1735,2023-01-21,3249.2240594291247
TXN_003905,2255,2022-06-16,2540.0704593349124
TXN_003906,2491,2023-12-15,621.3870499447164
TXN_003907,1694,2023-10-16,651.5794093396837
TXN_003908,2119,2022-12-03,2633.375607574844
TXN_003909,1853,2023-08-13,4426.096243952153
TXN_003910,1247,2023-03-11,3897.8586182584218
TXN_003911,1131,2023-06-06,4419.686192440904
TXN_003912,2093,2022-09-05,2869.2201913872555
TXN_003913,1348,2022-02-13,1184.7457237730353
TXN_003914,1441,2023-05-02,255.8560155643814
TXN_003915,1255,2024-03-18,4707.343463990136
TXN_003916,2409,2023-04-22,2428.6159461844736
TXN_003917,1504,2022-04-19,4309.185014368555
TXN_003918,1415,2023-12-01,3691.607301996223
TXN_003919,1318,2022-03-11,4177.618314782321
TXN_003920,1315,2024-01-14,1132.2016763571203
TXN_003921,1985,2023-06-27,3429.2687475999164
TXN_003922,1997,2024-03-15,3641.2102494410415
TXN_003923,1329,2023-11-29,2807.8252569527876
TXN_003924,2155,2023-11-14,4192.627669694164
TXN_003925,2167,2022-04-19,4942.214332337204
TXN_003926,2270,2023-09-01,151.63544746356249
TXN_003927,2086,2023-07-04,2329.4764086040936
TXN_003928,2259,2022-09-21,3794.100330726627
TXN_003929,2420,2022-10-17,3655.7118310592105
TXN_003930,1800,2022-05-25,2392.448944513245
TXN_003931,1122,2023-06-13,4226.560423197815
TXN_003932,1269,2022-04-04,3407.7216221384065
TXN_003933,1007,2022-12-04,2786.9566815667704
TXN_003934,1729,2023-07-19,1437.145397298157
TXN_003935,1341,2023-09-13,1899.983824660116
TXN_003936,1685,2023-07-23,4946.370067956714
TXN_003937,2338,2023-10-22,4539.995257137326
TXN_003938,1827,2022-03-02,3508.6718679797277
TXN_003939,1335,2023-06-21,4308.643036285472
TXN_003940,1747,2022-03-19,766.2979306671089
TXN_003941,1860,2023-06-23,1411.1238723483846
TXN_003942,1255,2023-03-07,4437.264680113867
TXN_003943,1115,2022-04-09,2407.2244281848893
TXN_003944,1790,2023-06-24,2995.612378403892
TXN_003945,2412,2023-10-08,4429.961021865517
TXN_003946,2108,2024-03-19,2079.644185178376
TXN_003947,1049,2022-11-11,2460.8697542337654
TXN_003948,2187,2022-08-11,649.6641689640492
TXN_003949,2171,2022-07-08,4957.924436005809
TXN_003950,1554,2022-11-01,4869.537122685981
TXN_003951,2159,2022-12-22,1553.0341214553625
TXN_003952,2241,2024-02-12,4277.135632870638
TXN_003953,1505,2023-04-25,3711.6305361127334
TXN_003954,2395,2024-02-18,818.279610311655
TXN_003955,1233,2024-01-17,217.07492421959196
TXN_003956,1774,2022-02-09,168.96331594048849
TXN_003957,2138,2023-04-21,422.03794719980476
TXN_003958,1188,2022-04-24,3174.2200068175757
TXN_003959,2440,2022-11-22,2511.6337259048223
TXN_003960,2220,2023-11-10,4984.102235537044
TXN_003961,1549,2023-09-14,1504.034388743208
TXN_003962,1523,2023-06-16,3655.928805746032
TXN_003963,1820,2022-08-18,1996.799204305375
TXN_003964,1013,2023-01-23,581.7687603254869
TXN_003965,1966,2024-02-20,4398.013202083441
TXN_003966,1859,2022-11-01,2060.0096279881986
TXN_003967,2268,2022-03-17,4592.908444415011
TXN_003968,2325,2022-09-22,4690.94426430209
TXN_003969,2487,2022-11-11,4118.708357167243
TXN_003970,1432,2023-09-20,235.62576530392982
TXN_003971,1611,2023-05-30,4833.529147254287
TXN_003972,1461,2023-06-07,708.4055285314146
TXN_003973,1877,2022-09-18,4663.415772985003
TXN_003974,1283,2023-01-04,3072.0645379988946
TXN_003975,1622,2023-10-26,1949.554258095235
TXN_003976,1799,2023-12-11,3634.4419598848576
TXN_003977,1716,2022-03-23,2583.618769224975
TXN_003978,1533,2023-09-29,3992.956054835163
TXN_003979,1681,2022-08-18,2617.494051155284
TXN_003980,2391,2023-10-08,1907.654741749083
TXN_003981,2020,2023-08-21,1868.125106106894
TXN_003982,2180,2022-10-25,1835.1334249656231
TXN_003983,1733,2023-07-09,2417.200104448616
TXN_003984,2486,2023-12-17,639.6084363221595
TXN_003985,1160,2022-10-08,3342.360383480259
TXN_003986,1173,2023-04-13,1772.7302255803531
TXN_003987,1904,2023-06-14,2851.5588882920474
TXN_003988,2359,2023-02-12,2679.9365419896935
TXN_003989,1025,2023-12-04,4299.9275158826595
TXN_003990,2322,2022-08-11,4322.286242982693
TXN_003991,1436,2024-02-08,4946.990075991027
TXN_003992,1758,2022-01-15,1283.7232750381306
TXN_003993,1010,2023-11-25,268.84183398064806
TXN_003994,2261,2023-06-30,2182.0378087541785
TXN_003995,1618,2022-06-29,4493.516875384203
TXN_003996,2433,2022-01-02,3041.2325962270984
TXN_003997,2357,2022-05-31,1930.2709743950836
TXN_003998,2336,2022-04-20,3883.4042835647297
TXN_003999,2024,2022-11-03,3590.4917613672346
TXN_004000,1522,2024-03-24,3596.4663734921537
TXN_004001,1087,2023-02-01,2621.457594430682
TXN_004002,1241,2023-09-10,2699.356060443741
TXN_004003,2008,2024-02-06,2823.5318395796153
TXN_004004,2155,2022-01-14,2807.8647166686637
TXN_004005,1597,2022-09-30,1110.9475893598024
TXN_004006,2351,2023-01-13,1304.3502079532236
TXN_004007,1110,2023-10-18,1932.7222344326995
TXN_004008,1288,2022-07-26,4291.793837722885
TXN_004009,2440,2023-09-11,2365.7237973399833
TXN_004010,1073,2022-09-04,4638.963743132156
TXN_004011,1107,2024-01-05,3987.5846134382523
TXN_004012,1800,2024-02-19,4321.36672654128
TXN_004013,1736,2024-01-07,757.3258591531994
TXN_004014,2128,2023-01-22,829.0540703954707
TXN_004015,2405,2022-03-16,1259.4688280891298
TXN_004016,1076,2022-02-12,3346.843019701425
TXN_004017,1202,2022-05-13,2433.8063376475598
TXN_004018,1850,2023-03-07,932.0856062848912
TXN_004019,2264,2024-03-05,3754.3345977788354
TXN_004020,1799,2023-03-12,2635.630034293123
TXN_004021,1706,2022-02-25,3681.8834702940953
TXN_004022,2395,2022-07-27,4556.414891658372
TXN_004023,2228,2024-01-09,4582.264579058862
TXN_004024,1411,2022-04-14,1575.4763294170039
TXN_004025,2237,2023-04-09,876.8209176669454
TXN_004026,1440,2023-04-15,2225.7491797792018
TXN_004027,2235,2023-08-03,511.01577379254286
TXN_004028,1052,2022-09-07,315.45083593939364
TXN_004029,2111,2023-08-26,4892.762253943466
TXN_004030,1671,2024-02-22,4861.939225952629
TXN_004031,1008,2023-02-07,1823.724346200883
TXN_004032,1690,2022-01-26,4120.569426990099
TXN_004033,1082,2023-12-20,1194.7856081945997
TXN_004034,2048,2024-02-03,2144.7324074421867
TXN_004035,1224,2022-01-10,3659.6049887204836
TXN_004036,1429,2023-09-02,2797.6600249678813
TXN_004037,2451,2023-09-06,4123.478998874789
TXN_004038,2217,2023-05-12,4902.191187856003
TXN_004039,2141,2023-02-14,144.1864579673714
TXN_004040,1834,2022-05-16,4630.151023541826
TXN_004041,1894,2022-08-09,2125.891545500298
TXN_004042,1759,2023-06-28,2098.950905262114
TXN_004043,1994,2022-10-04,103.23137332113295
TXN_004044,1077,2022-04-06,4188.3153580190465
TXN_004045,2175,2024-03-23,3819.0455877038326
TXN_004046,2079,2023-03-15,4480.650937773136
TXN_004047,1356,2023-05-23,920.0683726799821
TXN_004048,2282,2024-02-19,1154.051696194739
TXN_004049,1534,2023-11-19,1587.2998510118064
TXN_004050,1673,2023-09-07,2698.0136615556125
TXN_004051,1570,2022-07-06,1791.0700535224546
TXN_004052,1577,2022-02-06,1568.6599760675908
TXN_004053,1405,2022-07-29,995.2004497123011
TXN_004054,1114,2023-02-19,880.084888220633
TXN_004055,1473,2024-02-06,2417.404727658836
TXN_004056,1753,2022-05-11,2284.910125723607
TXN_004057,2357,2022-04-08,3947.1433030530825
TXN_004058,2332,2023-03-19,4136.755449190638
TXN_004059,1330,2023-06-29,3533.008483441653
TXN_004060,1724,2022-02-05,4172.8952084295815
TXN_004061,1982,2024-01-19,633.3744397535313
TXN_004062,1087,2023-05-30,2343.022428208708
TXN_004063,1907,2023-10-05,1503.6203722554678
TXN_004064,1573,2022-08-08,1333.8070803900468
TXN_004065,1002,2022-12-28,3592.205671359771
TXN_004066,2406,2023-11-25,4173.020544243678
TXN_004067,1523,2022-01-28,662.2127761804842
TXN_004068,2171,2023-06-22,708.0871090663388
TXN_004069,1505,2023-10-31,3233.076830745133
TXN_004070,1645,2023-06-06,807.0649737855568
TXN_004071,1083,2022-04-19,3865.0850771619475
TXN_004072,2421,2023-08-31,4160.60613593513
TXN_004073,1183,2023-10-20,2661.93563906344
TXN_004074,1168,2022-06-30,4551.172475138577
TXN_004075,1107,2022-07-29,199.71931436893283
TXN_004076,1192,2022-12-08,1209.4113916004678
TXN_004077,1851,2023-10-19,3887.4024719959775
TXN_004078,2237,2022-02-18,4790.7726318342475
TXN_004079,2383,2023-04-18,4806.839678431733
TXN_004080,2118,2023-10-28,101.9504144665751
TXN_004081,2179,2024-02-12,3196.1311106564094
TXN_004082,1271,2022-11-25,233.91209854703467
TXN_004083,2186,2023-07-10,3531.596492051847
TXN_004084,1555,2022-08-24,3863.404598597169
TXN_004085,1905,2023-03-17,4302.54794626954
TXN_004086,1737,2022-05-01,2694.272749798287
TXN_004087,1764,2022-09-05,4265.550816873314
TXN_004088,1744,2023-06-03,4626.832733658632
TXN_004089,1770,2022-01-20,2712.821442021599
TXN_004090,1798,2023-11-27,2668.164580004674
TXN_004091,2203,2023-05-18,2578.699212256121
TXN_004092,2246,2022-12-30,2572.7179862538715
TXN_004093,1115,2023-05-04,3895.2174335561426
TXN_004094,1960,2022-07-19,429.91663503969164
TXN_004095,2028,2024-02-05,2317.2039795986084
TXN_004096,1772,2023-02-07,2667.5344819110833
TXN_004097,1065,2022-09-02,1150.8331290792526
TXN_004098,1526,2023-04-28,2752.2526051320333
TXN_004099,1448,2023-07-30,2332.7333816051087
TXN_004100,2172,2024-03-21,3714.1540885361374
TXN_004101,1100,2024-03-22,1831.1423141259918
TXN_004102,2290,2023-10-27,4753.888449676646
TXN_004103,1729,2022-01-17,2127.2787092169756
TXN_004104,1553,2022-02-08,3191.3728928207934
TXN_004105,1065,2023-10-27,1186.2300486346192
TXN_004106,2373,2022-10-22,3474.419405146772
TXN_004107,1119,2022-02-08,2617.8797518152055
TXN_004108,1244,2022-07-06,1776.9580854828146
TXN_004109,1388,2024-01-20,1804.7614497115958
TXN_004110,1286,2024-02-23,1939.7264788624364
TXN_004111,2071,2022-11-05,2243.5216383175807
TXN_004112,1799,2022-12-28,1313.4789798656227
TXN_004113,1824,2023-04-07,1459.2651204155961
TXN_004114,1417,2023-10-31,4795.977833766608
TXN_004115,1969,2022-08-19,1576.1824019359988
TXN_004116,1350,2023-12-07,3171.8496402603987
TXN_004117,1154,2022-09-07,1792.1677986403145
TXN_004118,2361,2024-02-17,4073.1137815616817
TXN_004119,2284,2022-01-02,3510.135909433635
TXN_004120,1202,2023-04-20,1708.3136787612623
TXN_004121,1964,2023-10-15,3611.457097483325
TXN_004122,1439,2022-07-01,3808.0474340466776
TXN_004123,2189,2022-01-02,777.6289301536967
TXN_004124,1378,2022-06-19,2932.917260423857
TXN_004125,2461,2022-09-27,4058.0205862453677
TXN_004126,1047,2022-11-03,346.709632146859
TXN_004127,1228,2022-02-18,2588.5454703021664
TXN_004128,1989,2023-02-26,4215.1909376768235
TXN_004129,1680,2022-10-12,4768.537271965239
TXN_004130,2045,2023-01-15,3314.327131874157
TXN_004131,2298,2024-03-01,1706.246874911773
TXN_004132,2136,2024-03-01,3063.7355784063766
TXN_004133,1897,2023-05-19,234.08036226406665
TXN_004134,1968,2024-02-23,2333.7223173863217
TXN_004135,1954,2023-07-10,3663.904217298929
TXN_004136,2112,2023-07-26,277.41482128073903
TXN_004137,1645,2022-07-18,3055.843986564054
TXN_004138,1010,2022-04-19,2982.7780441819295
TXN_004139,2050,2022-03-06,1029.394655991628
TXN_004140,1455,2023-11-16,2889.191377970579
TXN_004141,2054,2022-12-19,2106.3062470897175
TXN_004142,1602,2022-04-08,2446.2621954114097
TXN_004143,2470,2022-05-09,1694.4918240086756
TXN_004144,2451,2022-09-25,4070.688675133105
TXN_004145,1964,2023-02-13,1891.6981480354116
TXN_004146,1590,2022-03-28,3974.969198860295
TXN_004147,1513,2023-08-24,475.2079579782
TXN_004148,1398,2023-01-29,1465.0361832195729
TXN_004149,1386,2023-03-26,2073.0831055800504
TXN_004150,1617,2024-01-11,2082.4401122787162
TXN_004151,2353,2023-04-16,2262.3439271540374
TXN_004152,1137,2023-10-04,3296.70908114562
TXN_004153,1652,2023-10-06,2912.868007905003
TXN_004154,1481,2024-02-04,2653.133526473565
TXN_004155,1299,2022-04-20,4204.594685666921
TXN_004156,1031,2024-03-19,1061.2178047676089
TXN_004157,1456,2022-10-21,4315.170200882174
TXN_004158,1541,2022-08-03,4076.0074321866423
TXN_004159,2408,2022-11-08,1058.9032115459042
TXN_004160,2355,2022-07-23,3157.910300415099
TXN_004161,1043,2023-03-04,1194.0602665303
TXN_004162,1546,2023-06-20,4719.821148910897
TXN_004163,1983,2022-04-03,2515.4531478797203
TXN_004164,1423,2023-11-12,1098.2397172128276
TXN_004165,1044,2022-01-28,3216.9379008506316
TXN_004166,1379,2022-11-14,3565.324004439517
TXN_004167,1496,2023-02-03,3064.3512836772
TXN_004168,1883,2023-12-03,1284.2661126526923
TXN_004169,1958,2022-09-23,3702.5507795025565
TXN_004170,1137,2022-10-12,4654.857515512094
TXN_004171,1407,2022-03-04,4765.460632158647
TXN_004172,1184,2023-08-22,3429.450440736233
TXN_004173,1488,2023-06-03,4217.201799759495
TXN_004174,1017,2023-10-29,4895.2958712875
TXN_004175,2095,2022-01-20,312.5659358127809
TXN_004176,1634,2024-02-03,2437.2538061413443
TXN_004177,1170,2022-12-14,1527.89950887553
TXN_004178,2100,2022-02-19,2426.45714856664
TXN_004179,1399,2022-07-08,4592.897211157246
TXN_004180,1909,2022-03-08,4918.592170062411
TXN_004181,2224,2022-12-31,4534.129513124528
TXN_004182,1238,2022-07-21,1065.8754658992007
TXN_004183,2340,2022-04-09,4034.035035423502
TXN_004184,1319,2023-10-23,4106.517450583263
TXN_004185,1521,2022-06-09,2938.95808170442
TXN_004186,1527,2024-03-26,3602.971074409298
TXN_004187,1476,2023-11-09,4536.251103752774
TXN_004188,2348,2022-01-28,4971.404881787875
TXN_004189,2489,2023-04-11,296.34125462430364
TXN_004190,1758,2023-12-01,1360.098378863485
TXN_004191,1041,2022-07-17,4679.422780919044
TXN_004192,1233,2022-07-28,1712.831643466897
TXN_004193,1555,2023-03-13,621.7967809184343
TXN_004194,1436,2022-09-23,1635.0036671702076
TXN_004195,1675,2024-02-09,2640.6293306259513
TXN_004196,2303,2023-05-06,1991.8471402669056
TXN_004197,2227,2023-02-13,3962.6852273804557
TXN_004198,1742,2022-09-14,3094.0747064457805
TXN_004199,1907,2022-12-02,2231.0323261048516
TXN_004200,1802,2022-08-21,4986.579991539693
TXN_004201,2329,2023-12-17,4441.100325885911
TXN_004202,1850,2022-03-14,4325.05720046959
TXN_004203,1996,2022-01-13,2879.5410107390185
TXN_004204,1845,2023-08-06,3921.6342013673507
TXN_004205,1509,2023-05-20,1745.8387169104938
TXN_004206,2319,2022-01-01,1716.2676929875718
TXN_004207,1021,2022-06-08,4471.0601891892065
TXN_004208,2007,2023-05-24,3024.483398729069
TXN_004209,1241,2023-04-28,1783.5752723123887
TXN_004210,1842,2022-08-04,4242.082262135229
TXN_004211,1577,2022-07-14,2268.514714493792
TXN_004212,2417,2022-11-08,2059.881826676994
TXN_004213,2450,2023-02-07,228.2379424662097
TXN_004214,1452,2022-01-04,3427.112356737167
TXN_004215,1506,2024-02-04,2709.9480192865917
TXN_004216,1212,2024-03-06,1627.9626889652943
TXN_004217,2264,2024-03-22,782.5770129655103
TXN_004218,1992,2023-06-26,993.8365586387662
TXN_004219,1408,2024-03-14,1201.823872423284
TXN_004220,1621,2022-04-16,4339.4974298763955
TXN_004221,1558,2022-05-02,2455.116727198511
TXN_004222,1871,2023-12-09,3507.9358442464045
TXN_004223,1667,2023-12-16,2360.460264258265
TXN_004224,1591,2024-02-11,2421.280376853334
TXN_004225,2068,2022-09-24,4128.5245869177725
TXN_004226,1706,2022-08-29,3878.6679781777066
TXN_004227,2260,2022-02-22,1237.4770631484075
TXN_004228,1722,2022-05-04,3166.027066005383
TXN_004229,1779,2022-03-29,3432.922254274654
TXN_004230,2136,2022-11-06,2083.536882542876
TXN_004231,1506,2024-01-26,434.82561102598066
TXN_004232,1449,2023-07-11,1919.8837098217637
TXN_004233,1749,2023-07-30,1855.6954666649533
TXN_004234,1537,2023-11-29,3484.0849471706965
TXN_004235,2232,2022-01-13,4066.6372930727953
TXN_004236,2313,2022-07-28,2040.4772089750509
TXN_004237,1497,2023-03-11,3264.00964178557
TXN_004238,2206,2022-02-21,3249.889433799025
TXN_004239,1715,2022-04-17,3275.9602422667563
TXN_004240,1399,2023-06-05,2816.1141204527135
TXN_004241,2231,2023-09-16,3183.1592640649937
TXN_004242,2446,2022-04-30,4351.668499649634
TXN_004243,2413,2022-03-08,4616.961838533345
TXN_004244,2389,2022-03-23,549.8172182603851
TXN_004245,1583,2023-12-15,157.5876104271783
TXN_004246,2459,2023-11-28,2642.687489458927
TXN_004247,1920,2023-10-31,2122.780564022244
TXN_004248,2335,2023-09-20,2310.7302561240426
TXN_004249,1338,2022-04-24,2346.6754817361334
TXN_004250,2170,2023-10-07,4486.424098498863
TXN_004251,1456,2024-01-30,3219.4726270134493
TXN_004252,2434,2023-09-15,2267.4663690936995
TXN_004253,1644,2023-03-30,2328.43527818102
TXN_004254,1281,2022-08-20,4238.062876702569
TXN_004255,1413,2023-07-25,1163.5755236924322
TXN_004256,2120,2024-03-13,172.25781341785807
TXN_004257,1162,2024-02-12,2443.020177917572
TXN_004258,1842,2023-07-16,4806.307698692735
TXN_004259,2460,2022-11-12,4090.422997059223
TXN_004260,2219,2024-02-22,2101.1365978329595
TXN_004261,1160,2023-04-20,957.9855455132392
TXN_004262,1254,2023-01-06,2893.662625730111
TXN_004263,2093,2023-09-07,4410.552360938836
TXN_004264,1411,2023-10-26,3614.6404723986575
TXN_004265,1713,2023-06-17,2746.9810925947877
TXN_004266,1035,2022-09-15,3700.894947279895
TXN_004267,2328,2023-12-24,4826.807940360033
TXN_004268,1729,2023-03-05,2808.1981943587616
TXN_004269,1469,2023-05-15,2821.204931168272
TXN_004270,1308,2023-08-17,2445.1562622990473
TXN_004271,2220,2022-01-10,2876.403589146833
TXN_004272,1480,2023-11-08,3212.2949195994684
TXN_004273,2359,2023-10-25,1100.9679668129245
TXN_004274,1703,2023-11-16,2883.3430490228816
TXN_004275,1788,2023-03-01,165.94097949546503
TXN_004276,1290,2023-07-31,4695.853799762205
TXN_004277,1429,2024-02-01,285.41254897421163
TXN_004278,1597,2023-05-27,4794.950141467084
TXN_004279,1431,2022-11-13,4848.06455989187
TXN_004280,1645,2023-09-22,2681.272126886057
TXN_004281,1504,2022-05-14,1728.8490812969687
TXN_004282,1672,2022-01-18,1006.258511568351
TXN_004283,1806,2022-12-13,894.6560073157785
TXN_004284,2432,2023-01-03,1265.876303402748
TXN_004285,2425,2024-02-06,2433.411931971853
TXN_004286,1040,2022-06-17,3740.2008787535547
TXN_004287,1383,2022-01-17,2053.774981377117
TXN_004288,1885,2023-06-06,3926.9592014410673
TXN_004289,2314,2023-05-22,2866.4721203970807
TXN_004290,1182,2024-01-12,194.45718086320915
TXN_004291,1763,2023-04-19,745.7782738564279
TXN_004292,2063,2023-06-27,2904.0233813746795
TXN_004293,2248,2023-12-28,889.7113147463868
TXN_004294,2308,2022-11-02,3080.727348246108
TXN_004295,1137,2023-01-14,2281.8752522781792
TXN_004296,1334,2022-12-06,3481.4029788051157
TXN_004297,1137,2022-05-31,1528.0415871493572
TXN_004298,2497,2022-02-14,4125.963480253355
TXN_004299,1487,2022-07-26,2005.5330128379308
TXN_004300,1575,2023-02-26,4003.575072038668
TXN_004301,1628,2022-05-19,194.9169025186682
TXN_004302,2169,2023-01-27,2026.1120848501087
TXN_004303,1897,2023-01-19,1178.9233158761615
TXN_004304,1408,2024-02-20,2274.033561509737
TXN_004305,2108,2023-12-27,4739.368755626145
TXN_004306,2032,2023-11-05,878.8905817547445
TXN_004307,1858,2023-03-25,531.1817569705747
TXN_004308,2112,2022-07-22,386.63117531818096
TXN_004309,2112,2022-01-10,704.4638766369742
TXN_004310,1218,2022-12-16,403.59259865361724
TXN_004311,1841,2022-03-17,3455.2164024437184
TXN_004312,1349,2024-01-16,675.2685999818434
TXN_004313,1404,2024-01-15,1067.4555707936206
TXN_004314,2184,2024-01-08,3263.1016510743284
TXN_004315,1042,2022-08-05,2286.173628464486
TXN_004316,2497,2022-10-19,367.8573709473824
TXN_004317,1257,2022-01-04,4856.303159708168
TXN_004318,2182,2023-01-13,3039.662073001752
TXN_004319,2155,2023-10-23,3107.578560402541
TXN_004320,1851,2023-12-02,4277.65656433802
TXN_004321,2068,2023-08-29,4554.557786386854
TXN_004322,2344,2022-02-07,379.74275474768
TXN_004323,2013,2023-08-11,434.8968802490885
TXN_004324,2217,2022-10-22,3905.0995160371244
TXN_004325,2286,2022-03-30,3509.5899345601238
TXN_004326,1434,2022-10-02,1162.3808075779061
TXN_004327,1529,2023-05-29,1674.0124781801671
TXN_004328,2320,2022-05-30,3094.100652537964
TXN_004329,1068,2023-08-29,3966.053640522284
TXN_004330,2048,2022-11-09,3055.466436012931
TXN_004331,1567,2022-04-10,3980.6461690570995
TXN_004332,1512,2022-09-16,1220.228408506886
TXN_004333,1182,2022-10-06,1722.4604446186866
TXN_004334,1053,2022-01-04,597.953318383775
TXN_004335,2104,2023-02-16,4925.590716770634
TXN_004336,1159,2023-08-13,4064.052255312331
TXN_004337,2409,2023-12-11,3607.36144975771
TXN_004338,2472,2022-11-22,1054.5810782512835
TXN_004339,1737,2023-11-08,3523.5509738807746
TXN_004340,1263,2023-06-03,4325.822632051926
TXN_004341,1620,2022-01-01,4070.7096263824305
TXN_004342,2005,2023-08-23,3797.958310493835
TXN_004343,2332,2023-02-22,1997.0691715062467
TXN_004344,2067,2022-06-29,3858.124708398292
TXN_004345,1200,2022-01-10,2474.405849952474
TXN_004346,2307,2023-01-10,2082.1752300285516
TXN_004347,1146,2023-10-08,4827.43336697838
TXN_004348,2463,2023-03-28,818.6824624483202
TXN_004349,2427,2022-04-20,4337.122868892235
TXN_004350,1710,2022-05-05,1678.2913936808704
TXN_004351,2207,2023-03-08,2630.4224603339753
TXN_004352,1546,2023-12-20,1878.3863336513557
TXN_004353,2232,2022-10-28,2565.667802930425
TXN_004354,1871,2023-10-14,4110.172561132167
TXN_004355,1574,2022-04-13,996.7647247356697
TXN_004356,1081,2023-09-15,3798.4859827379605
TXN_004357,1262,2022-03-11,2284.8559623109904
TXN_004358,1922,2022-04-20,4681.256236037609
TXN_004359,2062,2022-08-12,2780.23800501903
TXN_004360,1285,2022-08-12,302.7394648210938
TXN_004361,1022,2024-01-01,4560.009859975267
TXN_004362,2497,2024-01-21,4630.015804051325
TXN_004363,1302,2023-09-23,981.6146462123834
TXN_004364,1205,2022-08-02,4866.045819647854
TXN_004365,2455,2023-07-02,2284.4174614144144
TXN_004366,1094,2022-12-09,4580.656582562043
TXN_004367,1474,2022-12-23,1883.9823345804168
TXN_004368,2399,2024-03-01,211.1501319925231
TXN_004369,1136,2023-03-15,3995.600386980874
TXN_004370,1150,2022-09-13,4440.475000580046
TXN_004371,1702,2023-10-29,897.7624056219274
TXN_004372,1201,2023-04-27,2814.506594961333
TXN_004373,1942,2023-02-08,4174.635445853699
TXN_004374,2273,2024-02-22,2361.574239843098
TXN_004375,1073,2022-02-11,3962.992769796957
TXN_004376,2345,2023-01-23,3226.657123901524
TXN_004377,1548,2022-01-29,3631.579099666666
TXN_004378,1636,2023-11-26,4602.197719529246
TXN_004379,1999,2022-07-22,2142.4344394962227
TXN_004380,1997,2023-07-15,3877.776981617183
TXN_004381,2189,2022-11-23,3592.1493488353126
TXN_004382,2024,2022-02-23,2251.0460994871887
TXN_004383,2361,2023-05-05,1967.752273019302
TXN_004384,1290,2023-02-21,4418.637869192477
TXN_004385,1070,2024-01-04,1103.2235467600444
TXN_004386,1107,2022-12-26,1660.6848172187056
TXN_004387,1597,2023-07-03,4874.96183220391
TXN_004388,2204,2022-07-24,1459.0923715186652
TXN_004389,2048,2022-10-07,4375.134515592807
TXN_004390,2174,2022-02-24,1919.9961413606602
TXN_004391,2288,2022-08-11,2800.8977899178094
TXN_004392,1202,2022-04-18,2051.8770475140436
TXN_004393,2498,2023-12-19,1184.378634189912
TXN_004394,2243,2023-11-15,3486.4187235539894
TXN_004395,1568,2023-08-25,4836.389985014336
TXN_004396,2105,2023-05-24,4474.7734776373345
TXN_004397,1163,2022-01-06,4927.855766647365
TXN_004398,1929,2023-05-22,3486.5222740932054
TXN_004399,2292,2024-03-09,268.9433677379085
TXN_004400,2206,2022-06-20,2814.9421714067903
TXN_004401,1179,2022-09-25,3150.324937226278
TXN_004402,1597,2022-07-12,688.7045637694566
TXN_004403,1471,2024-01-26,4159.291999239236
TXN_004404,2134,2022-06-29,3677.3953139183977
TXN_004405,2068,2024-01-30,2297.3024716126774
TXN_004406,1531,2022-03-11,1530.774270906516
TXN_004407,1608,2024-01-03,1186.8485419354647
TXN_004408,1430,2022-01-30,4825.7895299841975
TXN_004409,2381,2022-04-29,4030.1702603762583
TXN_004410,2082,2023-12-18,3497.582786478856
TXN_004411,1974,2023-05-25,4747.062899971123
TXN_004412,1974,2024-01-04,1097.1737293860688
TXN_004413,1223,2023-04-05,4302.280207883547
TXN_004414,1809,2023-09-30,2958.885802119414
TXN_004415,1188,2023-04-03,4671.942044755229
TXN_004416,1058,2023-07-21,3336.9888956860304
TXN_004417,2031,2022-02-08,3733.513212426392
TXN_004418,1824,2022-09-19,1189.0598929745731
TXN_004419,1405,2022-07-03,1790.480469874467
TXN_004420,1613,2023-06-04,1581.297656143489
TXN_004421,2495,2023-06-12,3501.3151530586997
TXN_004422,2044,2023-01-21,2114.7498347448645
TXN_004423,1383,2023-07-30,4313.891950977557
TXN_004424,1411,2022-09-10,1141.6494411249541
TXN_004425,2328,2022-01-11,3998.7709667047193
TXN_004426,1727,2023-08-23,4084.889531825819
TXN_004427,2333,2022-07-30,3176.6054209119925
TXN_004428,1230,2023-05-31,826.7197042824464
TXN_004429,1235,2023-10-05,1700.923183913978
TXN_004430,1662,2024-02-22,2048.9336342729353
TXN_004431,1045,2022-12-26,2380.700021378976
TXN_004432,1221,2022-03-09,3710.153275211011
TXN_004433,1751,2023-03-03,1758.0257139678836
TXN_004434,1155,2022-01-09,189.26702851651345
TXN_004435,2118,2023-06-21,4343.78562006329
TXN_004436,1817,2023-07-31,2218.4011887628717
TXN_004437,2106,2023-09-08,1486.1430701058873
TXN_004438,2268,2022-03-07,4114.010625298335
TXN_004439,1574,2023-11-26,4406.34237473166
TXN_004440,1009,2022-06-22,3682.0903284524366
TXN_004441,1088,2024-03-11,1836.1482027688796
TXN_004442,1908,2022-01-22,1232.3102679441638
TXN_004443,1325,2022-02-11,3592.7185238449283
TXN_004444,1285,2022-07-23,381.5509716435391
TXN_004445,1214,2022-06-04,2016.160717480239
TXN_004446,1995,2023-06-07,3818.1463381171197
TXN_004447,2095,2024-03-20,2966.8535426886638
TXN_004448,2231,2023-04-07,3695.8789487583804
TXN_004449,2162,2022-03-19,2907.2899143391287
TXN_004450,2402,2022-04-14,1274.4685992718044
TXN_004451,1981,2022-10-05,2467.7531250554753
TXN_004452,1401,2023-10-11,3888.004118092277
TXN_004453,1611,2023-12-20,1228.9156129398864
TXN_004454,1522,2024-02-02,4818.801247582133
TXN_004455,1339,2024-01-07,1094.0299179992041
TXN_004456,2199,2022-02-26,169.61433566607417
TXN_004457,1828,2022-12-05,3912.546693190528
TXN_004458,1905,2024-03-09,4649.174119752718
TXN_004459,1356,2022-10-01,1308.5491025303627
TXN_004460,1377,2023-11-11,859.7767318456363
TXN_004461,2339,2023-11-16,1197.2507688110163
TXN_004462,1074,2023-03-09,3176.5363633095762
TXN_004463,2122,2023-09-02,2937.2006460230946
TXN_004464,1264,2023-01-26,3144.5990083610436
TXN_004465,1910,2022-12-08,137.8972453510381
TXN_004466,2013,2022-09-17,869.2367065329287
TXN_004467,2106,2023-11-16,1291.8663216253365
TXN_004468,1227,2022-06-23,3515.7188811018495
TXN_004469,1130,2023-12-25,3082.861100679568
TXN_004470,2033,2022-07-14,3157.1157890901527
TXN_004471,1544,2024-02-16,2896.5003051708172
TXN_004472,1243,2023-03-17,3748.119173007397
TXN_004473,2249,2022-09-29,4714.302980106629
TXN_004474,1227,2022-11-03,3400.475247781084
TXN_004475,1244,2022-11-04,3750.315374640635
TXN_004476,1443,2023-10-11,3080.111200981785
TXN_004477,1614,2023-08-18,4008.422218141086
TXN_004478,1886,2023-07-10,4720.627574066672
TXN_004479,1824,2022-07-26,3065.0072894552654
TXN_004480,2484,2022-04-27,986.9330336418667
TXN_004481,1935,2022-01-05,3874.3056534739
TXN_004482,1381,2024-01-03,3289.0823849961102
TXN_004483,2215,2024-03-05,4674.6628153725605
TXN_004484,1638,2023-05-14,1433.4564992536768
TXN_004485,1521,2023-09-18,4853.179622073842
TXN_004486,1841,2024-02-01,2803.9478366836047
TXN_004487,1157,2022-10-28,4823.589042000762
TXN_004488,2279,2023-03-01,3941.7923252880723
TXN_004489,1546,2022-03-31,4343.202477097952
TXN_004490,1505,2022-01-28,1686.8242253567964
TXN_004491,1820,2023-06-28,1175.2281527861562
TXN_004492,1166,2022-08-05,3158.0098850903332
TXN_004493,1021,2024-03-31,1934.2224056337939
TXN_004494,1066,2022-03-12,4930.885191559586
TXN_004495,1709,2024-02-03,2527.9356327620467
TXN_004496,1611,2022-01-30,641.3250118106057
TXN_004497,1847,2022-09-13,2544.1331415479385
TXN_004498,1586,2024-03-31,2721.9066575862826
TXN_004499,1887,2023-11-02,123.17074314035942
TXN_004500,1016,2023-01-31,1302.898046061659
TXN_004501,1658,2023-06-05,106.56373270783837
TXN_004502,1761,2022-11-19,2848.906309149793
TXN_004503,1254,2023-01-05,1531.4556901258647
TXN_004504,2211,2022-06-05,948.7170577933822
TXN_004505,1327,2022-08-02,4209.059422055319
TXN_004506,2403,2023-10-28,247.08648973058834
TXN_004507,1345,2022-03-24,3489.374419452796
TXN_004508,1239,2023-02-09,2907.6958522062737
TXN_004509,2496,2023-09-05,3880.6058918893677
TXN_004510,1306,2022-01-10,748.0902190133028
TXN_004511,1175,2022-10-07,4370.742197962842
TXN_004512,1312,2022-10-08,1675.9913773220346
TXN_004513,1905,2023-11-23,141.88125953223275
TXN_004514,1543,2022-03-31,3317.7168351626683
TXN_004515,1334,2022-05-09,4310.823852144078
TXN_004516,2402,2022-11-05,1833.088061428243
TXN_004517,1835,2023-04-30,2685.1131015799447
TXN_004518,1899,2022-04-17,2120.432206459339
TXN_004519,1700,2023-05-20,308.0802092064391
TXN_004520,2356,2024-03-02,3790.333690200517
TXN_004521,2163,2022-10-10,4713.211022703683
TXN_004522,2308,2022-04-17,2158.381512771853
TXN_004523,2366,2022-06-04,807.7353512341455
TXN_004524,1268,2022-08-20,2574.8643283994575
TXN_004525,1805,2023-03-25,4533.297942629664
TXN_004526,1185,2023-01-15,3068.514769630497
TXN_004527,1109,2024-03-17,1140.5521795328614
TXN_004528,1766,2022-11-29,2810.7202802754914
TXN_004529,1034,2023-08-19,1701.6403715163663
TXN_004530,2245,2022-03-17,215.4442397816859
TXN_004531,1797,2022-09-18,4576.84759512993
TXN_004532,2122,2022-12-03,3992.8315041429782
TXN_004533,1630,2022-08-18,4627.974961271194
TXN_004534,1009,2024-02-23,3445.7080737287397
TXN_004535,1208,2022-08-09,2303.7192122180445
TXN_004536,1037,2023-11-24,2516.623281757474
TXN_004537,1093,2023-02-02,1102.6398979890316
TXN_004538,2256,2023-12-15,1992.865590229028
TXN_004539,1886,2024-03-07,902.8695294051458
TXN_004540,2186,2023-02-16,2419.9629923458183
TXN_004541,1838,2023-09-22,3265.003385688099
TXN_004542,1651,2023-09-21,1357.3215946890246
TXN_004543,1241,2023-02-05,4724.460233712809
TXN_004544,1681,2023-12-10,3269.5458815068355
TXN_004545,1097,2023-12-07,1177.5966932138274
TXN_004546,2406,2024-03-14,918.3030506685152
TXN_004547,1578,2023-05-13,932.8567465540629
TXN_004548,2312,2023-09-08,4871.892778830828
TXN_004549,1615,2022-06-23,1259.452403636614
TXN_004550,1140,2022-10-28,925.0315751780336
TXN_004551,1202,2022-04-13,903.549699510909
TXN_004552,2427,2023-06-05,1787.0443836057507
TXN_004553,1416,2022-06-13,3115.0469850916315
TXN_004554,1801,2022-01-05,487.4803790777169
TXN_004555,2329,2023-08-24,881.2294333512039
TXN_004556,1945,2022-06-27,4884.618180423489
TXN_004557,1136,2024-03-06,3127.180318014262
TXN_004558,1774,2022-01-27,784.448396560313
TXN_004559,1904,2023-11-18,2795.4774716619604
TXN_004560,1617,2022-06-10,1280.5939398329156
TXN_004561,1921,2022-04-25,4870.720249734341
TXN_004562,2153,2023-01-13,2005.1785689199953
TXN_004563,1624,2022-04-07,797.6380788921382
TXN_004564,1833,2023-11-09,3103.5303930659747
TXN_004565,2139,2022-05-16,772.8039568883353
TXN_004566,1137,2023-01-23,2638.54266416986
TXN_004567,1414,2022-06-13,4275.941490792035
TXN_004568,2184,2023-02-19,1794.0806437488036
TXN_004569,1619,2023-12-15,2439.65932916994
TXN_004570,1247,2023-11-12,630.7978454217686
TXN_004571,2157,2022-05-16,3267.0730529956245
TXN_004572,1525,2022-06-07,649.3873408905554
TXN_004573,2294,2023-02-02,1702.1271920912175
TXN_004574,1224,2024-03-23,4221.796004128121
TXN_004575,2144,2024-01-09,834.6011972562649
TXN_004576,1734,2023-01-01,4216.8333041209
TXN_004577,1720,2022-10-29,3189.8021541281287
TXN_004578,1462,2022-12-15,791.1124678935373
TXN_004579,1915,2024-02-23,925.6118988996244
TXN_004580,1239,2023-01-29,3349.7456108462698
TXN_004581,1020,2022-11-20,3672.9387970675516
TXN_004582,1447,2022-02-19,3313.0941350995713
TXN_004583,2352,2022-11-20,3598.854575626099
TXN_004584,1447,2023-05-29,1871.7590106072773
TXN_004585,1254,2023-04-08,107.03303491857913
TXN_004586,2185,2022-03-16,2691.6119301986946
TXN_004587,1302,2024-01-29,3013.136953010733
TXN_004588,1776,2023-05-16,3469.5072330039466
TXN_004589,2211,2023-12-28,1233.4340164615821
TXN_004590,1623,2024-01-12,934.1356856604234
TXN_004591,2053,2024-01-24,4168.496566598871
TXN_004592,2459,2022-07-07,4222.355576735782
TXN_004593,2338,2022-05-09,4939.29180014081
TXN_004594,1886,2023-05-08,1764.8273319392224
TXN_004595,1387,2022-04-07,389.1885369075064
TXN_004596,1679,2022-12-31,2431.8306333838214
TXN_004597,1479,2023-05-16,2450.755214526216
TXN_004598,1607,2022-06-14,278.99796400866416
TXN_004599,1134,2022-06-26,2917.8010167302896
TXN_004600,2061,2023-09-21,1378.0132950727404
TXN_004601,1287,2023-12-23,683.714553148409
TXN_004602,2092,2022-09-30,3063.9671621225148
TXN_004603,1745,2022-11-23,1483.4949659877764
TXN_004604,2090,2023-02-03,2851.7108898185343
TXN_004605,1191,2023-07-17,174.52919372365153
TXN_004606,2143,2023-02-15,1894.4742046816798
TXN_004607,1400,2024-02-16,4340.573254348949
TXN_004608,2423,2022-03-05,3285.573969757211
TXN_004609,1908,2023-03-23,4350.799815861782
TXN_004610,1657,2022-12-07,3728.3250397839874
TXN_004611,2037,2022-08-17,3626.60567890125
TXN_004612,1468,2023-05-20,4363.113486516725
TXN_004613,1892,2024-03-20,195.76125385213817
TXN_004614,1153,2024-01-19,2157.991711930848
TXN_004615,2193,2024-01-07,4806.028885042523
TXN_004616,1956,2023-09-21,968.0925115775254
TXN_004617,1678,2022-09-07,3303.2640428585073
TXN_004618,2409,2022-03-11,3971.9466668912523
TXN_004619,1696,2023-05-27,4674.662148972377
TXN_004620,1305,2022-12-11,4371.8077087974625
TXN_004621,2341,2023-07-01,3415.2480556216315
TXN_004622,1353,2022-09-30,3584.6857610929665
TXN_004623,1906,2023-07-10,1780.8777934244633
TXN_004624,2234,2022-12-11,1197.284357697867
TXN_004625,1797,2023-04-05,4797.2518009975465
TXN_004626,1693,2022-04-17,4880.273304643611
TXN_004627,2478,2024-01-11,2180.5530858774346
TXN_004628,1853,2024-02-03,2113.0402204831316
TXN_004629,1191,2023-05-03,2313.4173537296024
TXN_004630,1592,2022-02-13,2360.928048919166
TXN_004631,2358,2023-05-17,4226.615924298926
TXN_004632,1904,2023-03-01,2210.4029762633486
TXN_004633,1967,2022-02-18,4423.521569189476
TXN_004634,2019,2022-03-01,3506.4051780442787
TXN_004635,1897,2022-09-15,4830.4175808003065
TXN_004636,1815,2023-07-31,3405.345802982566
TXN_004637,1566,2022-04-24,2119.6641543079722
TXN_004638,2090,2024-02-10,4598.099699289974
TXN_004639,1626,2022-12-15,1225.992645115098
TXN_004640,1111,2023-02-02,4828.282110409274
TXN_004641,1670,2023-11-05,312.8020745376997
TXN_004642,2130,2023-04-15,3240.608925717205
TXN_004643,1025,2023-11-07,189.42328999350747
TXN_004644,2000,2022-01-15,1099.4714820633924
TXN_004645,1621,2023-07-03,2373.4787406791365
TXN_004646,2089,2022-05-18,875.5378618868365
TXN_004647,2437,2022-09-22,4945.236814546906
TXN_004648,1716,2024-03-28,3887.761226994357
TXN_004649,1612,2023-07-12,4269.187317261061
TXN_004650,2024,2023-09-10,4897.4452462826885
TXN_004651,1581,2022-03-22,3406.3666540751597
TXN_004652,1458,2022-10-30,1406.3310989233792
TXN_004653,1368,2022-10-01,3809.072818687967
TXN_004654,1726,2022-04-23,2963.124571304673
TXN_004655,1141,2023-02-13,1410.745381507712
TXN_004656,1013,2023-12-21,1899.6938366503773
TXN_004657,2491,2024-03-29,3078.552824918816
TXN_004658,1710,2022-12-31,2037.7268064657928
TXN_004659,1530,2022-08-29,1252.146691094851
TXN_004660,2433,2022-03-30,2206.6236452686926
TXN_004661,1826,2023-11-26,1244.6442857996703
TXN_004662,2173,2022-09-29,4388.041871422289
TXN_004663,1830,2022-09-12,3500.960954887599
TXN_004664,2356,2023-05-04,1945.0337731698487
TXN_004665,2097,2022-09-02,4732.660801686748
TXN_004666,1437,2024-02-19,2005.8474513263943
TXN_004667,1382,2022-04-09,2914.8990060223205
TXN_004668,1914,2023-07-25,2608.1733845156905
TXN_004669,2374,2022-03-14,697.3909992116361
TXN_004670,2289,2023-09-16,2176.5807305939998
TXN_004671,1804,2023-11-08,479.9735024174071
TXN_004672,1972,2022-10-15,935.7014273331098
TXN_004673,1950,2022-07-30,3958.888499028077
TXN_004674,1404,2023-06-18,1583.0434299870633
TXN_004675,2020,2022-03-24,535.8838513840307
TXN_004676,1885,2022-08-30,3622.8974809766105
TXN_004677,2446,2022-01-12,4031.743017840818
TXN_004678,1966,2023-06-01,2932.5793196692844
TXN_004679,1078,2024-03-04,4586.497000281485
TXN_004680,1308,2022-04-26,4262.2690293492515
TXN_004681,1726,2022-12-13,2808.2931643714187
TXN_004682,2056,2022-01-20,3711.350934567015
TXN_004683,1889,2023-12-02,1713.2849943738408
TXN_004684,2451,2022-05-16,3217.7962412518445
TXN_004685,2358,2023-03-22,4886.94808720256
TXN_004686,2478,2023-03-14,4019.37476686586
TXN_004687,1712,2023-07-24,1935.2297922779485
TXN_004688,1950,2022-06-22,4668.593024351716
TXN_004689,2435,2023-12-06,4143.1691837321205
TXN_004690,1469,2023-06-01,282.38439291521115
TXN_004691,1564,2022-06-08,3755.4244561985124
TXN_004692,1937,2024-03-01,4884.356444063354
TXN_004693,1120,2023-02-09,1656.7621590693795
TXN_004694,1149,2023-05-27,1449.148297478511
TXN_004695,1152,2023-10-14,3236.3283723242043
TXN_004696,2003,2022-01-04,639.5977799155883
TXN_004697,2279,2024-03-15,3407.381997177242
TXN_004698,1573,2023-08-10,1210.239778915984
TXN_004699,2086,2024-01-16,2312.502330636776
TXN_004700,2316,2022-04-14,4470.654023343299
TXN_004701,1067,2023-01-08,4004.257473041545
TXN_004702,1224,2023-10-11,629.1608911224256
TXN_004703,1846,2022-10-09,3830.7836105714237
TXN_004704,2477,2024-01-13,2117.3830665775217
TXN_004705,1557,2022-10-10,4972.764291637907
TXN_004706,2313,2023-04-22,1568.7070677310564
TXN_004707,1875,2024-01-20,2405.935851381061
TXN_004708,1246,2022-08-23,1771.7712177513076
TXN_004709,2339,2023-12-03,2972.3441283457664
TXN_004710,1908,2022-06-27,1402.7910601665885
TXN_004711,1291,2022-12-04,4571.969435355713
TXN_004712,1213,2023-05-17,3123.246710459447
TXN_004713,1767,2022-08-10,4719.2781356471305
TXN_004714,1604,2023-04-01,3434.53716583343
TXN_004715,1970,2023-12-27,1010.5893251873702
TXN_004716,2216,2023-12-26,175.55613081789517
TXN_004717,2010,2022-12-25,2097.128800439834
TXN_004718,2457,2023-02-14,4968.201462010135
TXN_004719,1073,2023-08-28,4396.946242614799
TXN_004720,2097,2023-07-12,4249.3270162275785
TXN_004721,1624,2023-04-07,2886.552649180028
TXN_004722,1663,2024-02-06,564.7129874207476
TXN_004723,2286,2022-07-10,174.35794416083672
TXN_004724,2109,2022-05-25,4209.251558550766
TXN_004725,1057,2022-12-10,969.2238209914971
TXN_004726,1725,2023-09-08,475.8155748416011
TXN_004727,2440,2023-07-30,3577.804098567701
TXN_004728,2304,2022-06-06,105.75412411411163
TXN_004729,1207,2022-11-04,3730.0062905988743
TXN_004730,2166,2022-05-08,1042.4254372574728
TXN_004731,1412,2022-01-24,1674.8327302216248
TXN_004732,2075,2022-05-05,941.3189290780863
TXN_004733,2040,2022-06-24,3908.0256713371987
TXN_004734,1729,2022-04-11,2475.3862554821903
TXN_004735,1739,2022-02-20,912.5662034037322
TXN_004736,1803,2022-09-15,288.80326746861624
TXN_004737,1418,2023-10-23,4934.876804667338
TXN_004738,2447,2022-06-17,3600.4001684533314
TXN_004739,1918,2022-04-15,3431.7670615439733
TXN_004740,1200,2023-08-04,2563.7636210378455
TXN_004741,2441,2022-02-04,2231.4320987970523
TXN_004742,2465,2023-03-04,4000.2263414216814
TXN_004743,2105,2023-11-06,4150.377301506363
TXN_004744,1079,2022-12-05,399.3959328570564
TXN_004745,1188,2023-12-21,4311.159924607279
TXN_004746,2179,2022-06-02,3831.596612481252
TXN_004747,1827,2023-05-21,2482.442521036736
TXN_004748,2183,2022-03-21,2433.989617333443
TXN_004749,1753,2022-01-31,4190.504610858881
TXN_004750,1825,2022-08-13,3988.453552621839
TXN_004751,2067,2024-02-06,780.1045561540819
TXN_004752,2185,2022-07-28,2791.0576330299527
TXN_004753,1509,2022-06-29,4849.851399602331
TXN_004754,1694,2023-02-23,3703.762905292192
TXN_004755,2231,2023-05-12,4867.5936067699195
TXN_004756,2120,2022-11-01,3902.3876199032093
TXN_004757,1020,2023-10-18,2670.841060648102
TXN_004758,2378,2024-01-12,3064.023049922714
TXN_004759,2427,2022-11-10,3576.1255744096507
TXN_004760,2246,2024-03-28,3671.250848929199
TXN_004761,1399,2022-11-30,3763.038127048626
TXN_004762,2485,2022-03-05,4658.270782123349
TXN_004763,1559,2022-11-04,1614.9081239835277
TXN_004764,2055,2022-02-09,4164.415463454447
TXN_004765,1488,2022-08-31,2891.4403424815187
TXN_004766,1287,2022-12-27,4438.1154228560345
TXN_004767,2460,2022-09-02,3192.359357202219
TXN_004768,2403,2023-09-01,4682.228762768282
TXN_004769,1436,2022-05-25,2177.7643277640323
TXN_004770,1129,2023-07-22,586.5346895232681
TXN_004771,1440,2022-01-30,3259.8303202966367
TXN_004772,1789,2023-09-12,3895.488097870899
TXN_004773,1996,2023-12-27,3488.02760906159
TXN_004774,2268,2023-03-04,3652.409112229099
TXN_004775,2075,2024-01-03,241.51494254970584
TXN_004776,1720,2023-01-17,4828.126264953056
TXN_004777,1863,2023-03-29,1394.478950968411
TXN_004778,1229,2023-09-08,2127.92419720814
TXN_004779,1464,2022-06-30,2150.271407397646
TXN_004780,1185,2023-05-13,4543.102289445905
TXN_004781,1161,2023-10-01,3744.618226777568
TXN_004782,2222,2022-07-17,3139.0115875633605
TXN_004783,1400,2022-12-09,687.8645639014625
TXN_004784,2495,2022-02-02,1684.8067515365478
TXN_004785,2479,2022-11-30,2509.680580884584
TXN_004786,1790,2022-08-22,663.0156330456385
TXN_004787,2014,2023-07-02,2899.407728528957
TXN_004788,1544,2023-06-14,1150.270439569825
TXN_004789,1412,2024-03-29,4139.997478425086
TXN_004790,1530,2024-01-14,4161.799773131802
TXN_004791,2144,2023-03-04,3034.8345627571243
TXN_004792,1068,2022-09-23,1861.5580418845423
TXN_004793,1292,2022-10-22,318.32028200562354
TXN_004794,1634,2023-03-16,3182.0437866951415
TXN_004795,2433,2023-07-15,3944.4717855776994
TXN_004796,2303,2023-07-24,3972.9555031899185
TXN_004797,1565,2022-11-28,2473.900434072387
TXN_004798,1532,2022-05-31,788.0779100984901
TXN_004799,1649,2023-10-09,417.58843521329607
TXN_004800,1553,2022-10-28,373.0774915631128
TXN_004801,1952,2022-12-11,1322.4403095687817
TXN_004802,1757,2022-11-07,793.2745559208084
TXN_004803,2442,2023-09-28,927.4486900543908
TXN_004804,1027,2022-07-02,3525.0647734021045
TXN_004805,2419,2023-12-18,979.5854679972887
TXN_004806,1569,2022-05-27,3492.441885310107
TXN_004807,1638,2023-09-13,1822.8866249970729
TXN_004808,1427,2022-05-30,3896.4148635422816
TXN_004809,1774,2024-01-15,879.3659843191211
TXN_004810,2167,2022-09-24,214.49211995377053
TXN_004811,1979,2023-05-05,537.1760743182949
TXN_004812,2116,2022-05-11,4834.124526119548
TXN_004813,1034,2022-05-27,2735.955501886738
TXN_004814,2493,2023-08-26,3074.4508094927337
TXN_004815,1525,2023-01-10,4838.328357839794
TXN_004816,2338,2023-04-30,3902.429185816008
TXN_004817,1829,2023-05-19,651.996553873097
TXN_004818,1375,2023-05-19,2166.685772890811
TXN_004819,1833,2022-08-07,4124.8256737043575
TXN_004820,1655,2023-05-10,3358.4685109031643
TXN_004821,1866,2023-06-30,1157.1456498390248
TXN_004822,2006,2022-01-11,4047.9669372187
TXN_004823,1487,2022-09-18,2838.2906164468377
TXN_004824,2399,2022-03-12,3962.755747277482
TXN_004825,2322,2022-06-13,3169.6787444021643
TXN_004826,1352,2022-09-18,2368.0818612314783
TXN_004827,1353,2023-11-27,3669.704707715127
TXN_004828,1978,2023-10-07,4341.66957397744
TXN_004829,1403,2024-03-05,2381.2699038691353
TXN_004830,2417,2023-02-15,245.95987563009112
TXN_004831,1402,2023-02-20,3006.801887610099
TXN_004832,1756,2022-12-11,542.6489887689866
TXN_004833,1393,2022-08-22,1690.167633101431
TXN_004834,1582,2022-01-15,2793.9313721972194
TXN_004835,1103,2023-09-09,1791.835880539843
TXN_004836,1010,2022-12-20,1476.5636629702387
TXN_004837,2009,2023-04-28,198.5455831708665
TXN_004838,2248,2023-03-14,1419.423809238417
TXN_004839,2340,2022-01-20,1985.5120255839718
TXN_004840,1421,2024-01-30,1522.2431798097198
TXN_004841,1272,2023-04-17,3179.251635585378
TXN_004842,1053,2022-06-11,3362.4726457933552
TXN_004843,2196,2023-10-01,3921.526656120811
TXN_004844,1246,2022-02-03,1010.934629982058
TXN_004845,1664,2022-04-25,3132.7425174248674
TXN_004846,1617,2023-03-06,2207.291975515277
TXN_004847,2182,2024-01-01,1682.1272671289346
TXN_004848,2129,2024-01-24,2465.595895710898
TXN_004849,1294,2022-01-21,2458.3430500793165
TXN_004850,1275,2024-01-07,3232.9152069123074
TXN_004851,1584,2022-06-16,2840.1700374598367
TXN_004852,2066,2022-10-23,3193.2447297726094
TXN_004853,1193,2022-06-21,4904.422227217387
TXN_004854,1310,2022-06-13,4071.279094223733
TXN_004855,1619,2022-08-05,1531.0852006606742
TXN_004856,2126,2022-07-18,2714.0841515300262
TXN_004857,1644,2022-02-19,1223.8689312167232
TXN_004858,1249,2023-05-13,2642.550942256972
TXN_004859,2419,2023-03-18,3589.203574294619
TXN_004860,1781,2022-11-26,422.2770598904659
TXN_004861,1955,2022-11-26,773.379318218158
TXN_004862,1295,2022-10-21,135.8220827212456
TXN_004863,1237,2022-10-07,1955.4715129601373
TXN_004864,1809,2022-12-30,3859.8448625350206
TXN_004865,1288,2023-07-25,2302.627672488476
TXN_004866,1536,2022-06-22,2896.836464192834
TXN_004867,1255,2022-06-03,2990.3662484228958
TXN_004868,1520,2024-01-04,538.7486684791186
TXN_004869,2142,2024-01-01,954.8400963336528
TXN_004870,1118,2023-05-07,4584.549706801984
TXN_004871,2114,2023-08-18,2347.683990103166
TXN_004872,1171,2022-09-24,2151.2017504744713
TXN_004873,1722,2023-10-02,3779.833817779111
TXN_004874,1825,2023-11-29,321.4466539659573
TXN_004875,2139,2023-02-22,4219.828609357344
TXN_004876,1348,2024-01-12,3385.133060702465
TXN_004877,1566,2022-09-29,810.1274326236309
TXN_004878,1475,2023-03-19,418.1289578229242
TXN_004879,2468,2023-05-28,114.15370016435563
TXN_004880,1107,2024-03-19,1541.348701033422
TXN_004881,1588,2023-02-16,1691.5202834831052
TXN_004882,2145,2022-01-15,966.3550094553561
TXN_004883,2245,2022-03-21,1506.7419951874044
TXN_004884,2482,2023-11-17,2853.9852011503076
TXN_004885,1369,2023-06-28,653.010596226979
TXN_004886,1759,2023-07-05,1085.5814199969973
TXN_004887,2144,2023-12-06,2853.7529885171825
TXN_004888,2224,2022-08-28,3551.917553074555
TXN_004889,2184,2023-08-08,4663.226685399506
TXN_004890,2241,2023-08-28,2601.7148831219984
TXN_004891,1574,2022-03-30,654.7987193927719
TXN_004892,2423,2022-09-11,2998.4882867407036
TXN_004893,2408,2024-01-16,4977.280392778034
TXN_004894,1063,2022-05-19,4427.0161529646
TXN_004895,1211,2023-12-11,3922.796949915949
TXN_004896,1068,2022-10-17,3699.5207285676856
TXN_004897,2147,2022-11-02,3802.2222592537346
TXN_004898,1376,2022-06-21,544.4722595859696
TXN_004899,2319,2023-06-10,2648.8774700049894
TXN_004900,2381,2022-11-24,3478.9414807094877
TXN_004901,1524,2022-06-02,456.3390170709858
TXN_004902,1067,2023-12-09,4582.312810971639
TXN_004903,2293,2022-06-27,725.6694978188026
TXN_004904,2156,2023-08-30,532.1593467189498
TXN_004905,2085,2024-01-19,704.8715910314097
TXN_004906,1160,2023-02-20,2173.855018175702
TXN_004907,2049,2022-11-07,2761.561242659145
TXN_004908,1758,2023-08-13,564.2209618999477
TXN_004909,1700,2022-09-01,3951.324450359409
TXN_004910,2309,2024-01-02,1080.7885451954362
TXN_004911,2469,2023-02-13,2846.275639520469
TXN_004912,1829,2022-08-08,2506.5026956425318
TXN_004913,1848,2023-12-20,4537.61433755107
TXN_004914,1837,2023-03-12,4477.187100105975
TXN_004915,1248,2022-07-03,1268.2193164782777
TXN_004916,2114,2023-09-19,2738.282950861595
TXN_004917,2059,2022-05-04,4928.460668673512
TXN_004918,2030,2022-08-26,1726.051521681982
TXN_004919,2344,2023-09-12,460.9794314628565
TXN_004920,1201,2023-02-10,3618.3589815256055
TXN_004921,1844,2023-07-13,2565.649693932206
TXN_004922,1543,2022-07-17,4704.201192665856
TXN_004923,2279,2023-07-17,2918.4790438388877
TXN_004924,1160,2023-12-07,2606.3325159789683
TXN_004925,2053,2023-08-05,4582.749689368197
TXN_004926,2480,2022-03-28,1963.8791558105515
TXN_004927,1261,2022-03-16,3027.4870897600094
TXN_004928,1009,2023-12-06,4243.958105500904
TXN_004929,1714,2024-01-02,3028.1752135193447
TXN_004930,1358,2024-02-29,1559.199631283398
TXN_004931,2299,2022-11-29,2835.778629997307
TXN_004932,1123,2024-01-15,2216.9260141267296
TXN_004933,1629,2023-03-07,4925.097116448936
TXN_004934,1267,2023-01-05,349.61868453419623
TXN_004935,1277,2024-01-10,3863.0452276813394
TXN_004936,2023,2022-02-13,217.67498143013205
TXN_004937,1075,2022-10-24,3059.1815623585453
TXN_004938,1525,2024-02-06,2211.5892828488977
TXN_004939,1617,2023-04-11,4561.174640103973
TXN_004940,2199,2022-09-07,2742.768112233223
TXN_004941,2059,2023-02-26,4153.934140962837
TXN_004942,1269,2023-04-18,3393.4935346354723
TXN_004943,1001,2022-09-30,2290.589208272968
TXN_004944,2279,2022-06-22,1754.7854927055675
TXN_004945,1572,2022-08-24,673.4802826454462
TXN_004946,2386,2022-02-15,166.24336066091135
TXN_004947,2130,2023-01-27,106.8414221428626
TXN_004948,2157,2024-01-03,1206.9342035489185
TXN_004949,2432,2023-10-17,2848.515829607216
TXN_004950,2474,2022-08-21,4879.923265410315
TXN_004951,1534,2023-02-21,3555.62210331546
TXN_004952,1350,2022-09-23,446.345827021348
TXN_004953,2051,2022-07-09,3261.514974764612
TXN_004954,1536,2022-07-02,2478.9286471965092
TXN_004955,1866,2022-12-23,3217.2988266770576
TXN_004956,2088,2023-12-04,3153.6402850615705
TXN_004957,2217,2022-05-19,805.3303455777814
TXN_004958,2230,2023-07-01,4605.352345261854
TXN_004959,2322,2023-05-20,2817.25356104858
TXN_004960,2063,2023-04-27,3533.730376394632
TXN_004961,1463,2022-12-18,1996.6859393960815
TXN_004962,1022,2022-12-08,699.2282402571533
TXN_004963,1688,2023-10-06,3485.555551549308
TXN_004964,1127,2022-03-14,4718.194854007688
TXN_004965,2286,2022-06-12,2947.5492409012463
TXN_004966,1034,2024-03-16,1073.3698944966716
TXN_004967,1486,2022-08-11,3153.936416307085
TXN_004968,1100,2022-07-04,2201.765678995743
TXN_004969,1736,2022-04-05,2055.2873595779693
TXN_004970,1740,2024-03-11,4576.173363097559
TXN_004971,1610,2023-11-15,3711.700943810302
TXN_004972,2105,2022-11-05,2592.990350258549
TXN_004973,2340,2022-05-28,2145.756900688793
TXN_004974,1329,2022-11-15,1290.3457800273147
TXN_004975,1195,2022-06-28,1782.972518029248
TXN_004976,1413,2023-10-16,2749.0213053138273
TXN_004977,1067,2022-10-18,336.87644846503474
TXN_004978,2416,2023-09-14,1851.837901946735
TXN_004979,2296,2023-05-12,2521.0267038842157
TXN_004980,2322,2022-10-28,3080.644948378076
TXN_004981,1870,2022-06-10,3741.193519595142
TXN_004982,1870,2022-03-02,167.7750986245426
TXN_004983,1140,2022-03-13,1544.5382718700291
TXN_004984,1184,2023-03-13,1378.6894025394115
TXN_004985,2212,2023-04-27,2654.2698069480302
TXN_004986,2042,2022-04-25,2383.463732987153
TXN_004987,1080,2022-07-25,491.51358960297205
TXN_004988,1497,2022-11-30,3830.622205396846
TXN_004989,1217,2022-11-02,3467.628285589253
TXN_004990,1524,2023-07-08,4123.606662896387
TXN_004991,2361,2023-06-16,644.0703147270038
TXN_004992,1120,2023-08-27,2580.538520084311
TXN_004993,1468,2023-08-03,3058.2381820483724
TXN_004994,2395,2022-05-15,339.8041767979541
TXN_004995,1178,2023-08-01,4801.137011884502
TXN_004996,1110,2022-05-31,3992.7269336756503
TXN_004997,1008,2023-07-02,1293.8934702340514
TXN_004998,1221,2022-05-20,3180.8823037841435
TXN_004999,1796,2023-02-11,802.5451860231035
TXN_005000,1860,2024-01-05,4378.730722438952
TXN_005001,1621,2023-05-05,581.8725737698835
TXN_005002,2131,2022-07-24,4530.062925904155
TXN_005003,2360,2022-10-22,4156.506679615777
TXN_005004,1203,2023-08-05,2443.308430220133
TXN_005005,1526,2023-11-02,3297.737015809155
TXN_005006,1452,2022-07-03,1304.474455601301
TXN_005007,1945,2022-01-18,1983.316377008988
TXN_005008,1194,2023-01-18,1165.4790359074705
TXN_005009,1260,2023-07-25,2685.3262005610436
TXN_005010,1865,2024-01-06,1661.5287872622366
TXN_005011,2032,2023-09-13,1822.5819456455276
TXN_005012,2239,2023-10-05,2269.5493780522065
TXN_005013,1922,2023-06-26,4375.701371066902
TXN_005014,2136,2023-05-23,2788.235522956666
TXN_005015,1339,2022-07-11,4052.320620813479
TXN_005016,1046,2022-07-17,4257.905062020547
TXN_005017,1829,2022-08-30,1302.5990631292539
TXN_005018,1812,2022-04-01,3910.6787144338646
TXN_005019,1488,2022-01-02,3278.444909195979
TXN_005020,2345,2024-02-27,2586.286321144471
TXN_005021,1790,2023-09-01,534.4680356253315
TXN_005022,2121,2023-04-10,2904.4580041743993
TXN_005023,2468,2022-10-12,861.3666943203624
TXN_005024,1092,2024-02-16,4099.651037789201
TXN_005025,2275,2022-01-04,4679.646872077075
TXN_005026,2186,2022-08-26,2442.7275051180986
TXN_005027,2181,2023-07-06,2258.583169992889
TXN_005028,1578,2023-03-15,2495.033228567308
TXN_005029,1137,2023-01-25,429.1922548068091
TXN_005030,2407,2022-11-25,1261.2096291728194
TXN_005031,1311,2024-03-04,4708.993190093055
TXN_005032,1289,2022-08-29,1790.8645599601557
TXN_005033,1064,2023-09-07,2997.6528752066124
TXN_005034,2221,2024-03-19,3280.794536687047
TXN_005035,1702,2023-05-10,4398.064460921964
TXN_005036,1960,2024-03-20,1267.0738867043124
TXN_005037,2273,2022-03-02,4461.637463229615
TXN_005038,1538,2022-03-03,2019.1145004643424
TXN_005039,1116,2024-01-08,4616.7075805649065
TXN_005040,1891,2024-02-06,2115.4578935156524
TXN_005041,1566,2024-02-04,609.4039133016447
TXN_005042,1485,2023-03-28,355.40225923191343
TXN_005043,2386,2022-10-04,4839.711137210437
TXN_005044,2049,2022-06-08,694.5472268200566
TXN_005045,1783,2022-08-27,2751.8389692837372
TXN_005046,2011,2022-02-12,2682.199528707212
TXN_005047,1876,2023-02-17,2066.650459354106
TXN_005048,1619,2023-03-15,2148.351464786006
TXN_005049,2380,2022-11-10,2431.0090270055375
TXN_005050,2435,2022-06-01,587.7178854699357
TXN_005051,2499,2024-03-23,3975.4436365099355
TXN_005052,1413,2022-03-21,1947.612566020194
TXN_005053,2145,2022-05-17,1298.243972363909
TXN_005054,2484,2023-12-26,1659.5098246511666
TXN_005055,1428,2023-03-26,3098.1620151036213
TXN_005056,1242,2023-01-21,3898.0148948437795
TXN_005057,2426,2023-11-08,851.7565160974557
TXN_005058,1251,2023-01-18,3003.5870650678676
TXN_005059,2098,2022-06-14,2169.8202557802533
TXN_005060,1111,2023-12-10,4323.663180026906
TXN_005061,1781,2022-10-29,4751.565495965306
TXN_005062,1969,2024-02-13,3424.8576730003133
TXN_005063,1359,2022-02-17,2990.0451965447596
TXN_005064,1766,2022-05-07,3923.7417929488925
TXN_005065,1918,2023-01-03,2529.4496249626154
TXN_005066,1167,2023-10-10,371.3245239401575
TXN_005067,2273,2022-02-01,3535.369664518459
TXN_005068,1757,2023-05-22,2943.884451188984
TXN_005069,1212,2023-09-05,842.0450730419509
TXN_005070,2466,2022-03-18,1143.5382794202867
TXN_005071,1787,2023-12-08,1230.315121402804
TXN_005072,1791,2022-07-20,3688.8073568307436
TXN_005073,1045,2022-03-09,2640.022672774384
TXN_005074,2041,2022-01-28,334.6823225223448
TXN_005075,1878,2023-02-04,4206.028724552832
TXN_005076,1757,2022-02-26,3260.3355034871543
TXN_005077,2373,2022-07-22,3692.4358512831686
TXN_005078,2243,2023-07-21,4693.440334128111
TXN_005079,1687,2022-03-24,1374.821389464793
TXN_005080,1397,2023-09-10,2989.081094996187
TXN_005081,1660,2022-09-08,3824.7273618940562
TXN_005082,1097,2022-12-08,2612.679582520119
TXN_005083,2028,2023-02-27,2481.7421038315815
TXN_005084,1158,2023-03-15,4650.748498149387
TXN_005085,1086,2023-02-18,1293.6551112219977
TXN_005086,2143,2022-05-13,3299.1347787736754
TXN_005087,1442,2023-03-05,4854.412426982303
TXN_005088,1171,2023-12-05,1177.9371355336764
TXN_005089,1681,2023-06-28,2365.817757047375
TXN_005090,1234,2023-09-02,4879.642731122692
TXN_005091,1120,2022-09-25,275.68528510074384
TXN_005092,1496,2022-04-17,3186.2874487509766
TXN_005093,1611,2022-03-07,2082.252879200168
TXN_005094,1421,2022-02-21,3878.3511616210935
TXN_005095,1134,2023-12-12,1683.8792344782366
TXN_005096,1314,2022-10-15,1927.1284708566272
TXN_005097,1068,2022-08-20,2626.620459336893
TXN_005098,1197,2022-06-12,1794.8223713066968
TXN_005099,1816,2022-08-29,1371.9140601841077
TXN_005100,1010,2023-01-25,1841.1354704702758
TXN_005101,1868,2022-01-22,4548.959865943239
TXN_005102,2153,2023-12-30,1779.1092090271868
TXN_005103,1734,2023-11-18,4507.218601368348
TXN_005104,2133,2024-03-01,1104.5963819228018
TXN_005105,2050,2023-05-08,3393.685864535561
TXN_005106,2423,2023-11-15,3750.315743724109
TXN_005107,2343,2023-06-05,645.6925639616875
TXN_005108,2217,2022-12-28,2765.5319218687296
TXN_005109,2369,2022-02-28,164.1243463484265
TXN_005110,1015,2023-04-30,4648.307844938615
TXN_005111,2096,2023-09-21,2668.8843170381156
TXN_005112,1947,2022-04-11,280.15336285880574
TXN_005113,2224,2024-01-27,3447.7922805433514
TXN_005114,2187,2024-03-08,4439.967096554747
TXN_005115,1006,2022-12-06,3713.8537289528454
TXN_005116,1060,2023-05-01,755.3341529491537
TXN_005117,2375,2024-03-22,2745.4501990988524
TXN_005118,1924,2023-11-20,3692.1828478147518
TXN_005119,1484,2022-01-16,4022.7933025289503
TXN_005120,1631,2023-05-13,178.40986530400122
TXN_005121,2474,2022-05-01,1490.3233528609608
TXN_005122,2437,2022-08-02,4434.754393515916
TXN_005123,1935,2024-01-12,1366.3161202733418
TXN_005124,2054,2022-11-26,2415.4074313584756
TXN_005125,1559,2022-03-25,3513.6595268875435
TXN_005126,1090,2022-06-30,4929.433812143746
TXN_005127,1445,2024-01-15,2186.7158364945362
TXN_005128,2308,2023-01-21,2568.0056513325276
TXN_005129,2416,2022-11-19,2837.28489721465
TXN_005130,1949,2023-07-08,1247.410407479871
TXN_005131,2162,2023-03-24,1906.5239308132968
TXN_005132,1329,2022-03-14,2228.884813876964
TXN_005133,2156,2022-09-12,194.68468558905744
TXN_005134,2349,2023-12-01,137.31109144731957
TXN_005135,2044,2022-10-17,1199.1122690381746
TXN_005136,1954,2023-05-15,2609.8947806435067
TXN_005137,1478,2024-01-22,4782.888849197248
TXN_005138,2481,2023-08-31,4865.761523834213
TXN_005139,1517,2023-08-11,3271.2042792633697
TXN_005140,1535,2022-01-02,4152.345689757297
TXN_005141,1224,2023-01-18,4513.426981328922
TXN_005142,1571,2023-11-21,4211.776343040236
TXN_005143,2353,2022-04-22,2764.165680453156
TXN_005144,1367,2022-07-23,3550.450584029158
TXN_005145,2165,2024-01-20,117.84207885910384
TXN_005146,2222,2022-01-26,3275.548552262602
TXN_005147,2022,2022-04-18,2186.732352229867
TXN_005148,2059,2023-11-08,3259.089854110082
TXN_005149,1465,2023-07-21,3502.5981478194085
TXN_005150,1571,2022-10-01,579.6897316143114
TXN_005151,1437,2024-03-02,4385.25313906361
TXN_005152,1756,2023-06-26,961.0858074762083
TXN_005153,1590,2022-01-17,151.25562306719362
TXN_005154,1880,2023-04-09,2205.564655496282
TXN_005155,1190,2022-10-25,539.3626627519254
TXN_005156,1096,2023-08-16,4784.2887436959545
TXN_005157,1503,2023-01-31,1490.679561653665
TXN_005158,2390,2022-01-27,1195.6380171578608
TXN_005159,1887,2022-07-02,1383.7496114323637
TXN_005160,1149,2023-05-31,1488.4449914923748
TXN_005161,1042,2023-11-06,406.60965671561524
TXN_005162,2320,2023-03-25,2746.032268424677
TXN_005163,1912,2022-11-28,188.22551697557242
TXN_005164,1318,2023-08-07,3759.1744860392546
TXN_005165,1217,2023-04-01,3861.8784267114047
TXN_005166,1487,2023-08-11,2058.5196642167075
TXN_005167,1145,2023-02-24,4857.01305296305
TXN_005168,1327,2022-08-28,3930.788299642279
TXN_005169,1258,2023-05-27,703.0210556084526
TXN_005170,1565,2022-10-17,4901.256450680197
TXN_005171,1118,2024-03-14,4241.098487161822
TXN_005172,2165,2023-03-15,3549.5539242869622
TXN_005173,1289,2024-02-11,3301.9016555312505
TXN_005174,1224,2023-06-07,3063.2752423545944
TXN_005175,1893,2023-07-25,4952.107288584739
TXN_005176,2252,2022-09-16,2444.6127212918886
TXN_005177,1752,2023-12-15,912.5572635829229
TXN_005178,2280,2022-09-25,1542.8474078754812
TXN_005179,1244,2022-04-23,1938.5609926152101
TXN_005180,1175,2023-08-08,1650.5094721773057
TXN_005181,2378,2023-02-09,248.72581972550395
TXN_005182,1521,2023-02-06,461.2629360625609
TXN_005183,2162,2022-08-24,124.14855870471402
TXN_005184,1118,2022-01-06,3427.648323426793
TXN_005185,1258,2023-08-24,3356.0705150864746
TXN_005186,1570,2022-04-24,433.8325146472732
TXN_005187,2215,2022-12-31,1644.4037228415527
TXN_005188,1942,2022-11-17,1486.7599343526917
TXN_005189,2153,2022-11-07,2322.6628621524005
TXN_005190,1157,2022-06-17,1857.6140194224472
TXN_005191,1260,2022-02-21,4120.509145527101
TXN_005192,1389,2022-10-27,4425.134025316823
TXN_005193,1644,2022-03-03,1109.600849453794
TXN_005194,1131,2022-03-25,692.8900859427998
TXN_005195,1407,2024-01-18,4212.597482386109
TXN_005196,2176,2022-12-19,2557.329499644677
TXN_005197,1281,2023-10-31,1689.4299380958396
TXN_005198,1566,2023-05-18,351.8231863079583
TXN_005199,1767,2023-10-21,3070.0111000524807
TXN_005200,1045,2023-04-20,1117.8568477331692
TXN_005201,1685,2023-09-27,284.66501814122853
TXN_005202,2322,2023-05-18,2279.5634001676663
TXN_005203,1020,2024-03-09,3025.973752110331
TXN_005204,1996,2023-11-25,939.7469443991695
TXN_005205,2188,2022-04-09,3292.120499834148
TXN_005206,1267,2023-12-03,1025.5506136939912
TXN_005207,1100,2022-11-02,201.62540227279766
TXN_005208,1660,2024-02-02,829.7688194262302
TXN_005209,1652,2022-11-11,2976.275348993765
TXN_005210,2396,2023-12-11,3213.016677554723
TXN_005211,1032,2023-03-18,4337.479615597959
TXN_005212,1235,2022-09-04,405.7230414621304
TXN_005213,1197,2022-09-22,4769.492815173647
TXN_005214,1506,2023-07-23,2657.4272963391086
TXN_005215,1746,2023-03-01,1303.3818884096356
TXN_005216,1331,2024-03-05,1890.5341609037876
TXN_005217,2468,2022-02-27,372.818949756613
TXN_005218,1485,2023-04-29,639.4488025788775
TXN_005219,1119,2022-11-20,4423.7670774319595
TXN_005220,1157,2022-07-05,618.9493881712276
TXN_005221,2060,2024-03-02,373.61398948133575
TXN_005222,1849,2023-05-14,3031.5126195595217
TXN_005223,1143,2022-03-03,1975.3999855425789
TXN_005224,1640,2023-08-16,2089.0536689695955
TXN_005225,1692,2022-09-03,689.3385427122937
TXN_005226,2051,2023-05-02,316.4288559491723
TXN_005227,1948,2024-01-31,4342.073562170733
TXN_005228,1753,2023-01-08,2008.7368426986895
TXN_005229,1874,2023-05-30,639.5252722750283
TXN_005230,2267,2024-01-18,1081.2479825608157
TXN_005231,2289,2022-02-20,604.2557655058615
TXN_005232,1050,2023-09-09,2442.6476986116418
TXN_005233,1108,2022-04-09,4037.173033134215
TXN_005234,2421,2022-11-19,2028.0843592411084
TXN_005235,2358,2023-08-15,3137.4896149169776
TXN_005236,1133,2023-03-17,3409.6848897843
TXN_005237,1079,2023-02-08,3589.165714053349
TXN_005238,2006,2024-03-23,3067.101182139157
TXN_005239,1337,2023-02-21,2815.031197656534
TXN_005240,1431,2023-11-14,2444.086144194118
TXN_005241,1887,2022-06-04,2420.66373774005
TXN_005242,2312,2023-06-26,1731.3673571868624
TXN_005243,1101,2023-09-03,2572.2551756334037
TXN_005244,1330,2022-05-26,2447.380730455583
TXN_005245,1375,2022-08-23,1665.1896414934495
TXN_005246,1230,2023-04-19,1575.625641331159
TXN_005247,2474,2023-02-03,2285.735896193413
TXN_005248,1763,2023-09-03,4034.9402241719313
TXN_005249,2344,2023-04-05,1313.7538683627492
TXN_005250,1423,2023-12-03,4242.4356357218585
TXN_005251,2048,2024-02-28,3647.4068453399877
TXN_005252,1568,2023-03-09,1383.2708602743594
TXN_005253,1415,2022-09-14,167.74740536876396
TXN_005254,1301,2023-12-16,476.41792374865554
TXN_005255,2123,2023-03-15,4426.066442924151
TXN_005256,2411,2023-06-21,4053.9430191838383
TXN_005257,1118,2022-06-24,1959.926317912277
TXN_005258,1330,2023-12-14,402.35142243153166
TXN_005259,1661,2024-03-17,4074.547323081412
TXN_005260,1358,2023-05-06,1350.6858781046158
TXN_005261,2149,2022-10-10,4770.277354087651
TXN_005262,1288,2023-08-28,2662.199279069405
TXN_005263,1552,2023-07-16,3604.3735972489626
TXN_005264,1439,2022-08-07,2362.910803840503
TXN_005265,1574,2022-06-05,235.66241916235887
TXN_005266,1716,2022-02-26,409.53970912768403
TXN_005267,2364,2023-05-26,4882.313290781329
TXN_005268,2227,2024-01-13,2119.996147624026
TXN_005269,2202,2022-12-04,997.553568236986
TXN_005270,1345,2023-12-20,3629.4476768891436
TXN_005271,2014,2022-09-29,4422.7411935578975
TXN_005272,2012,2023-12-28,1408.2183573795094
TXN_005273,1832,2022-07-03,2898.5082560397736
TXN_005274,1104,2022-10-18,1302.3963651720433
TXN_005275,1312,2022-10-29,4130.505094281432
TXN_005276,1085,2023-08-02,525.3172381120687
TXN_005277,2464,2022-09-04,1925.3746172426358
TXN_005278,2351,2022-01-16,1961.490153613521
TXN_005279,2274,2022-12-01,3220.929762098234
TXN_005280,1481,2022-07-30,973.2280123222739
TXN_005281,1849,2023-08-09,2427.533524497415
TXN_005282,2027,2023-01-08,2805.0244308459582
TXN_005283,2207,2024-03-27,4465.315292464408
TXN_005284,1299,2023-02-10,2680.596395262494
TXN_005285,1527,2023-06-14,746.4234897515944
TXN_005286,1605,2022-01-22,596.5396734775313
TXN_005287,1926,2023-09-10,4628.274616082992
TXN_005288,2179,2022-04-29,4900.376176826877
TXN_005289,2457,2023-06-12,918.4559190168831
TXN_005290,2380,2022-07-03,3781.6352503725543
TXN_005291,2064,2023-05-30,1328.503874963579
TXN_005292,1648,2023-05-07,4181.287756160104
TXN_005293,2281,2023-05-21,573.3765798885933
TXN_005294,2389,2023-09-27,2241.892217087119
TXN_005295,1554,2024-01-25,3020.7448847947685
TXN_005296,2089,2023-03-13,4277.258666824803
TXN_005297,2231,2024-03-13,4297.960496821476
TXN_005298,1244,2022-04-15,1003.0431926686779
TXN_005299,2266,2022-04-13,4838.881183034703
TXN_005300,1588,2022-07-27,3228.907379894416
TXN_005301,1730,2023-10-23,3327.9875048218623
TXN_005302,2404,2023-12-06,4456.065926503111
TXN_005303,2246,2024-01-04,1669.451820984941
TXN_005304,2044,2022-02-16,2134.5685549878654
TXN_005305,1146,2022-10-31,4926.444640999103
TXN_005306,2391,2022-06-16,181.03669463208234
TXN_005307,1312,2023-05-09,4349.0789341331765
TXN_005308,1315,2022-03-28,4228.280087563299
TXN_005309,1402,2022-08-14,1385.8234045802067
TXN_005310,2471,2022-04-30,4126.304687829601
TXN_005311,1125,2022-09-05,1718.1913047579621
TXN_005312,1834,2023-05-20,3181.988134250621
TXN_005313,1495,2022-12-19,2289.703698654554
TXN_005314,1980,2022-05-24,596.513572735822
TXN_005315,1743,2024-01-15,4487.258699473388
TXN_005316,1699,2022-12-16,2771.7736140220445
TXN_005317,1044,2023-05-30,2460.874272415671
TXN_005318,2354,2024-01-19,4409.538570748075
TXN_005319,1835,2022-11-13,1707.3010211722358
TXN_005320,1963,2024-02-09,2894.677138817956
TXN_005321,1910,2022-01-26,4423.148637398133
TXN_005322,1859,2023-06-14,1780.1167307488342
TXN_005323,2095,2022-11-18,3988.324470144391
TXN_005324,1727,2022-10-23,2620.4161154392523
TXN_005325,1097,2022-05-11,873.0563588485979
TXN_005326,2294,2022-01-17,298.89868184894567
TXN_005327,2430,2024-02-09,3660.9544674583276
TXN_005328,2467,2023-08-05,1383.1878635468759
TXN_005329,2114,2022-07-04,4097.071215703452
TXN_005330,1116,2022-02-18,1025.7497629500394
TXN_005331,1994,2022-03-17,2882.4963044754304
TXN_005332,2066,2024-02-28,557.9994632341075
TXN_005333,1070,2023-06-12,3705.2622057983644
TXN_005334,2167,2022-01-06,3851.9443706251045
TXN_005335,2365,2022-02-03,4591.07566033269
TXN_005336,1757,2022-02-28,2850.6629810374984
TXN_005337,1795,2022-03-08,621.5642106274709
TXN_005338,1838,2022-09-12,4156.049505303632
TXN_005339,1725,2024-03-19,1638.081194061672
TXN_005340,1106,2023-02-07,4508.007786173886
TXN_005341,1385,2022-06-06,4891.389414180333
TXN_005342,1455,2022-02-01,749.1939334174923
TXN_005343,1774,2022-01-10,506.50230965627327
TXN_005344,1293,2023-12-05,4498.256524988634
TXN_005345,1175,2023-01-10,4504.493341325203
TXN_005346,2130,2024-01-01,2967.4688733866083
TXN_005347,2109,2022-12-15,4451.794117713886
TXN_005348,2250,2023-08-12,4659.555564653537
TXN_005349,1593,2023-06-16,2821.4088713268798
TXN_005350,1328,2022-06-05,3463.988104004301
TXN_005351,2264,2022-01-27,3106.5064673066336
TXN_005352,2025,2022-06-02,955.5358256406611
TXN_005353,2274,2022-10-12,2237.5554874360832
TXN_005354,1041,2023-09-20,3438.7832173487386
TXN_005355,2449,2022-09-07,3090.317596452304
TXN_005356,1080,2023-03-05,1153.9793295297425
TXN_005357,1487,2023-07-11,4557.8198666108
TXN_005358,1915,2022-10-13,3941.934864628587
TXN_005359,1261,2023-05-21,435.44209246903534
TXN_005360,2418,2022-10-21,1785.9839215343527
TXN_005361,1708,2023-03-20,4978.136843123091
TXN_005362,2271,2022-10-15,2010.0691650375684
TXN_005363,2353,2022-11-02,3350.806946745792
TXN_005364,1992,2022-03-12,593.320047675785
TXN_005365,1807,2022-06-12,1623.5276048125525
TXN_005366,1547,2023-04-26,4422.063883571316
TXN_005367,1614,2023-08-11,2601.64336391751
TXN_005368,1946,2022-12-09,4143.049998145565
TXN_005369,1814,2023-06-01,137.5314107233803
TXN_005370,1097,2022-04-17,3364.0899419856305
TXN_005371,2168,2023-09-23,1569.6485679378645
TXN_005372,1793,2024-03-09,4317.805327533657
TXN_005373,1126,2023-09-01,4725.828335933682
TXN_005374,2327,2023-11-24,3469.332866813363
TXN_005375,1794,2023-05-13,815.786118321551
TXN_005376,1578,2022-01-01,2393.7257245226965
TXN_005377,2402,2023-08-21,2376.027355460589
TXN_005378,2170,2023-04-21,4168.462105242368
TXN_005379,1839,2023-03-29,2357.0166426340365
TXN_005380,2104,2022-03-06,1729.9108363961243
TXN_005381,2265,2023-04-30,3095.6226818628766
TXN_005382,1582,2023-09-07,3270.702923011742
TXN_005383,1547,2023-02-26,4068.7448966028464
TXN_005384,1066,2023-06-20,4512.162777204305
TXN_005385,1681,2022-05-31,4460.788626047257
TXN_005386,2498,2024-03-25,3170.9480509064497
TXN_005387,1578,2023-01-26,2668.9697415516403
TXN_005388,1836,2024-02-04,4025.983741673953
TXN_005389,2456,2023-02-19,1603.269232937067
TXN_005390,2325,2022-01-07,3813.8620565939596
TXN_005391,1823,2023-05-31,2579.904354227062
TXN_005392,2398,2024-02-02,705.8892677540349
TXN_005393,1574,2023-11-25,3789.047287272705
TXN_005394,2101,2023-04-11,3277.502685962472
TXN_005395,1029,2022-04-14,503.87714790717547
TXN_005396,2375,2023-04-09,2306.806513471712
TXN_005397,1762,2023-07-18,2483.824104383547
TXN_005398,1830,2023-08-17,3302.2092847798444
TXN_005399,2138,2023-07-14,3424.5918496589707
TXN_005400,2355,2022-12-17,1033.578455222546
TXN_005401,1730,2023-12-30,265.1249432802422
TXN_005402,2177,2023-01-01,3990.957447251438
TXN_005403,1534,2022-07-01,4909.813942958683
TXN_005404,1368,2022-08-31,4709.368015878556
TXN_005405,2381,2022-08-08,2553.9183735300758
TXN_005406,1301,2022-07-27,2691.7710221838975
TXN_005407,2474,2023-10-01,4659.821924650211
TXN_005408,1916,2022-07-01,2766.317028118425
TXN_005409,1306,2023-03-05,1460.5580947316914
TXN_005410,2086,2024-03-18,3420.195082573687
TXN_005411,1836,2022-02-04,2438.271551246205
TXN_005412,2299,2024-03-02,3946.5019544346464
TXN_005413,1510,2023-11-06,3938.2031917246804
TXN_005414,2017,2023-02-25,4686.197762573734
TXN_005415,1886,2022-07-22,775.3196081061965
TXN_005416,1937,2022-06-11,2654.5166333298143
TXN_005417,1386,2024-01-12,3950.718536015082
TXN_005418,1794,2023-02-12,2230.7229834198224
TXN_005419,1858,2022-12-15,3171.731173922253
TXN_005420,1457,2022-01-04,4103.4554516152275
TXN_005421,2431,2022-12-27,2419.495854053583
TXN_005422,2409,2023-08-13,2100.580099398633
TXN_005423,2413,2023-10-26,984.7290898071465
TXN_005424,2252,2022-12-24,4140.2944417781
TXN_005425,2250,2023-09-20,3999.316862537541
TXN_005426,2350,2022-02-05,3741.437192617362
TXN_005427,2358,2022-12-01,2027.2481703414294
TXN_005428,1276,2022-10-18,2957.634202164766
TXN_005429,1229,2022-10-12,707.5352351830426
TXN_005430,2180,2022-02-05,1665.6422994570148
TXN_005431,1012,2022-11-20,2234.0821052460924
TXN_005432,1196,2023-04-08,313.34228958372887
TXN_005433,1614,2023-01-30,607.5793479483043
TXN_005434,1102,2023-07-21,4165.650042799392
TXN_005435,2193,2022-02-18,4858.899154816137
TXN_005436,1108,2023-04-08,1677.7518043237899
TXN_005437,1375,2022-11-09,623.029153932164
TXN_005438,1125,2022-12-21,4683.422485014434
TXN_005439,1746,2022-12-09,4580.1265802760645
TXN_005440,1384,2022-02-24,3307.827052390024
TXN_005441,1147,2022-11-08,1759.0942970423891
TXN_005442,1682,2022-09-17,651.5942766137613
TXN_005443,2024,2023-10-04,4703.5173423088745
TXN_005444,1994,2022-03-29,4609.8646333642055
TXN_005445,1551,2022-11-16,3741.6904257612423
TXN_005446,1748,2023-01-25,4676.042869458431
TXN_005447,2030,2022-09-27,784.8261186878013
TXN_005448,2186,2023-04-05,635.3242950744722
TXN_005449,1435,2022-12-27,1040.9979325164072
TXN_005450,1801,2022-05-06,1155.912516940933
TXN_005451,2457,2022-07-04,4153.128699959003
TXN_005452,1324,2022-12-31,4616.501076176705
TXN_005453,1156,2023-06-26,1156.3926951915294
TXN_005454,2137,2023-12-21,2367.204257793481
TXN_005455,1111,2022-01-08,2326.9758016871883
TXN_005456,1986,2023-10-16,971.5629454616685
TXN_005457,2478,2024-03-26,4281.401468105268
TXN_005458,2096,2023-12-25,2660.214878700667
TXN_005459,1953,2024-03-06,2874.5695840280114
TXN_005460,2216,2023-02-18,1366.2970331616834
TXN_005461,2498,2022-05-12,2839.8768110567285
TXN_005462,2296,2022-12-22,3983.4454844375045
TXN_005463,1957,2022-11-19,1594.1644333048464
TXN_005464,1735,2022-04-12,655.1463341762351
TXN_005465,1872,2024-03-05,2961.7968343125494
TXN_005466,1093,2023-04-11,3215.5698847895296
TXN_005467,1718,2023-03-05,1090.113843516835
TXN_005468,1681,2022-03-16,1316.6927985636148
TXN_005469,1667,2022-04-10,850.0374680733496
TXN_005470,1514,2024-01-14,4614.769256141937
TXN_005471,2243,2024-03-13,1143.7588195496855
TXN_005472,2028,2022-08-24,152.1267534102245
TXN_005473,1193,2022-09-26,4216.748800982
TXN_005474,1053,2023-07-21,4035.8145873528483
TXN_005475,1933,2022-09-11,2337.0213660175345
TXN_005476,1975,2023-12-28,4006.095529475361
TXN_005477,1811,2024-03-21,2303.1218433670047
TXN_005478,2232,2022-11-25,1200.120956229505
TXN_005479,2478,2022-10-26,2187.667329981642
TXN_005480,2103,2024-03-18,2485.684043054676
TXN_005481,2031,2023-01-05,144.11672658125465
TXN_005482,1090,2023-11-02,655.3146144126633
TXN_005483,1345,2022-09-16,4386.348984223749
TXN_005484,2021,2022-08-16,2022.884590362936
TXN_005485,1350,2023-01-12,1724.1891428692124
TXN_005486,1209,2022-05-25,4452.947046873794
TXN_005487,1257,2022-03-21,857.3913648163194
TXN_005488,2064,2022-02-08,1163.2378081355735
TXN_005489,1726,2023-12-07,4156.957572869416
TXN_005490,1695,2023-12-10,1470.3079253154306
TXN_005491,1303,2022-04-07,3202.838077279144
TXN_005492,2264,2022-09-03,3723.9011244505305
TXN_005493,1864,2022-11-29,1191.3294538328187
TXN_005494,1244,2023-08-11,1341.6983143439566
TXN_005495,1785,2023-02-07,2629.8459710913885
TXN_005496,1590,2024-02-04,3981.847154608011
TXN_005497,1303,2022-10-05,2816.4499276107917
TXN_005498,1110,2022-01-08,429.9483744095501
TXN_005499,2153,2022-12-30,1819.102179225602
TXN_005500,2385,2023-03-28,1720.1255767827206
TXN_005501,1259,2023-12-12,4057.249341532622
TXN_005502,1665,2022-09-09,1519.35187532661
TXN_005503,1530,2022-01-18,4515.965518986635
TXN_005504,1560,2023-01-25,1741.4226081574295
TXN_005505,2237,2022-08-30,1051.1301625682706
TXN_005506,1052,2022-09-10,2745.705554763315
TXN_005507,1901,2022-01-04,1993.2977026228677
TXN_005508,1189,2023-01-08,3273.192640267915
TXN_005509,1143,2023-03-01,4586.993431036941
TXN_005510,1759,2024-01-19,4709.799453696195
TXN_005511,2203,2022-06-28,1214.0865264910099
TXN_005512,1802,2022-01-12,895.1292768162797
TXN_005513,1717,2022-10-20,4705.789638245388
TXN_005514,2091,2024-02-09,4080.8962568030474
TXN_005515,1872,2022-09-16,1382.2123643786858
TXN_005516,1654,2023-03-05,4044.2764796046627
TXN_005517,2131,2023-08-20,3731.167587271541
TXN_005518,1184,2022-10-22,1342.45379396975
TXN_005519,2174,2022-11-29,4538.3433462964695
TXN_005520,1589,2022-04-22,1676.84275976561
TXN_005521,2498,2022-07-25,2452.8774893896416
TXN_005522,1758,2022-08-10,3085.3815136681387
TXN_005523,1101,2023-06-14,1037.1899452822568
TXN_005524,2162,2022-01-13,3095.311247471486
TXN_005525,2411,2022-09-27,3560.7326775421457
TXN_005526,1679,2023-07-07,597.5807230668306
TXN_005527,1488,2022-02-09,1958.8069428840097
TXN_005528,2081,2023-05-20,3099.0920330045565
TXN_005529,1630,2023-08-24,4638.462756928288
TXN_005530,1087,2023-09-05,4465.819033159571
TXN_005531,2145,2024-01-01,931.3698448292023
TXN_005532,1993,2022-08-03,3091.488686836859
TXN_005533,2267,2022-10-31,580.287379446737
TXN_005534,2090,2023-06-06,1540.0065682745596
TXN_005535,1293,2023-12-30,3026.6242844076182
TXN_005536,2153,2022-05-01,498.6872823432559
TXN_005537,1854,2022-11-06,4455.424096261713
TXN_005538,1039,2023-11-06,4162.044387620697
TXN_005539,2235,2023-10-26,2419.610865255243
TXN_005540,2079,2022-11-01,2509.595849626672
TXN_005541,1711,2023-03-02,4418.678106000774
TXN_005542,1290,2023-04-04,347.1430239464564
TXN_005543,1816,2023-08-19,805.0165064709187
TXN_005544,1706,2022-07-21,1609.2215383752539
TXN_005545,2375,2023-07-16,1885.4829258695759
TXN_005546,2145,2023-10-23,4938.489210215754
TXN_005547,2118,2023-02-16,822.5632374436092
TXN_005548,2451,2022-08-08,1585.209015430695
TXN_005549,1798,2022-06-04,4156.954648950806
TXN_005550,2472,2023-09-01,3943.3379417711294
TXN_005551,1843,2022-11-20,3308.601880115064
TXN_005552,1637,2023-09-03,1709.903540428176
TXN_005553,1913,2022-12-06,677.1069001914319
TXN_005554,1343,2023-01-25,4919.378069506404
TXN_005555,2026,2022-07-05,1331.989422074231
TXN_005556,2053,2022-05-14,4238.718787273982
TXN_005557,1976,2022-05-27,4485.5402676596495
TXN_005558,2278,2022-04-23,2260.4083606582067
TXN_005559,1044,2023-06-13,4269.07019538601
TXN_005560,2200,2023-03-09,1467.2812508290203
TXN_005561,2245,2023-01-22,4460.564523992393
TXN_005562,1121,2023-01-01,3216.2349478203364
TXN_005563,1274,2022-02-03,1052.423786542583
TXN_005564,1959,2022-03-03,3954.080628708363
TXN_005565,1900,2023-03-20,4577.092423860017
TXN_005566,1311,2022-07-15,2895.105874743273
TXN_005567,1417,2022-03-28,3825.8274044178784
TXN_005568,1760,2023-09-27,3994.507220171219
TXN_005569,2352,2022-09-11,3958.2814797130045
TXN_005570,2126,2022-05-07,2326.6649311014785
TXN_005571,1687,2022-06-11,3725.7188068085734
TXN_005572,1281,2022-11-12,2787.799656896024
TXN_005573,2268,2022-06-21,2131.8324647015525
TXN_005574,2156,2023-02-03,912.4818454186827
TXN_005575,1855,2024-03-23,4554.286898128523
TXN_005576,1670,2022-11-27,2133.0655794643
TXN_005577,1340,2022-12-25,1273.8709924065201
TXN_005578,1021,2022-09-09,1287.2492045128333
TXN_005579,2173,2022-01-09,1286.2324880436918
TXN_005580,1568,2024-02-02,112.12036333197631
TXN_005581,1669,2022-08-27,2247.27383247973
TXN_005582,1969,2022-02-04,4464.369176673535
TXN_005583,2190,2024-02-17,223.21745002632542
TXN_005584,1344,2023-09-08,4787.327636960672
TXN_005585,2484,2023-01-18,977.7028267047631
TXN_005586,2283,2023-10-31,3622.4841701679507
TXN_005587,1199,2023-11-17,3948.109113578048
TXN_005588,1004,2023-12-11,3702.065911007814
TXN_005589,1299,2023-12-24,1761.9604704163833
TXN_005590,2259,2023-12-31,3548.680350728378
TXN_005591,1737,2022-07-20,2417.573679245409
TXN_005592,1539,2022-08-21,845.7659985630129
TXN_005593,2175,2023-09-20,1084.5558950378504
TXN_005594,1895,2023-05-11,227.54465939269096
TXN_005595,1245,2024-03-23,1726.6548019653715
TXN_005596,2028,2022-03-18,3667.1485260484656
TXN_005597,1012,2022-08-06,4848.33659488651
TXN_005598,1977,2023-01-09,754.4351578088722
TXN_005599,2488,2022-02-22,1831.0762675019116
TXN_005600,1285,2023-08-19,989.3427515859977
TXN_005601,1338,2022-09-15,3828.347140184631
TXN_005602,2237,2022-05-12,4605.960606448954
TXN_005603,1944,2023-12-12,658.6068542307871
TXN_005604,1112,2024-02-26,4527.57407328677
TXN_005605,1337,2023-01-30,1430.3154319327616
TXN_005606,1089,2023-08-18,1193.0109593629054
TXN_005607,1782,2022-09-06,377.50855000942715
TXN_005608,1758,2023-02-02,494.29456189607185
TXN_005609,2499,2022-03-10,439.20133667058656
TXN_005610,2053,2023-10-16,2287.4198258011807
TXN_005611,2491,2023-02-27,3327.355052227101
TXN_005612,2411,2023-10-14,1003.661624155321
TXN_005613,1356,2022-12-06,1166.4303746036871
TXN_005614,1545,2023-01-09,947.194609420721
TXN_005615,1458,2022-10-01,4052.1359924455705
TXN_005616,1470,2022-09-14,772.1814642267898
TXN_005617,1866,2023-05-31,459.6850611680216
TXN_005618,1938,2022-09-25,279.91211883481526
TXN_005619,2250,2022-12-23,296.73671916082236
TXN_005620,1572,2022-11-04,2778.69682629029
TXN_005621,2214,2023-08-25,560.5276422696379
TXN_005622,2025,2023-06-11,1189.890369060797
TXN_005623,2141,2023-10-10,4180.116623318327
TXN_005624,1307,2024-01-02,4843.728670918557
TXN_005625,1563,2024-03-08,4318.203764990632
TXN_005626,2038,2023-11-25,4802.052761443942
TXN_005627,1423,2023-05-06,3385.211609134662
TXN_005628,2119,2023-10-01,4937.3604637455155
TXN_005629,1609,2023-09-30,2532.0847560596935
TXN_005630,1054,2023-12-08,3993.972548949107
TXN_005631,2301,2022-07-17,4861.147651469264
TXN_005632,1412,2022-12-17,3575.5270065595505
TXN_005633,2268,2022-08-06,4787.927924591711
TXN_005634,1981,2022-01-08,1342.8585261546712
TXN_005635,2419,2022-08-19,1571.349860991556
TXN_005636,2494,2023-12-04,2046.4766520135067
TXN_005637,1037,2022-04-03,2376.475109648269
TXN_005638,1769,2023-10-19,4497.283111190208
TXN_005639,2163,2022-01-16,4450.52602926539
TXN_005640,1182,2023-09-17,3324.004800125315
TXN_005641,2236,2024-03-23,1238.2787274746363
TXN_005642,1125,2022-07-15,1277.8486810324832
TXN_005643,1139,2023-04-09,3195.542010442016
TXN_005644,1620,2024-03-28,2566.6011006359695
TXN_005645,2486,2022-07-24,1366.8107656400532
TXN_005646,1031,2023-08-03,924.362372125756
TXN_005647,1234,2022-05-07,3640.8647330959307
TXN_005648,1072,2022-06-09,4084.835353849063
TXN_005649,1471,2023-05-16,1380.393925245385
TXN_005650,1627,2023-04-11,2182.120345660719
TXN_005651,1667,2023-05-13,3596.121445083036
TXN_005652,1593,2023-03-24,2399.186470864376
TXN_005653,1618,2023-04-09,4810.159644261407
TXN_005654,1291,2022-12-08,735.0361346388067
TXN_005655,1628,2023-05-23,4286.303898661405
TXN_005656,2311,2023-10-26,1599.7597835626298
TXN_005657,1212,2022-10-11,3466.529797105252
TXN_005658,1166,2022-05-31,1343.1056537476427
TXN_005659,2072,2023-07-29,4835.701211748054
TXN_005660,2244,2023-11-27,345.6578951394042
TXN_005661,1401,2022-08-01,2616.499599762733
TXN_005662,1790,2023-08-08,4561.515055972679
TXN_005663,2312,2022-11-18,2402.218241233145
TXN_005664,1968,2024-03-06,4217.696667635803
TXN_005665,1178,2023-10-28,4754.16031994965
TXN_005666,1170,2022-07-07,432.3921304211743
TXN_005667,1003,2023-07-26,2495.1558170766007
TXN_005668,1335,2024-02-07,3463.4704989907013
TXN_005669,1194,2022-07-02,4177.669701434332
TXN_005670,2487,2023-01-19,899.4626669700286
TXN_005671,1892,2022-01-25,2877.2468309837395
TXN_005672,1769,2023-06-21,898.3167250574982
TXN_005673,2490,2022-11-10,3801.4443346223698
TXN_005674,2367,2022-02-07,1494.721727385766
TXN_005675,2231,2022-10-29,1417.2083050118667
TXN_005676,1129,2023-01-04,3872.028979340102
TXN_005677,2024,2022-04-10,4225.8368371787265
TXN_005678,1785,2023-01-23,1782.3479981825888
TXN_005679,1486,2023-10-21,2555.4022888241357
TXN_005680,2471,2023-03-22,3497.956707518183
TXN_005681,1322,2024-03-02,3751.333809212946
TXN_005682,1023,2023-04-15,3873.578233958487
TXN_005683,1376,2022-02-24,2012.900001711337
TXN_005684,1778,2023-05-11,2728.0751198006596
TXN_005685,2179,2023-08-07,636.78086672059
TXN_005686,2295,2024-01-25,4747.903138751022
TXN_005687,1092,2022-05-07,3536.937828941694
TXN_005688,1120,2022-11-17,1940.207765643807
TXN_005689,1451,2024-02-05,2009.1005141801352
TXN_005690,1601,2022-03-09,543.3720001676785
TXN_005691,1899,2023-01-31,2338.9235186406104
TXN_005692,1586,2022-06-02,3397.8173400096803
TXN_005693,2345,2022-05-29,4767.517248183305
TXN_005694,2054,2023-02-07,3273.173284204984
TXN_005695,1951,2022-08-14,3288.486197972902
TXN_005696,2457,2023-11-23,3953.4281829585752
TXN_005697,1706,2022-11-06,2598.044772989356
TXN_005698,1600,2023-02-23,257.4805320319438
TXN_005699,1609,2023-05-30,4460.301626721683
TXN_005700,1128,2022-10-16,2072.1097104733853
TXN_005701,1452,2022-07-20,4924.857263387475
TXN_005702,1806,2023-06-03,2091.2515636631524
TXN_005703,1435,2023-10-29,3374.8390514155262
TXN_005704,1506,2024-02-08,2353.380259157991
TXN_005705,1651,2022-06-17,1238.8553866623315
TXN_005706,2340,2023-11-06,4660.780438025134
TXN_005707,2487,2022-12-03,3173.232373532855
TXN_005708,2351,2022-10-22,2307.556359237455
TXN_005709,1906,2023-01-15,806.4206573260304
TXN_005710,1108,2022-01-11,4995.624651141828
TXN_005711,1525,2022-12-23,4486.213467529667
TXN_005712,2498,2024-03-23,2171.64689123186
TXN_005713,1949,2022-05-11,940.1408138723273
TXN_005714,1391,2022-07-24,245.46436401189138
TXN_005715,1672,2023-03-12,843.9922876597532
TXN_005716,2136,2022-11-12,2718.702790080286
TXN_005717,2309,2023-08-27,4097.382494121828
TXN_005718,1851,2022-11-10,1881.2563573452258
TXN_005719,1605,2023-05-01,2226.5081974267096
TXN_005720,1346,2022-04-21,2419.0324469554403
TXN_005721,1821,2022-10-17,186.12439910732985
TXN_005722,2284,2022-09-04,967.5008578081536
TXN_005723,1717,2023-02-16,2554.453069527039
TXN_005724,1306,2023-07-27,1469.027848578744
TXN_005725,1909,2023-03-26,2664.2824334745387
TXN_005726,2057,2023-09-14,629.6904156892919
TXN_005727,1168,2023-02-25,4033.7948890163843
TXN_005728,2368,2023-02-04,3940.3477930683434
TXN_005729,2169,2023-04-01,3382.30931634557
TXN_005730,1531,2024-01-14,2704.055316365074
TXN_005731,1537,2022-05-05,2010.4296667403632
TXN_005732,2269,2023-12-16,3445.001455454606
TXN_005733,2364,2024-02-22,3930.913528081184
TXN_005734,1927,2022-09-17,4062.102820779511
TXN_005735,1689,2023-06-19,1803.1455809241643
TXN_005736,2104,2023-12-13,1050.3490631693699
TXN_005737,1688,2022-03-21,1774.9717052628018
TXN_005738,1704,2022-09-29,137.85335760123482
TXN_005739,1190,2023-07-19,2173.8139259324203
TXN_005740,1282,2024-02-17,1440.0622031654427
TXN_005741,1970,2023-02-22,3971.195631891691
TXN_005742,1488,2023-02-06,3406.58046548041
TXN_005743,2058,2022-02-22,227.32423488451428
TXN_005744,2317,2022-09-29,807.0057529401927
TXN_005745,1805,2022-08-16,2756.737561360807
TXN_005746,1041,2023-11-23,3128.67670718021
TXN_005747,1169,2023-01-06,3867.509714848016
TXN_005748,2006,2023-12-13,4844.6000329922135
TXN_005749,1867,2022-07-11,3539.4066424009675
TXN_005750,1565,2022-01-23,2769.9944764716406
TXN_005751,2417,2023-07-06,2130.683981351014
TXN_005752,2211,2022-12-02,3717.145524603833
TXN_005753,2319,2022-08-18,4680.28184418012
TXN_005754,1384,2023-06-14,2172.2552878862666
TXN_005755,1597,2023-05-03,2964.7005324072124
TXN_005756,2087,2024-01-04,1114.4685806674374
TXN_005757,1080,2022-06-13,4301.587829537296
TXN_005758,1779,2023-02-27,3596.2809988824047
TXN_005759,2208,2022-12-26,1838.0654740508473
TXN_005760,1460,2022-06-18,4382.833668978233
TXN_005761,2368,2023-05-28,4857.150415007184
TXN_005762,1237,2022-12-14,1513.7480451416127
TXN_005763,2319,2024-02-05,1014.4846054834757
TXN_005764,2392,2022-07-18,4176.271630963623
TXN_005765,1298,2022-07-31,2953.9087542403354
TXN_005766,1736,2023-11-13,4433.404474175332
TXN_005767,1839,2022-06-01,1802.8376702632463
TXN_005768,2113,2023-07-31,2948.145082769957
TXN_005769,2463,2023-06-14,2928.3384489707673
TXN_005770,1528,2022-03-31,1022.3360050908472
TXN_005771,1087,2022-01-14,4960.465313355247
TXN_005772,1023,2022-01-19,3353.890536129115
TXN_005773,1331,2022-03-23,3354.3122320557136
TXN_005774,2081,2024-01-31,1554.6612340468828
TXN_005775,1463,2023-09-13,3286.8730229889534
TXN_005776,2001,2023-06-03,4181.582679853635
TXN_005777,1188,2022-01-02,4086.1623047700086
TXN_005778,2487,2022-09-20,4606.652628847415
TXN_005779,1221,2023-06-24,828.5227630381696
TXN_005780,1962,2023-05-05,995.8544112778904
TXN_005781,1352,2022-12-03,3579.8267122651378
TXN_005782,2074,2022-10-13,4057.9193903535443
TXN_005783,2111,2022-09-11,3404.1193334022228
TXN_005784,1221,2023-08-20,800.0050494008027
TXN_005785,1487,2023-04-30,3015.247134631668
TXN_005786,1859,2022-07-20,3767.069069091147
TXN_005787,1878,2022-10-19,771.204585626331
TXN_005788,1166,2022-10-05,373.5877255756596
TXN_005789,1100,2022-12-01,1348.5102647854178
TXN_005790,2447,2023-08-13,544.6838594688099
TXN_005791,1524,2023-02-15,827.8429574181569
TXN_005792,2170,2022-07-29,1096.532538099872
TXN_005793,2285,2023-09-30,2700.389862562535
TXN_005794,2169,2022-01-10,863.7070480979354
TXN_005795,1487,2022-08-28,3062.942636201049
TXN_005796,1080,2024-02-29,1524.2354557567708
TXN_005797,1579,2024-03-30,1621.719249118789
TXN_005798,1821,2022-06-19,4840.252833191287
TXN_005799,2149,2023-11-12,4045.247499382479
TXN_005800,2162,2024-03-26,2178.297941255622
TXN_005801,1885,2023-04-18,2292.526224773486
TXN_005802,1601,2024-02-08,662.4839739204809
TXN_005803,2162,2023-04-17,4238.2538092360855
TXN_005804,1071,2024-02-01,119.54610002476721
TXN_005805,1244,2023-11-27,807.9549812155433
TXN_005806,1578,2022-08-17,2716.9146956823483
TXN_005807,1641,2023-02-12,1023.2988232074186
TXN_005808,2233,2023-02-03,3200.6226714980776
TXN_005809,1193,2022-07-22,117.83820837854906
TXN_005810,1537,2023-11-15,582.2192070920503
TXN_005811,1331,2023-08-16,3846.9490460441275
TXN_005812,1292,2022-02-18,2924.955266386161
TXN_005813,1729,2023-12-28,195.34497462820033
TXN_005814,1035,2023-11-20,1108.4896136043326
TXN_005815,2101,2022-04-05,1270.9203341517098
TXN_005816,2044,2022-04-28,4260.396802493474
TXN_005817,1244,2023-09-02,2954.4337827397244
TXN_005818,2418,2022-03-15,2752.9813095977406
TXN_005819,1053,2022-02-06,524.8301893527384
TXN_005820,2116,2022-11-26,3319.0291767358685
TXN_005821,2316,2023-03-02,863.856354284288
TXN_005822,2399,2022-07-06,2656.5326554636204
TXN_005823,1175,2023-01-19,3003.913524462901
TXN_005824,1189,2023-04-04,4225.193019806506
TXN_005825,1806,2024-02-17,4051.5906116880046
TXN_005826,2215,2024-01-17,1031.5175020344093
TXN_005827,1615,2022-11-05,4589.339527532041
TXN_005828,1067,2023-03-02,113.49721141183912
TXN_005829,1323,2023-01-27,1717.6155431852446
TXN_005830,2178,2022-11-27,425.1956864674331
TXN_005831,1453,2023-02-12,3632.728203793235
TXN_005832,1225,2022-11-03,2551.1020682341536
TXN_005833,2256,2022-03-12,957.22117438635
TXN_005834,1103,2023-03-20,517.1410318746529
TXN_005835,1465,2022-05-29,1207.8126717649136
TXN_005836,1427,2023-03-13,4611.6820902821155
TXN_005837,1992,2022-09-19,3420.5082187294274
TXN_005838,1441,2024-03-09,1286.979345037843
TXN_005839,1723,2023-10-14,4479.34863069085
TXN_005840,2149,2022-12-23,768.8238928660454
TXN_005841,2059,2022-11-01,3473.3654600060167
TXN_005842,2261,2023-06-27,2181.7427392479003
TXN_005843,2265,2024-02-16,1414.7490995468365
TXN_005844,1132,2022-06-04,1385.3064287975697
TXN_005845,1891,2022-04-26,2553.9363969442143
TXN_005846,2250,2023-12-22,4664.317606437712
TXN_005847,2426,2023-09-19,3737.3886736011727
TXN_005848,1395,2022-02-20,3344.3819368844543
TXN_005849,1089,2022-03-13,4390.052299252505
TXN_005850,1254,2023-10-02,2894.6458796982843
TXN_005851,1955,2024-01-31,1040.4853503765344
TXN_005852,1082,2022-05-23,4888.11732250514
TXN_005853,1650,2022-06-16,2720.2456326008482
TXN_005854,2332,2022-03-11,1644.9355179890963
TXN_005855,1531,2023-05-11,3913.0360982016696
TXN_005856,1840,2023-06-04,2373.578639158593
TXN_005857,2107,2022-06-12,161.06232059642483
TXN_005858,1026,2023-07-29,1667.7369933994598
TXN_005859,2014,2022-10-14,2340.2502206323156
TXN_005860,1378,2022-08-22,1925.8401074978528
TXN_005861,2353,2023-12-31,2803.5510968612443
TXN_005862,1392,2022-12-10,998.4624364289674
TXN_005863,1216,2022-09-10,2904.935882507788
TXN_005864,1380,2023-12-07,4933.964125999842
TXN_005865,1636,2024-03-19,3793.678922759475
TXN_005866,1799,2022-09-14,3454.291483613977
TXN_005867,1507,2023-05-21,1082.9892797827233
TXN_005868,1282,2024-01-24,2950.692311549646
TXN_005869,1213,2023-04-16,4116.408262832153
TXN_005870,2179,2022-10-16,1279.1283642825815
TXN_005871,1529,2023-09-12,525.245882889289
TXN_005872,1854,2023-07-03,3342.647047731139
TXN_005873,1616,2023-05-20,3400.5819402910433
TXN_005874,2182,2023-06-07,4041.5065260979736
TXN_005875,1040,2022-03-25,3184.8672965594146
TXN_005876,1518,2023-12-31,4255.538864158343
TXN_005877,2028,2024-01-20,1403.8749469219217
TXN_005878,2044,2023-07-13,272.88664658729107
TXN_005879,1645,2022-12-11,3690.6739376029814
TXN_005880,1940,2023-01-14,1991.1037850229618
TXN_005881,1241,2022-05-12,1127.1860753639
TXN_005882,1930,2022-07-30,353.02681025218726
TXN_005883,1105,2023-12-18,3801.343092906726
TXN_005884,1342,2023-08-18,4148.983627148096
TXN_005885,1416,2022-03-18,2006.2120425620435
TXN_005886,1037,2022-05-20,4436.955983668672
TXN_005887,1335,2022-05-08,2136.227331960673
TXN_005888,1472,2022-03-07,4762.5853407124
TXN_005889,1112,2024-01-24,4917.723329523156
TXN_005890,1250,2023-10-25,4106.369366664035
TXN_005891,1911,2023-07-21,1355.5409130435821
TXN_005892,2368,2022-05-27,1894.9905581523706
TXN_005893,2094,2022-03-08,2710.0097845237137
TXN_005894,1263,2023-04-17,1710.5344545068021
TXN_005895,1898,2022-05-31,4112.75600443583
TXN_005896,1580,2022-01-04,4644.985986033925
TXN_005897,1383,2022-01-18,4930.359788433637
TXN_005898,1786,2023-06-08,1747.8592818676182
TXN_005899,2414,2022-09-13,1424.1959453165805
TXN_005900,2009,2023-05-24,889.2326187354281
TXN_005901,1561,2022-02-04,332.5664017458091
TXN_005902,1472,2023-07-09,967.3724298971343
TXN_005903,2157,2023-08-13,1494.0906004673652
TXN_005904,2412,2023-05-22,2016.2059842197934
TXN_005905,1060,2022-11-19,637.5832119212414
TXN_005906,2493,2023-03-29,4119.150356465593
TXN_005907,2374,2022-12-25,3133.2870100123364
TXN_005908,2081,2022-02-21,2856.9089630917565
TXN_005909,1917,2023-06-13,2771.8504723457136
TXN_005910,2208,2023-12-24,1520.7981725083964
TXN_005911,2226,2024-01-09,4693.960259899811
TXN_005912,2055,2022-02-02,1235.497994630379
TXN_005913,1656,2022-11-24,3376.51992851586
TXN_005914,1168,2023-03-12,1340.2259580031207
TXN_005915,2045,2023-02-23,4949.136422158908
TXN_005916,1809,2024-03-23,4567.150698856933
TXN_005917,2102,2022-03-18,1396.3271419144878
TXN_005918,2159,2023-08-03,4938.605092671458
TXN_005919,1301,2022-02-19,3167.2010722600057
TXN_005920,1687,2023-03-18,3669.914508795431
TXN_005921,1386,2023-11-01,1486.2881870996073
TXN_005922,2307,2022-07-17,1158.2475926396085
TXN_005923,1328,2024-02-09,4304.538353423694
TXN_005924,1459,2023-04-08,1448.4387860098864
TXN_005925,1152,2023-01-12,4595.893995247133
TXN_005926,1724,2023-06-30,1896.563436022195
TXN_005927,1806,2023-03-12,144.82211778032809
TXN_005928,1486,2023-12-25,3001.598762333136
TXN_005929,1594,2022-09-29,1832.7694145881371
TXN_005930,1997,2023-07-30,4882.270600942957
TXN_005931,1981,2022-06-04,1994.912406801275
TXN_005932,1640,2022-11-17,1640.8952327759662
TXN_005933,1947,2022-09-26,2875.3338503335835
TXN_005934,1190,2023-07-06,3676.4496537466844
TXN_005935,1051,2022-06-09,4835.931294921079
TXN_005936,1594,2022-11-19,441.11258556285344
TXN_005937,1340,2022-01-14,2155.592236017404
TXN_005938,1524,2023-01-11,3352.0202138717705
TXN_005939,1016,2022-04-30,124.34759451741014
TXN_005940,1241,2022-11-10,2496.2609998544467
TXN_005941,2363,2022-12-14,4052.0053287830733
TXN_005942,1650,2022-02-15,349.2710824119593
TXN_005943,2434,2022-12-12,1768.6797084885507
TXN_005944,1293,2023-04-14,2064.499767439912
TXN_005945,2051,2023-01-17,3609.7954261373056
TXN_005946,2433,2023-09-14,1549.0229525834718
TXN_005947,1358,2023-01-06,1306.7120347604032
TXN_005948,1672,2023-04-04,665.9690220314382
TXN_005949,2019,2022-08-07,4979.80969381593
TXN_005950,2439,2022-05-01,2411.164325669482
TXN_005951,1181,2022-10-16,336.237617686519
TXN_005952,1920,2023-05-27,475.011434976297
TXN_005953,1791,2023-07-12,726.975240191462
TXN_005954,1666,2022-12-04,1137.5477291982475
TXN_005955,1725,2023-01-16,3728.0837350832576
TXN_005956,2363,2023-05-21,2837.5722257185257
TXN_005957,1352,2023-07-20,3905.6311497868205
TXN_005958,1068,2023-01-23,197.10929935695248
TXN_005959,1476,2023-07-20,1399.0682908759525
TXN_005960,1324,2022-01-04,2087.075568228524
TXN_005961,2318,2024-01-22,2202.1672901370566
TXN_005962,2232,2023-08-15,362.4445745169105
TXN_005963,2180,2022-07-20,2606.449578926429
TXN_005964,2098,2022-07-21,1504.4553529751402
TXN_005965,1286,2022-09-13,1038.2181270432282
TXN_005966,2254,2022-07-18,3388.691543306125
TXN_005967,2294,2022-03-14,510.86270040542877
TXN_005968,1082,2023-11-19,4348.337281044767
TXN_005969,2288,2022-08-07,4509.144185242405
TXN_005970,1268,2024-01-06,1695.1287121312344
TXN_005971,1887,2023-03-09,4935.808217676683
TXN_005972,1300,2023-02-11,2066.2065732986407
TXN_005973,2021,2024-03-05,4815.345007254949
TXN_005974,1089,2024-03-03,4935.704351046608
TXN_005975,1359,2022-04-03,4151.860068768376
TXN_005976,2323,2023-10-26,711.6705829421416
TXN_005977,2025,2022-03-21,2963.6544629389928
TXN_005978,2436,2022-07-27,3686.40861375512
TXN_005979,2199,2022-04-02,479.5761339950829
TXN_005980,2148,2023-06-16,4478.84519451211
TXN_005981,1779,2022-02-22,4273.842648505346
TXN_005982,1726,2022-03-24,4675.896450624314
TXN_005983,2201,2022-03-15,2620.050845001268
TXN_005984,1004,2023-02-14,1689.092672889658
TXN_005985,1116,2023-03-20,2581.089687900444
TXN_005986,2013,2022-05-10,3673.84064724142
TXN_005987,1430,2024-02-10,2139.405388207731
TXN_005988,1389,2022-07-03,1823.6375836924726
TXN_005989,2494,2023-08-01,477.57303314421785
TXN_005990,2373,2023-10-27,2291.458814005125
TXN_005991,1743,2022-12-31,2025.1599196446714
TXN_005992,1083,2022-07-15,3350.1314870709048
TXN_005993,1600,2022-01-15,2249.8504342199003
TXN_005994,2250,2022-07-29,119.78988458062462
TXN_005995,1452,2022-05-15,2473.3336811549175
TXN_005996,2470,2023-01-19,3891.2023825774477
TXN_005997,2134,2023-04-20,4731.99284577945
TXN_005998,1322,2023-08-17,1045.4833909178956
TXN_005999,2128,2023-08-06,2170.425910748979
TXN_006000,2109,2023-05-19,4252.557837089902
TXN_006001,1963,2023-04-22,309.94673166358916
TXN_006002,1502,2022-10-24,1814.4871004954207
TXN_006003,1505,2023-01-17,2996.296085860494
TXN_006004,1884,2023-03-20,1778.328668432013
TXN_006005,2179,2023-11-15,2497.9928174813563
TXN_006006,1495,2022-05-03,4701.627736757969
TXN_006007,1940,2022-10-16,217.2398522175405
TXN_006008,1993,2022-07-29,481.7818012934146
TXN_006009,1385,2023-05-09,1065.1187191497904
TXN_006010,2486,2023-07-30,1986.0055688783639
TXN_006011,1675,2023-01-25,2406.870385804124
TXN_006012,2136,2022-03-04,279.6902647981294
TXN_006013,1864,2023-02-13,4424.571775579281
TXN_006014,2469,2023-06-04,3817.0903273008394
TXN_006015,1286,2022-09-02,1413.2505042073728
TXN_006016,1922,2022-06-14,1358.1643477223583
TXN_006017,1200,2022-04-03,225.36870986797572
TXN_006018,1810,2022-10-11,2055.7471071135606
TXN_006019,1882,2024-03-31,1346.9535538169293
TXN_006020,2402,2023-12-12,3130.257871824756
TXN_006021,1512,2022-05-04,2784.627004040918
TXN_006022,2288,2023-07-21,4789.952677101287
TXN_006023,2211,2022-07-09,3996.6954941119257
TXN_006024,1897,2023-10-17,496.2370488223948
TXN_006025,1356,2022-11-13,3551.0062757484525
TXN_006026,2264,2023-09-01,624.8640773267
TXN_006027,2216,2022-07-16,1683.1300729465652
TXN_006028,2133,2022-10-12,2819.5872764008695
TXN_006029,1907,2023-08-16,2529.0162023400057
TXN_006030,1905,2022-04-19,3497.3402880699377
TXN_006031,2088,2024-03-05,4069.138916548421
TXN_006032,2088,2022-07-28,4163.988663202779
TXN_006033,1316,2022-04-25,385.8354319248901
TXN_006034,1094,2024-01-23,3244.11270811312
TXN_006035,1458,2023-05-21,4810.75193752778
TXN_006036,1394,2024-03-01,3799.6026745591344
TXN_006037,2219,2024-03-28,2647.5248024472
TXN_006038,2062,2022-11-27,4992.844364584887
TXN_006039,1148,2022-07-23,315.51206721405106
TXN_006040,1375,2023-12-14,531.9491008666889
TXN_006041,1365,2023-10-29,3863.8962032738837
TXN_006042,1455,2022-11-11,2793.7643470467333
TXN_006043,1275,2022-09-22,709.6797763923656
TXN_006044,2261,2022-10-16,1939.0315195738065
TXN_006045,1404,2023-08-05,415.0142945157687
TXN_006046,1162,2023-11-22,2679.4593723904773
TXN_006047,2343,2023-04-26,609.9400650208688
TXN_006048,1799,2023-11-11,133.80311790932575
TXN_006049,1803,2022-01-06,1679.8782220873409
TXN_006050,2092,2023-10-06,1245.9514859172937
TXN_006051,2132,2024-02-10,1874.2791058987834
TXN_006052,1179,2022-05-21,1817.2374965375673
TXN_006053,1131,2022-10-09,3187.0631398713736
TXN_006054,1851,2022-10-17,3432.0724995393202
TXN_006055,2478,2022-07-24,724.0591694941078
TXN_006056,2011,2023-11-24,2494.4416777308397
TXN_006057,2431,2023-07-13,4456.841672075184
TXN_006058,2208,2022-11-28,827.2116383644014
TXN_006059,1456,2023-10-10,4837.685153239508
TXN_006060,1914,2023-02-07,194.7913348715411
TXN_006061,2016,2022-08-21,588.6101183129106
TXN_006062,1509,2023-12-15,970.1299540485147
TXN_006063,2313,2022-02-01,2401.986826861315
TXN_006064,1244,2024-02-28,1565.8474533333035
TXN_006065,1783,2022-07-11,2149.033218520051
TXN_006066,2061,2023-02-11,4709.977588236851
TXN_006067,2138,2023-08-26,1772.768057621629
TXN_006068,1497,2023-08-06,4255.7684527098245
TXN_006069,2360,2022-10-25,456.7555865357981
TXN_006070,1458,2022-02-04,4078.5321337940245
TXN_006071,2142,2022-08-08,4517.6397404140425
TXN_006072,1643,2023-12-12,1496.4963528010708
TXN_006073,1055,2023-09-10,2780.7847549901326
TXN_006074,1423,2022-11-28,1017.0888834384873
TXN_006075,2143,2022-02-21,545.1960159501884
TXN_006076,1049,2022-01-17,3874.966897969399
TXN_006077,2388,2022-01-09,3186.1665755513404
TXN_006078,1372,2022-06-29,3785.9921197411595
TXN_006079,2385,2022-01-03,2254.4610790506713
TXN_006080,1081,2022-10-05,1323.0703490091148
TXN_006081,1881,2023-11-25,2191.564805180496
TXN_006082,1560,2024-03-14,417.47217984872475
TXN_006083,1047,2022-06-16,1489.2821900520823
TXN_006084,1237,2022-09-08,1557.8615135812904
TXN_006085,1991,2022-10-01,3601.170788937784
TXN_006086,2405,2023-08-16,360.36202196877235
TXN_006087,1388,2022-01-27,1301.8318773691344
TXN_006088,2358,2022-04-28,1455.3907901594541
TXN_006089,1684,2024-01-09,2801.6668017143984
TXN_006090,1186,2022-12-18,1299.0029086888444
TXN_006091,2143,2022-07-14,748.9024758537952
TXN_006092,1695,2023-10-15,1364.1057431594788
TXN_006093,2380,2022-09-30,2167.226580157689
TXN_006094,1362,2022-11-13,2674.8359686710546
TXN_006095,2186,2023-02-06,279.189055964109
TXN_006096,1007,2024-01-25,1618.07317255697
TXN_006097,1610,2023-06-13,3844.4243756838987
TXN_006098,2340,2023-11-27,3028.324325001709
TXN_006099,1026,2022-02-17,2334.5929556899896
TXN_006100,1973,2022-01-16,2319.5607772345948
TXN_006101,1886,2023-04-15,1907.6069743455373
TXN_006102,1982,2023-12-06,1776.015475019678
TXN_006103,1275,2022-10-10,2063.1163685065867
TXN_006104,1824,2022-01-14,4359.115087578549
TXN_006105,1965,2022-12-14,2397.2734415304258
TXN_006106,2495,2023-01-02,3379.4298513977183
TXN_006107,1790,2022-08-16,4058.4584533205575
TXN_006108,1715,2023-09-20,2216.6363796419782
TXN_006109,1476,2023-01-08,4211.908906130088
TXN_006110,2201,2024-03-28,4964.146903929726
TXN_006111,1703,2024-01-06,2570.3899495195406
TXN_006112,1359,2023-06-25,2073.4578862022927
TXN_006113,2259,2023-06-24,4048.4014436177886
TXN_006114,2056,2023-02-09,3280.9325842008184
TXN_006115,1544,2023-02-12,3104.657270666647
TXN_006116,1099,2023-07-12,4442.012283302567
TXN_006117,1656,2022-03-01,3282.325689110828
TXN_006118,1329,2023-10-22,3243.729349171621
TXN_006119,2088,2022-02-21,1113.8233448781557
TXN_006120,1121,2022-05-30,3472.317382999415
TXN_006121,1958,2023-10-18,4573.689536004646
TXN_006122,2001,2023-10-23,2924.07614420071
TXN_006123,1475,2022-06-21,4526.527050569951
TXN_006124,1741,2022-11-14,1763.8963190612403
TXN_006125,1126,2023-10-23,308.64800450975497
TXN_006126,1867,2023-09-08,2281.1293770354564
TXN_006127,2209,2023-05-04,119.38895805865008
TXN_006128,1090,2023-10-13,858.6035127079894
TXN_006129,1045,2023-09-24,1033.9007905703052
TXN_006130,1024,2023-07-03,2715.7930502863896
TXN_006131,1348,2023-11-15,4754.65551861745
TXN_006132,2002,2022-05-04,197.10938354363086
TXN_006133,1767,2022-10-05,1259.7788446613117
TXN_006134,1872,2022-07-31,4850.324392606808
TXN_006135,2458,2023-12-07,4420.098453841756
TXN_006136,2353,2023-03-03,4190.764800580826
TXN_006137,1293,2023-04-04,549.8207782875295
TXN_006138,1245,2023-06-17,3256.0815791454397
TXN_006139,2189,2024-01-23,1095.3629698255145
TXN_006140,1256,2023-10-19,3290.0200580381475
TXN_006141,1821,2022-10-19,2194.9024816005376
TXN_006142,1351,2022-05-22,3214.7809241339596
TXN_006143,1789,2023-11-08,2201.418227891824
TXN_006144,2212,2023-01-23,4547.75052187875
TXN_006145,2022,2023-10-08,224.01098514551148
TXN_006146,1693,2022-06-27,1038.6736811027872
TXN_006147,2298,2022-03-26,4181.685333331347
TXN_006148,1738,2022-07-24,3710.0698040615316
TXN_006149,2057,2023-07-04,1012.8331005155104
TXN_006150,1718,2022-12-01,695.0387177598053
TXN_006151,1555,2023-01-24,1625.179624179953
TXN_006152,1498,2022-06-15,2461.1557056935835
TXN_006153,2268,2023-06-20,329.99960084820884
TXN_006154,2277,2023-06-14,4243.385689673915
TXN_006155,2132,2023-11-03,2652.6679099967578
TXN_006156,1322,2022-08-10,4605.46782959652
TXN_006157,1113,2023-09-06,1695.9562606173413
TXN_006158,1947,2022-11-24,339.26737479103394
TXN_006159,1484,2023-08-24,4369.665333718726
TXN_006160,1277,2023-11-01,833.1265489653471
TXN_006161,2052,2023-08-23,1744.6458435713364
TXN_006162,1397,2023-02-18,2375.267058418366
TXN_006163,1221,2022-05-13,2510.537468663233
TXN_006164,1317,2024-02-11,215.05752822779846
TXN_006165,1270,2022-06-28,2681.035999760983
TXN_006166,1397,2022-10-16,477.4572781456822
TXN_006167,2474,2023-09-19,1701.5205931308924
TXN_006168,1342,2022-12-15,4879.812665141591
TXN_006169,1380,2022-10-14,1473.8168422889362
TXN_006170,2399,2022-12-30,4083.0726777578425
TXN_006171,1774,2022-03-24,2600.5615020224
TXN_006172,1339,2022-08-25,1091.831249533976
TXN_006173,1006,2023-03-14,3637.488288041054
TXN_006174,2296,2022-08-27,2820.1831127376963
TXN_006175,1287,2023-03-21,2711.8638516142632
TXN_006176,1892,2022-03-07,246.52172766509904
TXN_006177,1846,2023-10-22,1735.8418157881363
TXN_006178,1716,2023-12-17,3700.0618165680658
TXN_006179,1183,2022-04-24,4000.824236778743
TXN_006180,1569,2022-07-08,4092.553595884391
TXN_006181,1622,2024-03-14,283.22698083824065
TXN_006182,1185,2023-08-19,897.28503287494
TXN_006183,1642,2022-10-03,4929.325767512129
TXN_006184,1479,2023-09-04,861.6867762378712
TXN_006185,1847,2022-10-29,1143.7749997574379
TXN_006186,1629,2024-02-25,4032.8592866699278
TXN_006187,2280,2023-12-11,2027.8445520388861
TXN_006188,1503,2023-06-30,669.9500976179332
TXN_006189,1109,2023-08-14,712.9626247330737
TXN_006190,2171,2023-10-05,510.50819552749203
TXN_006191,1731,2023-08-07,985.2747137896501
TXN_006192,1213,2024-01-25,2535.214424152376
TXN_006193,1995,2023-10-13,173.86189118995625
TXN_006194,1567,2023-11-17,673.942837340039
TXN_006195,2000,2023-04-25,4544.903971485052
TXN_006196,2460,2023-03-02,4395.248718677538
TXN_006197,1960,2022-01-17,4182.093846916872
TXN_006198,1823,2022-02-16,3560.7799523137965
TXN_006199,2357,2022-01-30,3341.4561187817762
TXN_006200,2452,2023-01-27,1450.0274746951804
TXN_006201,1846,2022-02-09,1741.4732093607097
TXN_006202,2119,2023-12-12,1255.4306800214245
TXN_006203,1657,2023-10-30,4903.53679707104
TXN_006204,2071,2022-10-11,3208.0934480076003
TXN_006205,2301,2022-02-28,4832.2601096278795
TXN_006206,1975,2022-11-26,1431.753598445161
TXN_006207,2226,2023-12-27,3143.9246472403966
TXN_006208,1198,2022-09-20,3818.858694170064
TXN_006209,1507,2022-11-20,564.2215270897623
TXN_006210,1328,2022-01-24,3368.1086730606366
TXN_006211,1123,2022-12-20,928.4555811248066
TXN_006212,1199,2024-03-19,1707.6039834832281
TXN_006213,1074,2024-01-21,3609.1497188483595
TXN_006214,1156,2022-02-23,2256.317203037751
TXN_006215,2157,2024-02-21,4613.693081236977
TXN_006216,1311,2023-11-15,1281.8907916121857
TXN_006217,2143,2022-11-01,853.5279245411367
TXN_006218,2035,2022-11-15,1752.142655789283
TXN_006219,2143,2023-12-22,4274.423795661133
TXN_006220,1082,2022-02-14,4252.380321165095
TXN_006221,1692,2022-12-28,1909.5973418294313
TXN_006222,2251,2024-02-01,4068.2273583386045
TXN_006223,2017,2023-04-06,481.1624384777511
TXN_006224,1185,2022-01-07,137.2478390347006
TXN_006225,2234,2022-09-16,4337.543279471741
TXN_006226,1042,2022-03-29,4382.95126238732
TXN_006227,1072,2022-07-08,802.654528356868
TXN_006228,2042,2023-03-31,1558.8002392910112
TXN_006229,1164,2023-06-26,4267.92158972601
TXN_006230,1266,2023-06-01,510.45805226382373
TXN_006231,2463,2022-12-26,4329.15465300192
TXN_006232,2151,2023-01-04,2915.944604715883
TXN_006233,1866,2022-07-19,3320.658275357861
TXN_006234,2476,2022-01-07,3014.612833408847
TXN_006235,2324,2023-11-10,2954.408417946788
TXN_006236,2341,2023-01-21,1006.7993296959476
TXN_006237,1653,2023-11-14,1256.6845242132608
TXN_006238,1033,2023-01-31,2942.2629296098976
TXN_006239,1097,2023-06-24,2066.886529393144
TXN_006240,2233,2023-09-12,2752.316783006851
TXN_006241,1315,2022-05-27,1341.4934263260338
TXN_006242,2343,2022-10-11,2372.7309985355846
TXN_006243,1709,2022-04-09,802.6828671810403
TXN_006244,2458,2023-08-11,288.1373599473604
TXN_006245,2279,2023-08-27,4760.470236456136
TXN_006246,1404,2023-05-22,3642.970213697662
TXN_006247,1615,2023-04-19,2540.5128943195036
TXN_006248,2477,2024-01-12,2799.957735641553
TXN_006249,1881,2023-12-11,2604.751451705245
TXN_006250,2212,2022-05-27,4504.166414581599
TXN_006251,1833,2023-07-30,3890.8289737449754
TXN_006252,1854,2023-05-18,1693.1992680082417
TXN_006253,2411,2022-02-19,1169.115363784357
TXN_006254,2166,2023-06-06,425.993518962054
TXN_006255,2245,2022-08-13,824.1667023534749
TXN_006256,1439,2022-03-23,2501.2995580310603
TXN_006257,1531,2022-07-01,1092.594445163032
TXN_006258,2303,2023-06-06,1630.7301981079647
TXN_006259,1776,2022-12-26,753.3126523952484
TXN_006260,2271,2022-08-23,4621.789336377366
TXN_006261,1115,2022-11-22,265.2526887318721
TXN_006262,1404,2023-04-12,1823.8725272456431
TXN_006263,2278,2023-03-23,1364.957892013147
TXN_006264,1296,2024-01-15,140.683175556175
TXN_006265,1900,2024-01-17,4650.130345923431
TXN_006266,1557,2023-06-30,1636.6765727383543
TXN_006267,1333,2022-02-12,2561.1479159063865
TXN_006268,2094,2023-01-17,2954.7718374008996
TXN_006269,1965,2022-05-13,3091.350810070828
TXN_006270,1058,2023-02-07,2355.2775676533965
TXN_006271,1715,2023-09-17,3009.7640297215758
TXN_006272,2005,2023-01-05,3783.6289204771583
TXN_006273,2074,2022-02-23,4765.236239096715
TXN_006274,1015,2023-10-16,3319.4826246285647
TXN_006275,1050,2023-07-15,2364.9246620787994
TXN_006276,2151,2024-02-18,2278.562078879598
TXN_006277,2193,2022-06-08,3578.3010834506676
TXN_006278,1988,2022-05-18,3172.4725452485827
TXN_006279,2203,2023-06-17,2159.894291984829
TXN_006280,1737,2022-09-11,1745.845381150779
TXN_006281,1905,2022-10-29,4966.428352486064
TXN_006282,1327,2024-01-05,3857.3052394567335
TXN_006283,1931,2023-12-16,1113.2009209247185
TXN_006284,1300,2023-09-11,1531.6411923466185
TXN_006285,2274,2022-03-15,4479.074482081083
TXN_006286,1517,2023-06-16,3338.0630249219203
TXN_006287,1261,2022-10-04,1622.688902445504
TXN_006288,1090,2023-02-25,1884.6304866766056
TXN_006289,1193,2022-02-26,1956.647556745003
TXN_006290,2352,2023-07-23,1012.8464635547087
TXN_006291,2087,2022-03-10,2604.7267693392323
TXN_006292,2317,2022-07-17,3851.2961544551986
TXN_006293,1225,2022-06-01,2863.8937476785695
TXN_006294,1444,2023-12-21,3314.1155532991233
TXN_006295,1333,2022-07-07,3017.393301448057
TXN_006296,2086,2023-10-25,388.5876040683197
TXN_006297,1496,2022-02-16,1021.4942975084027
TXN_006298,2482,2023-05-15,1816.7073405199421
TXN_006299,2356,2023-12-21,4457.25151443106
TXN_006300,2014,2022-08-31,1808.5924378789243
TXN_006301,1244,2022-06-29,1702.8731612209783
TXN_006302,1063,2022-05-21,494.8745651764986
TXN_006303,1804,2023-05-14,4863.188461105528
TXN_006304,1931,2024-01-19,3914.8933824405526
TXN_006305,2289,2022-01-08,3853.043408749931
TXN_006306,1161,2022-04-12,1980.157021335396
TXN_006307,2068,2022-06-09,484.0103242356087
TXN_006308,1024,2023-04-15,1391.2493152723307
TXN_006309,1299,2023-10-19,4279.208258294503
TXN_006310,2248,2022-01-05,983.4597613459664
TXN_006311,1073,2023-01-14,4481.822987495648
TXN_006312,2139,2023-01-16,2725.1971253299203
TXN_006313,1151,2023-08-29,3601.2289926579365
TXN_006314,1580,2023-12-30,2322.842835589145
TXN_006315,2114,2023-11-15,4668.315920632166
TXN_006316,2312,2023-10-12,1274.3258258182186
TXN_006317,1091,2022-10-31,2904.9238082572656
TXN_006318,1871,2022-06-05,438.6684636827393
TXN_006319,1746,2024-02-12,2454.0934867215665
TXN_006320,2410,2022-10-27,4866.300324601598
TXN_006321,2438,2023-11-02,531.8444705855736
TXN_006322,1827,2022-09-29,2582.9428453735422
TXN_006323,2195,2022-05-03,3051.3009262853407
TXN_006324,1684,2023-05-26,4665.554699754407
TXN_006325,1371,2022-10-06,1557.3295891121286
TXN_006326,2259,2023-01-02,2564.4091171179653
TXN_006327,2065,2023-06-17,4937.259675892027
TXN_006328,2172,2024-03-01,3868.193106613071
TXN_006329,1799,2023-12-21,4071.0314311124916
TXN_006330,1724,2023-09-22,3924.5052499128083
TXN_006331,1610,2022-05-03,2624.607515525093
TXN_006332,1119,2023-12-14,2228.334930613849
TXN_006333,1540,2023-01-21,1348.5845698928454
TXN_006334,1047,2023-02-01,2383.2375190308
TXN_006335,2409,2022-10-28,200.46159182244813
TXN_006336,1800,2023-01-29,575.8438487473964
TXN_006337,2151,2023-08-26,1507.562253269439
TXN_006338,2470,2023-08-16,1734.7849188691023
TXN_006339,2008,2022-08-04,3566.834956898591
TXN_006340,1038,2024-02-28,940.8518439722072
TXN_006341,1472,2022-01-01,3999.286849930023
TXN_006342,2156,2022-05-24,4023.927646918282
TXN_006343,2142,2022-09-07,2976.483369576871
TXN_006344,1323,2022-06-20,2508.3329429479422
TXN_006345,1051,2022-05-14,2390.2544954015657
TXN_006346,1947,2022-03-17,2160.641811017178
TXN_006347,1932,2023-04-25,534.01718559508
TXN_006348,1135,2023-09-16,3311.673380373105
TXN_006349,2427,2024-02-01,2928.7536775748417
TXN_006350,1168,2022-09-24,177.26077277989984
TXN_006351,1516,2023-04-11,1093.2092508426376
TXN_006352,1359,2023-03-26,2237.9890259273207
TXN_006353,2260,2022-04-06,4516.407984524487
TXN_006354,1067,2024-01-23,4952.365977365522
TXN_006355,2173,2022-10-03,3781.4988937117105
TXN_006356,1480,2024-02-28,3771.774650875201
TXN_006357,2438,2024-03-14,2134.845599119331
TXN_006358,1220,2023-07-04,2897.656170955377
TXN_006359,1260,2022-11-08,1240.8038379710072
TXN_006360,1265,2022-12-13,3716.9447500019132
TXN_006361,2482,2022-09-24,392.9447998347566
TXN_006362,1676,2022-10-01,2144.5067272078836
TXN_006363,2079,2023-08-16,4173.671578219657
TXN_006364,1853,2022-04-08,4901.312010470021
TXN_006365,1407,2023-07-11,3513.1372042591893
TXN_006366,1468,2023-10-28,1066.6016384141426
TXN_006367,1761,2022-11-11,2898.2603515356577
TXN_006368,1242,2022-05-14,2846.513327013996
TXN_006369,1513,2023-07-09,4832.248298598846
TXN_006370,2192,2022-04-04,4216.91487923718
TXN_006371,1574,2022-06-29,340.1562003601283
TXN_006372,2456,2022-09-13,1178.4566529010583
TXN_006373,1665,2024-01-24,4225.427207195491
TXN_006374,1766,2024-01-06,4865.112922407545
TXN_006375,2308,2022-01-17,1543.8938036846944
TXN_006376,1453,2023-09-21,3484.571203303235
TXN_006377,1187,2023-07-12,1608.2290434390166
TXN_006378,1704,2023-11-12,301.37434044626866
TXN_006379,2319,2022-05-21,4164.454044144506
TXN_006380,1691,2023-01-25,3720.3629665395633
TXN_006381,2405,2023-12-27,361.18593579412567
TXN_006382,2366,2024-01-07,812.7645777098003
TXN_006383,1601,2023-11-21,4997.7108229079895
TXN_006384,2246,2022-02-17,3288.73033243157
TXN_006385,1334,2023-09-03,4022.1109566612604
TXN_006386,1456,2024-03-05,2004.2637326582626
TXN_006387,2471,2022-09-19,2639.4086964769663
TXN_006388,1737,2023-07-24,3137.4200576792896
TXN_006389,1336,2022-09-10,4049.500866645534
TXN_006390,1354,2023-12-04,1760.641392530027
TXN_006391,1355,2023-05-28,3394.087687740075
TXN_006392,1231,2024-01-17,3900.723282954605
TXN_006393,2290,2024-03-06,4045.149568163702
TXN_006394,1795,2024-03-07,2546.2816475300897
TXN_006395,1189,2022-06-05,2419.482690597478
TXN_006396,1047,2023-08-26,612.2108706798932
TXN_006397,2307,2022-07-29,2538.852797996808
TXN_006398,1813,2022-11-20,3539.47382165362
TXN_006399,1054,2024-01-12,4610.881137001126
TXN_006400,2362,2024-02-04,713.4779674681251
TXN_006401,1118,2024-01-25,4847.537977998978
TXN_006402,2025,2022-02-10,1246.9546919971526
TXN_006403,1223,2022-12-28,961.7430284178233
TXN_006404,1747,2023-01-07,661.1366266148873
TXN_006405,1202,2023-02-20,4951.668556368759
TXN_006406,1010,2023-09-27,2848.9907120768867
TXN_006407,1258,2023-12-10,1425.939893834284
TXN_006408,1297,2023-10-24,1655.9175238063779
TXN_006409,1668,2023-01-12,4756.328767199625
TXN_006410,2220,2024-01-22,4509.8454756356705
TXN_006411,2438,2022-11-09,1814.9195516189613
TXN_006412,1332,2022-10-05,411.56872532769637
TXN_006413,1152,2022-11-18,4184.259794750193
TXN_006414,2399,2023-07-09,4580.668410932665
TXN_006415,1133,2022-02-03,4203.913261239567
TXN_006416,1955,2022-04-24,4573.598463321437
TXN_006417,1115,2022-01-02,2921.9199518152136
TXN_006418,2090,2024-01-20,4214.328394853185
TXN_006419,1661,2024-01-29,4725.168310727993
TXN_006420,2279,2023-07-25,4460.5258548302245
TXN_006421,1552,2022-02-05,2977.1631468091246
TXN_006422,1692,2024-01-14,3758.00199797312
TXN_006423,1187,2022-01-08,3634.3844733234355
TXN_006424,1038,2022-06-10,4034.5267113088785
TXN_006425,1479,2024-03-11,1221.3637375546105
TXN_006426,1925,2023-03-28,110.67272866383186
TXN_006427,2350,2023-06-14,2598.5080171917307
TXN_006428,1728,2023-07-30,3851.1991966948176
TXN_006429,2153,2023-07-27,713.0998691273403
TXN_006430,1775,2022-03-24,2710.657451829738
TXN_006431,1062,2022-01-10,1640.604022109365
TXN_006432,1954,2023-03-10,4207.377164342664
TXN_006433,1096,2023-09-10,591.2446955927076
TXN_006434,2435,2022-08-21,4254.680807090917
TXN_006435,1529,2022-08-10,3092.759297256546
TXN_006436,2469,2024-02-29,4605.278944820619
TXN_006437,1724,2023-07-05,4684.570729448169
TXN_006438,2020,2022-11-17,4063.499169893134
TXN_006439,1235,2024-03-08,2697.53975825166
TXN_006440,2108,2023-10-07,798.539073970542
TXN_006441,1354,2024-01-25,1204.5769978543628
TXN_006442,2425,2022-10-09,2146.984155817886
TXN_006443,2189,2022-04-30,3672.2049376321197
TXN_006444,2251,2022-03-04,2769.785758250469
TXN_006445,2390,2023-11-17,2247.6802849140454
TXN_006446,1924,2023-06-27,2439.918370758261
TXN_006447,2433,2024-01-13,3733.2841850938335
TXN_006448,2083,2022-06-18,268.346529893461
TXN_006449,1163,2023-10-14,2268.8915914155177
TXN_006450,2253,2022-09-30,2906.2454632689537
TXN_006451,1881,2023-10-20,2984.6954711651842
TXN_006452,1593,2023-12-07,3131.566813182031
TXN_006453,2180,2023-01-04,361.902037291149
TXN_006454,2017,2023-04-17,2833.944755229039
TXN_006455,1926,2024-01-26,2797.692071230263
TXN_006456,1873,2022-10-22,4288.78387569493
TXN_006457,1908,2022-03-15,3824.377733917962
TXN_006458,2397,2023-04-04,253.01066713839975
TXN_006459,2265,2023-10-10,2823.9852836781256
TXN_006460,1890,2023-08-26,3485.626099395102
TXN_006461,2191,2023-06-22,2942.701819671013
TXN_006462,1120,2023-08-11,3414.2091662100693
TXN_006463,1965,2023-07-01,671.6143256128387
TXN_006464,1001,2022-07-26,929.2851695888893
TXN_006465,1117,2024-02-28,2955.4124497790112
TXN_006466,1638,2022-06-14,4023.3593454000875
TXN_006467,1373,2022-05-04,227.34579709696803
TXN_006468,2131,2024-01-04,2237.5771761969886
TXN_006469,2322,2022-09-30,4961.063352571599
TXN_006470,2456,2023-01-17,3852.1542410944044
TXN_006471,1111,2023-04-19,2305.913867971653
TXN_006472,2429,2022-12-20,580.3980941705174
TXN_006473,1499,2022-04-07,1859.994589104289
TXN_006474,1674,2022-03-23,856.7009552161891
TXN_006475,2042,2023-06-21,4611.816787254797
TXN_006476,2043,2022-12-27,3459.6574795776364
TXN_006477,1771,2022-03-02,4292.917837145831
TXN_006478,1560,2022-04-04,4497.576164973644
TXN_006479,1153,2024-03-15,3073.7601913537633
TXN_006480,1819,2022-12-31,132.33204495677842
TXN_006481,1383,2024-01-28,2824.753135163855
TXN_006482,1803,2023-10-15,4032.2255064339492
TXN_006483,1680,2024-02-04,1640.9996266307394
TXN_006484,2221,2022-10-23,4645.98246746486
TXN_006485,1178,2023-11-13,4984.414053539528
TXN_006486,1614,2024-01-20,2791.3882116918026
TXN_006487,1046,2022-06-19,2703.0814485466317
TXN_006488,1557,2022-10-26,3310.427642829235
TXN_006489,1182,2023-12-09,2875.0601093281125
TXN_006490,1353,2023-10-30,886.2341510695586
TXN_006491,1486,2023-09-03,1428.4334984028835
TXN_006492,1215,2024-03-19,1088.7650270417148
TXN_006493,1891,2022-11-13,453.4146193380752
TXN_006494,2446,2023-10-07,787.9068076385792
TXN_006495,1851,2023-10-13,4864.403394576324
TXN_006496,1828,2022-09-21,2819.4033486803764
TXN_006497,2032,2023-10-23,716.9268359562798
TXN_006498,2008,2023-04-25,3594.1667271930264
TXN_006499,2236,2022-09-18,2436.260767492837
TXN_006500,2162,2023-06-30,1200.8888742551992
TXN_006501,2007,2023-06-05,4723.4948194492445
TXN_006502,1733,2024-03-16,1200.2614753169441
TXN_006503,1320,2022-02-12,578.189900723354
TXN_006504,1090,2022-04-06,1108.286615459253
TXN_006505,1314,2023-01-29,4568.44882570296
TXN_006506,1111,2023-06-08,4303.199448413225
TXN_006507,2136,2022-12-21,4482.190653767922
TXN_006508,1373,2023-02-06,4589.276746028564
TXN_006509,2286,2023-04-16,479.74349504253485
TXN_006510,1367,2023-10-14,3585.5272204616454
TXN_006511,1377,2022-10-14,3356.154005792744
TXN_006512,1828,2024-02-18,4965.251057007876
TXN_006513,1824,2022-10-10,3601.9036826004217
TXN_006514,1673,2023-06-17,3980.9539175503864
TXN_006515,1556,2022-09-26,3603.433746349512
TXN_006516,2068,2024-02-01,3140.8507606349663
TXN_006517,2294,2023-07-11,2809.814759111546
TXN_006518,1494,2023-11-18,4849.376095290461
TXN_006519,1721,2022-10-08,4688.076071648635
TXN_006520,1685,2022-03-18,2245.4658030410387
TXN_006521,1246,2024-01-15,1492.3539874592434
TXN_006522,1173,2023-12-11,2594.439862498281
TXN_006523,1035,2022-12-21,3755.961485504243
TXN_006524,1301,2022-09-12,2064.64382606051
TXN_006525,2181,2023-10-30,2732.4316554051175
TXN_006526,1885,2023-03-01,1563.6589599086021
TXN_006527,1032,2022-01-04,2195.7514051314056
TXN_006528,1381,2022-03-25,4790.747454637772
TXN_006529,1423,2023-12-10,1152.8060089496896
TXN_006530,1725,2022-08-02,4944.798717057314
TXN_006531,2318,2024-03-02,1156.145428415579
TXN_006532,1692,2023-10-19,1664.2563112990683
TXN_006533,1594,2022-02-26,527.108413313281
TXN_006534,1981,2022-06-03,3785.267895701004
TXN_006535,1414,2023-09-04,186.408980415708
TXN_006536,1873,2023-12-13,3960.4204254770175
TXN_006537,1318,2023-02-05,2927.953073002416
TXN_006538,2048,2023-06-04,3768.9589235427907
TXN_006539,1757,2023-06-06,3937.290273995214
TXN_006540,2457,2023-09-28,709.4730125590388
TXN_006541,1058,2022-09-27,204.8176318688777
TXN_006542,1176,2023-06-23,926.9557611207331
TXN_006543,2068,2023-05-27,1981.930977253821
TXN_006544,2475,2023-06-01,459.2505655079632
TXN_006545,1308,2023-02-16,2338.023896823844
TXN_006546,1153,2023-10-07,1496.9379286114654
TXN_006547,1966,2022-12-08,1882.7913814629176
TXN_006548,2163,2022-05-20,4707.800337169278
TXN_006549,1768,2022-09-21,3648.926538501083
TXN_006550,1384,2023-03-25,3324.9839383045764
TXN_006551,1747,2022-08-15,3302.469491947036
TXN_006552,1623,2022-03-01,2821.366856634139
TXN_006553,2056,2022-03-21,2613.6041339510175
TXN_006554,2394,2022-02-24,4422.547509364169
TXN_006555,2201,2023-08-29,467.5094453559176
TXN_006556,2383,2023-03-03,1513.7480519338783
TXN_006557,2459,2023-07-07,610.2229744448866
TXN_006558,1005,2023-06-06,154.1589799728197
TXN_006559,1690,2022-08-14,167.94865008104995
TXN_006560,1794,2022-04-26,217.64792789051012
TXN_006561,1890,2022-12-06,3440.513876190015
TXN_006562,2254,2022-04-17,645.8842097186348
TXN_006563,2424,2023-06-03,1091.804505226282
TXN_006564,1726,2023-06-17,2153.02192733485
TXN_006565,1784,2024-02-03,1419.3262464780817
TXN_006566,1616,2022-11-27,4101.818414391968
TXN_006567,1885,2022-04-11,3154.9250252874954
TXN_006568,1022,2022-08-03,1733.212161770005
TXN_006569,1806,2023-07-10,1657.1364465062188
TXN_006570,1160,2022-08-11,3450.099237845931
TXN_006571,2217,2022-07-29,936.2828464164114
TXN_006572,1265,2022-12-10,1474.6738881108076
TXN_006573,1082,2023-12-27,1831.8253988428116
TXN_006574,1167,2024-03-15,2327.763894618216
TXN_006575,1654,2024-01-21,1033.6059295277673
TXN_006576,1554,2023-03-04,870.4416989234751
TXN_006577,1343,2022-03-06,4950.8044043304
TXN_006578,1011,2022-09-11,4574.670320991896
TXN_006579,1449,2023-06-02,2665.7293103151296
TXN_006580,1573,2022-10-21,3851.1965361855614
TXN_006581,1590,2022-08-09,3402.618500382221
TXN_006582,1489,2023-03-03,468.0602014186472
TXN_006583,2190,2022-11-09,2637.697458197252
TXN_006584,1661,2023-12-16,1001.2051313040465
TXN_006585,1464,2023-04-09,2961.8857409843745
TXN_006586,1909,2023-08-05,402.7782366337251
TXN_006587,1616,2023-07-31,898.2528912019887
TXN_006588,1006,2022-09-09,3930.4174671248215
TXN_006589,2006,2023-11-26,4231.912246454224
TXN_006590,2186,2022-04-22,4546.556976941393
TXN_006591,1801,2024-02-03,4493.9600815707145
TXN_006592,2218,2022-10-18,4544.441846360302
TXN_006593,1318,2022-10-07,564.0740479786551
TXN_006594,1129,2022-10-21,3331.494361386704
TXN_006595,1108,2023-05-30,3535.1633877587415
TXN_006596,1218,2022-06-28,1414.1556732122021
TXN_006597,1505,2022-07-08,4965.3607007130795
TXN_006598,1428,2022-06-17,1500.5598493158282
TXN_006599,1641,2022-02-23,2916.9507526243274
TXN_006600,1243,2023-08-01,4374.5415694335925
TXN_006601,1437,2023-09-19,1517.0119584872227
TXN_006602,1306,2022-11-12,3071.876065871155
TXN_006603,1900,2022-09-28,3628.0719025335093
TXN_006604,2278,2023-12-27,3170.882076301744
TXN_006605,2350,2023-03-06,2089.228066851286
TXN_006606,1408,2023-09-14,4729.298928628731
TXN_006607,1748,2022-07-02,3100.3188023506605
TXN_006608,1000,2022-09-17,1199.3652119670267
TXN_006609,1776,2022-01-24,4050.0333047109034
TXN_006610,1193,2022-04-04,3313.804001000598
TXN_006611,1962,2022-09-13,636.6244884985654
TXN_006612,2387,2022-08-02,1462.8963576504796
TXN_006613,1121,2023-05-11,874.8761232200428
TXN_006614,1363,2022-02-09,456.09788927647327
TXN_006615,2027,2024-03-05,1227.9787869652662
TXN_006616,1148,2023-04-08,1462.87770210386
TXN_006617,2084,2023-03-12,2385.9733137663993
TXN_006618,1793,2023-07-03,4849.388705019381
TXN_006619,2140,2024-02-08,4722.017039052757
TXN_006620,1845,2023-12-17,3793.0476259934
TXN_006621,1237,2022-07-30,3267.9060405940186
TXN_006622,2161,2022-05-03,4741.636079269515
TXN_006623,1729,2024-03-17,797.9912931912285
TXN_006624,1457,2023-04-04,1718.6195889452817
TXN_006625,1484,2022-10-13,2811.303275019978
TXN_006626,2105,2022-10-03,4088.2774273715004
TXN_006627,1848,2022-09-01,3156.554512220926
TXN_006628,1713,2024-02-01,4063.45902100774
TXN_006629,2070,2022-05-23,850.0677597953845
TXN_006630,1343,2024-01-31,1044.4007522458892
TXN_006631,2362,2022-11-16,3728.7696153015004
TXN_006632,1235,2023-01-10,1806.7462059906588
TXN_006633,2487,2023-03-09,2236.862521362996
TXN_006634,1662,2023-08-02,3979.156229895181
TXN_006635,1375,2022-05-02,443.17747967232685
TXN_006636,2146,2022-08-23,923.0995234499651
TXN_006637,1971,2024-03-04,1549.4729834105033
TXN_006638,1245,2023-03-05,4429.118001446206
TXN_006639,2277,2024-01-02,2083.916279863158
TXN_006640,1565,2022-05-06,1335.333361742315
TXN_006641,1698,2024-02-13,3424.2941052970727
TXN_006642,1914,2024-01-20,248.4216640568126
TXN_006643,1280,2023-06-28,3898.0231460558316
TXN_006644,1066,2022-07-22,3519.674283175665
TXN_006645,1174,2022-09-30,369.9080811657935
TXN_006646,2214,2022-06-23,2540.341352390623
TXN_006647,1284,2024-03-31,2080.3370359507217
TXN_006648,1304,2022-08-26,874.8821395837973
TXN_006649,1874,2023-04-07,854.8193439478792
TXN_006650,1792,2022-04-20,884.9712408580081
TXN_006651,1406,2023-02-16,3038.345683878259
TXN_006652,1331,2022-03-12,938.4225914230154
TXN_006653,1304,2023-10-18,392.02010577926234
TXN_006654,1918,2023-12-19,4792.127245244377
TXN_006655,1668,2022-12-23,291.94159889542084
TXN_006656,1772,2023-02-27,3353.090636581487
TXN_006657,1550,2022-08-29,4686.5613260640885
TXN_006658,1994,2023-08-26,285.88313216885695
TXN_006659,2360,2023-11-01,4832.086221894178
TXN_006660,2053,2023-12-20,2561.461628140147
TXN_006661,1439,2023-07-23,3946.9175645241307
TXN_006662,1257,2023-07-22,3163.0974177589715
TXN_006663,1782,2023-11-10,3122.5502085120293
TXN_006664,1562,2022-05-07,3964.9167686456813
TXN_006665,1233,2023-03-02,420.6561116861977
TXN_006666,1025,2023-06-14,2022.710407843529
TXN_006667,1522,2022-03-16,4850.883666415969
TXN_006668,1383,2022-10-05,367.477674936492
TXN_006669,1392,2023-05-09,1387.6994439335356
TXN_006670,1461,2023-01-23,3393.324020913409
TXN_006671,1838,2024-02-10,592.1345459527844
TXN_006672,2161,2023-06-20,2729.7004909411617
TXN_006673,1736,2023-04-07,3595.5150545391766
TXN_006674,1109,2022-11-04,3811.35986128964
TXN_006675,2498,2023-08-02,2849.82900630334
TXN_006676,2351,2022-05-03,2553.0885146058313
TXN_006677,1205,2022-10-14,3598.054774867762
TXN_006678,2094,2022-02-22,810.7921170271961
TXN_006679,1209,2023-03-21,3434.5378077430655
TXN_006680,1184,2022-05-01,4604.302108110549
TXN_006681,1601,2023-11-29,3445.4900424910293
TXN_006682,1758,2023-02-23,327.86781433251537
TXN_006683,2406,2024-03-09,2579.3322924823815
TXN_006684,1744,2024-01-26,3658.748911121081
TXN_006685,1890,2022-03-17,311.896657416889
TXN_006686,1398,2022-03-25,3834.771524551937
TXN_006687,1544,2024-03-14,1479.8537509991734
TXN_006688,1906,2022-11-03,2984.9886346079197
TXN_006689,1681,2023-03-21,4835.083343055226
TXN_006690,1977,2023-10-21,4975.154476206206
TXN_006691,1313,2022-12-03,3208.597716587089
TXN_006692,1227,2023-01-16,2508.270255521283
TXN_006693,1657,2023-06-01,970.6922954159353
TXN_006694,2169,2022-04-11,1120.8353473774575
TXN_006695,2045,2022-04-10,2203.0800611972013
TXN_006696,1691,2022-06-22,3541.203051021753
TXN_006697,1299,2023-03-08,3869.585271132947
TXN_006698,1926,2022-04-18,1187.351054964143
TXN_006699,2288,2024-02-21,2723.5421958136862
TXN_006700,2073,2022-01-28,2998.8648157305415
TXN_006701,1741,2024-01-27,4476.082297838919
TXN_006702,2398,2022-09-22,4394.465652643677
TXN_006703,1060,2022-11-11,4105.187486564495
TXN_006704,2042,2022-02-07,2631.641301306028
TXN_006705,1307,2023-08-28,418.9074532001269
TXN_006706,1536,2022-06-02,1738.9200641909222
TXN_006707,2230,2022-11-24,3146.430357562948
TXN_006708,2348,2022-02-17,3224.2752749156925
TXN_006709,1074,2023-10-04,4260.457635323142
TXN_006710,2441,2022-01-06,1959.0304337112825
TXN_006711,2351,2023-02-18,4689.448466341248
TXN_006712,2304,2022-03-02,899.8528131391813
TXN_006713,2098,2024-02-09,344.34257572634135
TXN_006714,1593,2023-03-11,965.786449191573
TXN_006715,1608,2022-12-05,2365.3834395486783
TXN_006716,1611,2022-09-26,4132.251574677899
TXN_006717,2020,2024-03-27,853.7980708056671
TXN_006718,1784,2024-01-27,2786.1136542886406
TXN_006719,1240,2022-01-08,3905.297901291476
TXN_006720,1004,2024-02-16,270.8219176805501
TXN_006721,2238,2023-10-25,303.4481757821381
TXN_006722,1486,2023-04-30,2503.89681975454
TXN_006723,1356,2023-12-13,994.9667694039656
TXN_006724,1393,2022-11-25,2307.788078479733
TXN_006725,2178,2023-02-04,315.2839001914323
TXN_006726,2414,2023-02-04,4886.666186347741
TXN_006727,1368,2024-02-19,3305.525385991327
TXN_006728,1028,2023-12-30,3464.810393545514
TXN_006729,2446,2023-01-30,2597.6706163077697
TXN_006730,1965,2022-12-04,4142.059886012154
TXN_006731,1008,2023-02-23,4183.698146489243
TXN_006732,2223,2022-07-29,879.5442901991512
TXN_006733,2468,2022-12-29,3865.1372902986573
TXN_006734,1333,2022-06-20,2876.7066763035496
TXN_006735,1949,2022-04-11,3835.686850472296
TXN_006736,1229,2023-02-18,4601.627801711213
TXN_006737,1392,2023-07-26,1741.9712494982234
TXN_006738,2331,2022-11-19,2897.4665518686493
TXN_006739,2354,2022-01-29,3958.666267298831
TXN_006740,1778,2023-10-27,4935.166100325958
TXN_006741,2383,2023-08-01,3101.6237539089148
TXN_006742,2206,2024-01-21,3634.0172607029635
TXN_006743,1386,2022-01-05,4247.090780711922
TXN_006744,1108,2023-09-28,3781.278440712563
TXN_006745,1338,2023-08-30,4717.426893695673
TXN_006746,2223,2023-06-01,1225.5755939344876
TXN_006747,2204,2022-03-26,4548.199299563063
TXN_006748,1564,2022-08-28,1114.818156768261
TXN_006749,2460,2022-02-18,2869.127044371031
TXN_006750,1832,2022-01-26,2662.192750833163
TXN_006751,2063,2023-02-18,4173.525361110338
TXN_006752,1221,2022-04-08,2052.881393825245
TXN_006753,1296,2023-02-16,801.5960190391298
TXN_006754,2052,2022-09-27,3563.2988518938027
TXN_006755,1926,2022-10-01,3072.4967951877907
TXN_006756,2225,2022-11-09,4152.63441361863
TXN_006757,1994,2022-08-24,3817.290721846019
TXN_006758,1988,2022-07-28,4484.643548471599
TXN_006759,1484,2022-01-25,4211.676155066256
TXN_006760,1129,2023-10-07,3461.5779048591135
TXN_006761,1047,2022-06-30,2381.965985623445
TXN_006762,1826,2023-08-20,199.78520094072923
TXN_006763,2439,2022-09-03,1607.20871643162
TXN_006764,1599,2023-07-05,3664.8594590050593
TXN_006765,1769,2024-02-02,391.56483418115954
TXN_006766,1570,2023-03-17,3807.3138283005137
TXN_006767,1456,2023-09-18,2630.279393813237
TXN_006768,2072,2023-04-13,4352.150503386069
TXN_006769,1727,2024-02-18,3333.0986929621477
TXN_006770,2099,2023-09-06,4012.3651032891535
TXN_006771,2271,2024-01-09,940.3736241505782
TXN_006772,1289,2024-02-05,947.2794059130019
TXN_006773,1534,2022-08-15,1134.3464971468163
TXN_006774,1435,2024-01-31,1733.2276588196507
TXN_006775,1827,2022-10-08,4531.69530713339
TXN_006776,2406,2023-11-01,3894.106610102925
TXN_006777,2119,2023-05-29,1886.750736311478
TXN_006778,1250,2022-07-31,4600.556829117833
TXN_006779,1240,2022-02-05,3916.7370390773285
TXN_006780,1923,2023-07-03,3314.6814178037707
TXN_006781,1304,2024-02-09,2239.1770786610487
TXN_006782,1556,2022-08-28,3293.133529604972
TXN_006783,2017,2022-12-30,3006.8224000858463
TXN_006784,1990,2023-03-07,3931.1430055002947
TXN_006785,2463,2022-04-01,1205.339704827003
TXN_006786,1131,2023-08-31,4439.331073707691
TXN_006787,2425,2022-07-06,3000.16285736507
TXN_006788,2006,2022-09-17,4053.116939353565
TXN_006789,1375,2024-01-01,1801.783572342799
TXN_006790,1686,2022-12-16,2020.3797970862315
TXN_006791,1370,2023-12-08,4692.7119090151855
TXN_006792,2435,2022-02-15,3147.579952953162
TXN_006793,1154,2023-07-31,1656.9123832969397
TXN_006794,1244,2022-08-15,502.572147024111
TXN_006795,1541,2023-07-22,2228.3288425545643
TXN_006796,1681,2023-12-17,4260.5058305480325
TXN_006797,2098,2023-07-01,1332.0158505579293
TXN_006798,2229,2022-04-29,4315.406477378405
TXN_006799,1896,2022-08-26,892.07002599792
TXN_006800,2451,2022-04-11,736.6691579621797
TXN_006801,1870,2024-03-01,3067.891206498892
TXN_006802,2444,2024-01-07,4042.7257971866684
TXN_006803,1672,2022-11-30,3922.259326158124
TXN_006804,2172,2023-05-22,2763.6824612019327
TXN_006805,1087,2023-07-10,3229.5894911514265
TXN_006806,2191,2022-01-01,1365.1765245191905
TXN_006807,2212,2024-01-01,2800.982462346234
TXN_006808,2137,2023-12-29,1117.737373496887
TXN_006809,1012,2022-05-20,4648.956675631112
TXN_006810,1880,2022-10-03,3422.478004901089
TXN_006811,1993,2023-01-02,2866.755677971243
TXN_006812,2180,2023-09-16,1310.9972097028242
TXN_006813,2204,2024-01-25,2103.9931152165873
TXN_006814,1319,2023-06-02,3923.062032279264
TXN_006815,1291,2022-10-04,1273.1008790761155
TXN_006816,1622,2023-09-07,731.4002697670576
TXN_006817,1772,2022-10-28,1606.0328374019282
TXN_006818,1839,2022-03-11,3992.911563091547
TXN_006819,1923,2023-03-04,4427.268809500511
TXN_006820,2456,2022-07-06,2130.3803261688518
TXN_006821,2192,2022-06-07,3928.1627430015437
TXN_006822,1401,2023-10-12,1727.8977539600771
TXN_006823,1157,2022-11-27,2593.0738391861223
TXN_006824,1383,2022-09-14,198.90388549435744
TXN_006825,1397,2023-02-13,3588.7797890525485
TXN_006826,1055,2023-04-09,3621.6836020423234
TXN_006827,2096,2022-03-24,590.9982590350996
TXN_006828,1969,2023-08-09,1858.1452012802436
TXN_006829,1759,2022-01-14,2469.3787146445743
TXN_006830,1472,2022-05-11,3893.121589665751
TXN_006831,2203,2022-07-15,4135.672005961853
TXN_006832,1193,2023-11-11,3623.8776868821265
TXN_006833,1796,2022-07-31,1157.650064024752
TXN_006834,2407,2022-07-26,1846.0695613185912
TXN_006835,1759,2022-05-15,1311.7840673826277
TXN_006836,2252,2022-04-18,3222.2080147278803
TXN_006837,1794,2024-02-10,3272.0129365892394
TXN_006838,1835,2023-09-23,179.22888117963453
TXN_006839,1674,2024-01-01,3685.385234517101
TXN_006840,1265,2022-06-14,1224.6013801251388
TXN_006841,1793,2022-06-03,4026.7418290070627
TXN_006842,2094,2022-12-13,4180.791423004264
TXN_006843,1090,2022-01-25,4005.182644696089
TXN_006844,2099,2023-07-09,2099.753793039722
TXN_006845,1444,2023-09-19,1806.6810340422576
TXN_006846,2220,2022-12-16,2232.0933147833757
TXN_006847,2207,2023-07-10,2683.459673232797
TXN_006848,1076,2023-12-25,1324.6076344989183
TXN_006849,2471,2023-03-31,4665.018328029775
TXN_006850,2320,2024-03-07,2569.9183044916813
TXN_006851,2411,2024-01-20,458.66532751189993
TXN_006852,1321,2024-01-08,4986.290244863293
TXN_006853,1420,2022-08-06,2472.109797887694
TXN_006854,1545,2022-09-03,4740.245460453366
TXN_006855,2329,2022-11-09,2012.390217087045
TXN_006856,1345,2023-10-11,1201.3279327680675
TXN_006857,1714,2024-02-29,3710.712539604298
TXN_006858,1724,2023-04-05,2219.2221362237656
TXN_006859,1649,2023-08-05,4419.147226165502
TXN_006860,2284,2023-06-02,2376.0063590464015
TXN_006861,2369,2023-10-29,1757.869236999996
TXN_006862,1658,2022-09-13,4836.722002203532
TXN_006863,1148,2023-09-26,4168.835614463831
TXN_006864,1417,2023-09-22,1107.436606104192
TXN_006865,2052,2023-04-12,2495.390596782094
TXN_006866,2486,2024-03-30,655.2513023702904
TXN_006867,1765,2023-05-21,627.9482408629209
TXN_006868,2212,2022-07-28,4281.660337659317
TXN_006869,1064,2023-02-11,4665.946455774225
TXN_006870,2482,2022-03-22,3720.2800831267186
TXN_006871,1675,2022-11-26,4947.259836488939
TXN_006872,1223,2022-04-17,321.8663190330701
TXN_006873,1475,2023-10-10,1724.3961465755524
TXN_006874,1325,2023-03-14,747.40912030749
TXN_006875,2215,2022-01-14,3931.890665945781
TXN_006876,1087,2023-06-27,4463.023821809198
TXN_006877,2481,2023-11-22,2290.8808427025756
TXN_006878,1157,2023-02-06,4163.103619478286
TXN_006879,2296,2023-05-25,4253.3459115321675
TXN_006880,1939,2023-03-07,784.483260700819
TXN_006881,2355,2022-04-04,1947.2295930764215
TXN_006882,1281,2022-03-23,1021.3383329260025
TXN_006883,1656,2023-11-23,3383.2497084658958
TXN_006884,1162,2022-09-06,1997.9223641169579
TXN_006885,2197,2022-08-29,3372.0965918633024
TXN_006886,2131,2022-06-14,4391.793761325266
TXN_006887,1900,2023-04-18,2122.486484204017
TXN_006888,2324,2022-10-13,4862.426417260965
TXN_006889,1330,2022-01-30,2102.208962898703
TXN_006890,1143,2023-04-04,1147.2998102330607
TXN_006891,2081,2022-10-31,2693.436874057841
TXN_006892,2321,2023-11-10,2055.2888155631504
TXN_006893,2211,2024-03-05,712.5073901517256
TXN_006894,1439,2023-12-15,213.6405235393419
TXN_006895,1487,2023-08-29,3745.620445576919
TXN_006896,2413,2023-04-04,4671.011484947951
TXN_006897,2043,2022-01-15,2258.3251445419396
TXN_006898,2235,2022-10-27,420.4946790163843
TXN_006899,1535,2023-02-11,3729.151235661399
TXN_006900,1962,2022-02-17,4348.652634419294
TXN_006901,1727,2023-10-25,1685.9001221717174
TXN_006902,1649,2022-04-24,1187.8748372673983
TXN_006903,1664,2023-03-31,1751.577336139014
TXN_006904,2243,2023-06-10,4550.744730789065
TXN_006905,1977,2022-12-14,2148.0095288343628
TXN_006906,1873,2022-06-20,3305.37385774032
TXN_006907,1172,2023-03-05,464.3399764868998
TXN_006908,1973,2023-02-10,1479.5406515587233
TXN_006909,1000,2023-01-15,1217.3267989406786
TXN_006910,2491,2022-03-02,406.8587822418118
TXN_006911,2048,2023-06-14,691.0008147164838
TXN_006912,2227,2024-01-12,2141.36127092927
TXN_006913,1879,2023-08-21,2834.2237613674447
TXN_006914,2224,2022-07-20,1628.4023347933148
TXN_006915,1937,2023-10-20,2155.558207039074
TXN_006916,2214,2022-02-26,3821.513656256129
TXN_006917,1872,2022-03-26,1311.2154650962775
TXN_006918,1408,2024-02-22,267.1996849497889
TXN_006919,2327,2023-12-14,1359.245207147133
TXN_006920,1743,2022-04-16,4614.866453222366
TXN_006921,1577,2023-10-04,188.32364240748748
TXN_006922,1081,2022-01-14,731.8042827707803
TXN_006923,1602,2023-06-17,418.89499096544614
TXN_006924,1546,2022-02-14,1946.9420789146354
TXN_006925,2285,2023-06-30,3273.964584520353
TXN_006926,1176,2023-01-08,4560.686399595256
TXN_006927,1655,2022-03-12,3990.926749824388
TXN_006928,2238,2024-02-03,1328.4589741435389
TXN_006929,1987,2022-08-19,3210.715720078279
TXN_006930,1140,2023-06-08,3352.8386558847824
TXN_006931,1267,2022-05-03,543.5111131617662
TXN_006932,1138,2024-02-14,2192.9578027839857
TXN_006933,2070,2022-03-10,1625.1246922079604
TXN_006934,2083,2022-04-21,869.8582723243632
TXN_006935,1560,2022-09-03,387.4910897004277
TXN_006936,2084,2023-01-08,232.96528807814644
TXN_006937,2118,2022-04-08,4307.770381628263
TXN_006938,2498,2024-03-03,1720.1480192379645
TXN_006939,1730,2022-11-18,2516.063485521475
TXN_006940,1039,2024-03-29,1528.9983056206106
TXN_006941,2369,2023-12-14,912.6937293375859
TXN_006942,2350,2023-11-05,1380.3716465557548
TXN_006943,1436,2023-05-24,932.93186761752
TXN_006944,1405,2023-01-11,3813.5999534568896
TXN_006945,1743,2023-11-03,4546.817192324645
TXN_006946,2234,2022-05-20,2229.058033089188
TXN_006947,1037,2024-02-04,4132.329191290038
TXN_006948,1467,2023-01-16,2186.355858594984
TXN_006949,1316,2023-02-07,2289.2308207301458
TXN_006950,2234,2022-10-30,2477.0667988254995
TXN_006951,2106,2022-06-15,4119.157976436107
TXN_006952,2379,2024-01-31,4687.991070997646
TXN_006953,1629,2022-09-23,3747.771247064678
TXN_006954,1814,2022-12-21,4453.3721939655525
TXN_006955,1538,2023-07-07,3249.3557878230727
TXN_006956,1208,2022-02-24,4212.361110717887
TXN_006957,2299,2022-08-17,2828.4360106139666
TXN_006958,1491,2022-08-12,3886.2584686391174
TXN_006959,1297,2024-01-30,3555.7324666159348
TXN_006960,1583,2022-07-18,3771.3839863654302
TXN_006961,1057,2023-09-19,1248.4456068954155
TXN_006962,2319,2022-09-10,853.3799372103375
TXN_006963,2482,2023-12-15,3299.8446643839293
TXN_006964,1395,2023-07-09,2466.1475203646773
TXN_006965,2397,2023-11-09,3846.834303626962
TXN_006966,2085,2022-06-04,817.871222688373
TXN_006967,2469,2024-03-10,4743.693830740993
TXN_006968,1086,2023-09-19,3549.781877914122
TXN_006969,1610,2023-11-19,212.64634550333892
TXN_006970,2422,2024-03-04,2925.0158739105755
TXN_006971,2147,2023-07-24,1631.8378958925337
TXN_006972,1645,2022-11-28,1445.9128696563203
TXN_006973,1282,2023-02-12,4520.606909441522
TXN_006974,1513,2023-05-19,4196.148202350129
TXN_006975,1901,2023-11-25,146.8126588762764
TXN_006976,1828,2023-09-18,990.1899101841568
TXN_006977,1156,2023-11-17,3625.706005511236
TXN_006978,1225,2023-03-18,4256.1340808147625
TXN_006979,1832,2022-09-13,3616.258499556545
TXN_006980,2417,2023-02-20,2673.9899890551633
TXN_006981,1265,2023-02-04,4924.428123246041
TXN_006982,2289,2022-03-31,4006.670209016515
TXN_006983,2311,2022-05-21,2392.84874959459
TXN_006984,2315,2022-01-06,2959.034781880592
TXN_006985,2343,2024-01-12,319.6131514888898
TXN_006986,1472,2022-12-06,4827.203166954599
TXN_006987,1398,2022-08-07,1877.4198737450533
TXN_006988,2096,2023-08-02,3341.443236266129
TXN_006989,1527,2023-10-26,3368.056105454801
TXN_006990,2106,2022-09-28,379.01596035780074
TXN_006991,1173,2024-01-08,1402.6790839514622
TXN_006992,1889,2022-03-04,3315.3410579766555
TXN_006993,2451,2024-03-28,4569.571830244723
TXN_006994,1290,2023-06-17,3915.30187021441
TXN_006995,1380,2023-05-28,2942.678275807035
TXN_006996,1562,2022-09-12,1239.174600998092
TXN_006997,2386,2024-01-07,4749.32846952325
TXN_006998,1185,2022-05-06,2077.9750706553814
TXN_006999,2028,2024-02-18,834.5345492371903
TXN_007000,2285,2023-03-27,206.03043914036152
TXN_007001,1178,2023-02-10,4755.739687520387
TXN_007002,2165,2023-12-15,3911.7854002683757
TXN_007003,2291,2023-09-12,1160.2831648796655
TXN_007004,1625,2022-12-24,794.7073023129373
TXN_007005,1469,2022-03-29,4801.441610163219
TXN_007006,2004,2023-01-26,1279.8782565772524
TXN_007007,2000,2023-01-04,2363.4910789704127
TXN_007008,2091,2023-11-20,3093.1822879336064
TXN_007009,1106,2023-10-03,405.6640168473526
TXN_007010,1570,2023-03-23,1787.7229028811114
TXN_007011,2460,2022-11-16,4723.836850489441
TXN_007012,2054,2022-09-30,3531.7035096235777
TXN_007013,1520,2023-10-13,1902.1476455007796
TXN_007014,1654,2023-09-29,3979.4779788094675
TXN_007015,1041,2023-06-06,4202.2153839079765
TXN_007016,2210,2023-08-01,843.7188217287104
TXN_007017,1596,2024-03-10,2974.3127047852777
TXN_007018,1863,2022-01-16,1897.0975425196286
TXN_007019,1847,2023-01-03,2583.6290608720283
TXN_007020,2324,2022-09-08,2398.408570704153
TXN_007021,1260,2024-03-04,2568.737732562797
TXN_007022,1670,2022-12-26,2657.545382994152
TXN_007023,1695,2022-08-19,439.35644970042785
TXN_007024,2280,2022-09-10,970.7022932485902
TXN_007025,1828,2023-09-04,2874.3681049952293
TXN_007026,2090,2023-08-29,4686.570835650576
TXN_007027,1219,2023-01-28,3757.927593526839
TXN_007028,2346,2023-06-01,1269.3515011141271
TXN_007029,1863,2023-06-03,1872.4185950694928
TXN_007030,2082,2023-04-29,1743.3625163828756
TXN_007031,2201,2022-03-06,3870.631708611477
TXN_007032,1460,2022-08-07,4863.7644863984215
TXN_007033,1289,2024-02-19,1841.4883626978794
TXN_007034,2135,2022-07-27,172.3274099396374
TXN_007035,2347,2022-06-25,4690.724014759492
TXN_007036,1181,2023-12-13,3790.817944576586
TXN_007037,1465,2024-03-03,4188.342890037966
TXN_007038,1223,2023-03-01,1122.5357062086873
TXN_007039,1397,2022-01-10,3263.720607520893
TXN_007040,2183,2024-02-05,1240.2726189761709
TXN_007041,1453,2023-11-11,156.92478069507422
TXN_007042,1362,2022-10-16,869.6255386298778
TXN_007043,1775,2023-09-07,4621.754527160069
TXN_007044,1674,2022-01-16,1155.066870093086
TXN_007045,1002,2022-11-24,2967.196533261733
TXN_007046,1592,2023-06-29,4843.2648000259815
TXN_007047,1690,2023-07-01,470.862987723515
TXN_007048,2383,2022-07-02,4058.8920050813663
TXN_007049,1848,2022-04-12,3028.028911053833
TXN_007050,2338,2022-11-28,1684.659087449009
TXN_007051,1605,2022-03-20,1884.847311521906
TXN_007052,1728,2022-01-17,233.1954693146609
TXN_007053,1021,2024-03-05,1353.5926615583653
TXN_007054,1420,2023-01-05,2174.662671455504
TXN_007055,2149,2022-01-21,3612.8764906710085
TXN_007056,2428,2023-02-09,1446.4143638134224
TXN_007057,1267,2022-01-17,2943.519438537043
TXN_007058,1614,2023-08-11,3685.270309663724
TXN_007059,1567,2023-03-08,3522.801343436926
TXN_007060,1738,2023-07-10,2992.4284188009105
TXN_007061,2129,2023-02-24,2942.937648963577
TXN_007062,1655,2022-01-28,3633.933437104687
TXN_007063,1544,2022-01-25,1744.007634074359
TXN_007064,1170,2022-07-20,2306.0530221032027
TXN_007065,1304,2022-10-30,4834.217613414974
TXN_007066,1333,2023-09-05,3376.149082357289
TXN_007067,2041,2022-10-06,2647.4717647794587
TXN_007068,1399,2022-03-16,2933.7292055477787
TXN_007069,2191,2024-03-28,611.7010519603559
TXN_007070,1962,2022-03-06,3000.7449033663042
TXN_007071,1874,2022-09-12,4198.844945856682
TXN_007072,1957,2022-09-29,2665.716876533873
TXN_007073,1857,2023-09-28,966.7989991923761
TXN_007074,1334,2023-07-16,2296.2285709418898
TXN_007075,2178,2023-06-09,1462.3164709689397
TXN_007076,1751,2022-12-02,1862.7300981097785
TXN_007077,1629,2024-01-28,1202.5440964457187
TXN_007078,1375,2022-07-27,1736.1653984288675
TXN_007079,1080,2022-02-04,4126.3217643419175
TXN_007080,1909,2022-04-24,3812.760206278276
TXN_007081,1449,2022-02-01,2503.641665656354
TXN_007082,2022,2024-02-04,3934.2589936299432
TXN_007083,1922,2024-01-30,4880.269401490672
TXN_007084,2333,2022-06-05,2090.108082214019
TXN_007085,1679,2023-05-19,4901.9372358479395
TXN_007086,1684,2022-12-19,1304.9401328390359
TXN_007087,2378,2022-10-30,4777.235308951268
TXN_007088,2347,2022-04-28,4335.725563404391
TXN_007089,1729,2022-02-04,1075.741701374538
TXN_007090,2251,2022-11-16,1814.2331647549145
TXN_007091,1963,2022-08-06,3568.813318478665
TXN_007092,1190,2022-09-25,1038.943307700289
TXN_007093,1972,2023-11-24,2994.462014003073
TXN_007094,2013,2022-02-13,2720.554932122608
TXN_007095,1679,2022-06-23,1530.183001640925
TXN_007096,2320,2024-02-18,1572.613854648933
TXN_007097,1188,2022-07-17,2629.9105259396742
TXN_007098,2216,2022-10-29,1569.2620680083724
TXN_007099,1512,2022-04-09,983.2480082739703
TXN_007100,2032,2023-02-09,3889.4576149997515
TXN_007101,1586,2023-12-23,2950.6318261412057
TXN_007102,1847,2023-12-13,2244.4165986814173
TXN_007103,1860,2024-03-30,988.1131654186186
TXN_007104,1995,2022-10-31,3012.3908410557915
TXN_007105,1142,2022-05-27,3180.172289700297
TXN_007106,1486,2023-12-25,2450.8025436760367
TXN_007107,1193,2023-01-23,1926.4231221861414
TXN_007108,1521,2023-06-28,4349.508987248269
TXN_007109,2456,2022-12-12,3553.568055464694
TXN_007110,2162,2022-06-05,1845.2400218474238
TXN_007111,2053,2023-08-11,3006.1432002726697
TXN_007112,2302,2023-03-18,1245.282562385209
TXN_007113,1789,2022-07-21,156.20283314574175
TXN_007114,2065,2024-01-09,4357.351791284558
TXN_007115,2251,2024-03-11,4112.556236112085
TXN_007116,1416,2022-05-22,3233.075659957585
TXN_007117,2224,2022-04-14,4075.4367985443346
TXN_007118,2344,2022-08-03,3926.0307834244545
TXN_007119,1689,2022-11-05,4315.255528042439
TXN_007120,1367,2022-04-18,4470.133723584834
TXN_007121,1597,2023-04-05,4112.135895142199
TXN_007122,1559,2024-03-20,4273.56868568066
TXN_007123,1804,2024-03-14,2558.3093982285495
TXN_007124,1717,2023-06-21,3569.2364384531984
TXN_007125,1858,2022-08-17,1732.9085644005434
TXN_007126,2349,2023-09-19,4319.546185616973
TXN_007127,1822,2022-07-27,4307.094117514816
TXN_007128,1309,2023-12-03,424.0981471570531
TXN_007129,1702,2023-12-28,1800.3972519846466
TXN_007130,2384,2023-06-05,940.0795352377754
TXN_007131,1527,2023-09-11,765.4196851356276
TXN_007132,1639,2024-01-09,2132.9745917110345
TXN_007133,2326,2024-01-03,3165.7408461372347
TXN_007134,1696,2023-12-19,1784.2563819818993
TXN_007135,1604,2023-02-09,1615.153349394957
TXN_007136,2302,2022-06-30,562.8422013165484
TXN_007137,1652,2023-10-03,1976.3069670432947
TXN_007138,1320,2024-03-09,2407.7907635542883
TXN_007139,1303,2023-11-16,2053.6593582716923
TXN_007140,1518,2022-06-05,3432.413179955624
TXN_007141,1926,2023-01-22,1511.974839054975
TXN_007142,1940,2022-04-12,3608.608987392135
TXN_007143,2079,2022-04-26,4425.569597142513
TXN_007144,1191,2023-04-16,2997.0774649755404
TXN_007145,1021,2023-11-11,2004.5205205645996
TXN_007146,1830,2022-01-04,980.4951329519259
TXN_007147,1079,2022-07-17,4668.8762631381705
TXN_007148,2307,2022-07-23,3784.092512135994
TXN_007149,1427,2023-01-31,1307.5614624576206
TXN_007150,1102,2023-01-13,838.1104496545953
TXN_007151,1728,2023-07-28,341.62004320244444
TXN_007152,1141,2023-08-06,1033.70958979518
TXN_007153,2009,2023-08-27,3688.6385788471753
TXN_007154,1402,2023-04-19,3184.7145996677086
TXN_007155,1955,2023-11-19,4840.439589882335
TXN_007156,1769,2023-01-26,1677.65769177873
TXN_007157,1818,2023-11-28,3954.3409419780864
TXN_007158,1739,2023-07-22,690.2488771476709
TXN_007159,1161,2023-08-02,2856.6552189013873
TXN_007160,1593,2023-03-12,2387.274783371915
TXN_007161,1215,2022-03-04,4207.177302856158
TXN_007162,1562,2023-07-07,3537.8558356634453
TXN_007163,1914,2024-01-13,1052.1453630828125
TXN_007164,1250,2023-10-25,4921.033874573562
TXN_007165,1724,2022-06-24,4133.402396898462
TXN_007166,2433,2024-01-08,1837.6889049086838
TXN_007167,1674,2023-09-01,4147.548248443693
TXN_007168,2342,2024-01-10,4788.862148119609
TXN_007169,1387,2022-02-05,4462.3815034668905
TXN_007170,1084,2022-01-14,2825.4289645019103
TXN_007171,1514,2022-06-14,2928.0243567950433
TXN_007172,1004,2022-06-30,622.3340189480182
TXN_007173,1234,2023-02-16,907.0619826794796
TXN_007174,2436,2022-07-12,4914.7823290110755
TXN_007175,1374,2022-10-30,3871.9718386086734
TXN_007176,1274,2023-12-12,224.98431325284758
TXN_007177,2394,2022-09-03,2782.9597115793495
TXN_007178,1912,2023-02-12,1791.9546309093748
TXN_007179,1923,2022-01-14,1626.413449458702
TXN_007180,1840,2023-03-07,2827.3585909266
TXN_007181,2417,2022-03-20,1668.7389855260287
TXN_007182,1660,2022-01-01,1332.6172705280528
TXN_007183,1627,2024-02-26,4695.297943444751
TXN_007184,1003,2023-10-09,295.3003047972451
TXN_007185,1533,2023-04-11,2237.2379154576847
TXN_007186,1405,2023-05-26,2604.811918984989
TXN_007187,2436,2023-05-10,2255.763762540177
TXN_007188,2212,2022-04-25,3320.531066517142
TXN_007189,1316,2023-07-30,225.81249269788327
TXN_007190,1538,2022-10-01,4436.492364220124
TXN_007191,2454,2023-03-23,2551.0399623285516
TXN_007192,1339,2023-12-09,2813.0048137316876
TXN_007193,1518,2022-11-02,2367.5783170233954
TXN_007194,2453,2022-11-20,2278.0917550973113
TXN_007195,1923,2023-08-26,1014.8270867045309
TXN_007196,2450,2024-02-23,2571.5379845715247
TXN_007197,1690,2023-02-02,2164.601446955936
TXN_007198,1971,2023-08-13,2393.785301279508
TXN_007199,1972,2023-01-26,167.77131547862106
TXN_007200,1614,2024-01-19,741.3780626808455
TXN_007201,2323,2022-11-08,3839.539386689176
TXN_007202,2077,2022-01-14,2153.6095155571575
TXN_007203,2185,2022-06-19,3740.2443471491442
TXN_007204,2472,2022-04-19,938.4451793554906
TXN_007205,1856,2022-02-12,3521.230495843271
TXN_007206,1210,2022-12-24,1516.6470755819591
TXN_007207,1446,2023-04-20,3555.0959788256055
TXN_007208,1069,2022-03-16,525.2403745487793
TXN_007209,2324,2022-11-03,1734.8432030798606
TXN_007210,2091,2024-01-23,684.8464307015142
TXN_007211,1281,2023-05-20,3185.256618199358
TXN_007212,2177,2022-03-21,2023.7305377605385
TXN_007213,1461,2023-11-15,463.9569403688878
TXN_007214,2247,2023-05-09,2679.193180289829
TXN_007215,1367,2022-09-16,221.99529910048366
TXN_007216,2212,2023-05-19,4110.540559300245
TXN_007217,1385,2022-11-24,4697.896877636121
TXN_007218,1040,2023-09-18,4069.346868798599
TXN_007219,1684,2022-04-21,4762.378592285981
TXN_007220,1980,2023-05-29,4495.847345002079
TXN_007221,1781,2023-06-25,4485.158966162433
TXN_007222,1676,2024-02-23,1302.6566318494163
TXN_007223,1516,2022-09-04,1232.7272671101853
TXN_007224,2153,2022-08-09,4066.173232380816
TXN_007225,1687,2023-08-30,2507.7848955156787
TXN_007226,2045,2024-01-16,4717.33150712528
TXN_007227,1040,2022-11-11,4496.5677103663265
TXN_007228,1152,2023-01-30,4476.573420356855
TXN_007229,1557,2024-01-25,1697.9866870286085
TXN_007230,2373,2023-04-25,751.220920377304
TXN_007231,2032,2022-01-24,3421.925045539811
TXN_007232,2070,2023-11-03,2258.8263447390177
TXN_007233,1329,2023-11-25,4676.318106326494
TXN_007234,1752,2022-08-29,4283.923345141675
TXN_007235,1002,2023-11-27,4651.262280750734
TXN_007236,1775,2022-12-18,2882.54468281373
TXN_007237,2432,2022-12-19,2678.5159650362107
TXN_007238,2059,2022-12-16,4250.709462321038
TXN_007239,1810,2022-04-04,2608.26116289962
TXN_007240,1242,2022-11-23,4510.141329037099
TXN_007241,2457,2023-12-21,268.69898959796694
TXN_007242,2441,2022-02-22,1858.0685099474656
TXN_007243,1218,2023-01-05,4190.684830190439
TXN_007244,1200,2022-04-04,1128.7580511665972
TXN_007245,1393,2023-09-02,2054.9381365824065
TXN_007246,1600,2023-03-21,149.20874245038814
TXN_007247,1268,2023-09-22,1578.4187513194847
TXN_007248,1835,2022-10-17,1661.3261058772412
TXN_007249,1123,2022-12-24,3689.474430356595
TXN_007250,1399,2022-03-02,3418.929420532633
TXN_007251,1907,2023-04-24,2280.2914167248346
TXN_007252,1280,2022-09-09,3669.6654672321642
TXN_007253,2007,2024-01-30,2198.8412970449135
TXN_007254,1766,2024-02-15,2229.592810089092
TXN_007255,1432,2023-07-20,3263.216518809584
TXN_007256,1399,2022-06-30,3642.1271727308576
TXN_007257,1870,2022-05-28,4249.831161602787
TXN_007258,2025,2022-02-15,3781.8724195043055
TXN_007259,1328,2022-04-28,3384.544200221068
TXN_007260,1634,2022-04-03,2851.2397054747375
TXN_007261,1382,2023-06-27,1609.7322237237954
TXN_007262,1077,2022-08-01,1379.3108129444063
TXN_007263,1331,2022-06-03,4231.929906474426
TXN_007264,1162,2023-04-24,3614.9868323723213
TXN_007265,1149,2023-03-23,3360.518189589181
TXN_007266,1559,2022-10-05,1368.303272690803
TXN_007267,1625,2022-11-09,4852.008216601682
TXN_007268,1575,2023-03-17,498.43380705800837
TXN_007269,1962,2023-09-08,4207.440435089691
TXN_007270,1149,2022-06-03,1132.8230306112262
TXN_007271,2070,2024-02-24,2022.0885109040796
TXN_007272,1361,2022-06-04,2196.6092698666375
TXN_007273,1373,2023-07-22,3347.2361287942736
TXN_007274,1770,2024-03-02,2778.645575981685
TXN_007275,1094,2023-06-21,1011.8115201153058
TXN_007276,2124,2024-02-17,247.08078448988655
TXN_007277,2413,2024-03-14,3614.3455476035138
TXN_007278,1953,2024-01-16,2574.122542997135
TXN_007279,1081,2023-12-23,1872.7506389487428
TXN_007280,1632,2023-09-29,1494.2425332807347
TXN_007281,1902,2023-11-16,4132.917152318516
TXN_007282,1995,2023-09-22,3998.1032099318945
TXN_007283,1412,2023-02-05,4147.646580460656
TXN_007284,1002,2022-11-10,1173.6142452930317
TXN_007285,1012,2023-08-18,4274.603589010339
TXN_007286,1163,2023-08-17,4929.145938480592
TXN_007287,1616,2022-01-23,3035.8481739565527
TXN_007288,2368,2023-10-10,331.1381122672275
TXN_007289,1165,2022-11-02,3541.1003079396496
TXN_007290,2098,2023-02-04,2736.7237104031274
TXN_007291,1059,2023-08-24,3589.031808404114
TXN_007292,1381,2024-03-21,1022.3534586075906
TXN_007293,2096,2022-12-18,3068.4142612970577
TXN_007294,1789,2022-07-30,2742.052284228896
TXN_007295,1660,2023-08-17,3052.204723605299
TXN_007296,2146,2022-04-06,3665.9626827715542
TXN_007297,1466,2023-07-12,2766.662189531011
TXN_007298,2312,2023-03-09,1676.8711832108406
TXN_007299,1515,2022-12-26,1614.1186706413298
TXN_007300,1480,2024-02-22,3505.761955900132
TXN_007301,1236,2022-02-18,3352.874595448521
TXN_007302,1719,2023-10-23,2167.813254402872
TXN_007303,1171,2023-08-10,1832.3412389483208
TXN_007304,2408,2022-08-09,3138.6263867474095
TXN_007305,2469,2024-01-06,1629.5874871886692
TXN_007306,1206,2022-01-06,4819.996444985679
TXN_007307,2173,2022-02-24,3022.7300853871207
TXN_007308,1570,2022-01-15,3000.518872367956
TXN_007309,1804,2023-06-07,768.0334973326453
TXN_007310,2174,2023-01-18,3087.2748644309254
TXN_007311,1112,2022-06-16,1545.1331183877169
TXN_007312,2255,2023-01-11,2313.964120869971
TXN_007313,1487,2022-03-15,2737.1770116677203
TXN_007314,1382,2024-03-29,2441.962877067026
TXN_007315,1957,2023-11-08,4066.0269309699115
TXN_007316,2397,2022-07-04,587.3703118022815
TXN_007317,1697,2022-03-29,919.9114913306655
TXN_007318,2270,2024-01-25,869.2511263453363
TXN_007319,2163,2022-12-22,4102.483522233833
TXN_007320,1623,2022-03-06,679.2989860749751
TXN_007321,2425,2022-09-30,4860.067914319931
TXN_007322,1706,2022-07-10,4848.909923201884
TXN_007323,1124,2023-10-16,4959.90113920273
TXN_007324,1355,2022-02-07,4900.476885036005
TXN_007325,1238,2023-01-09,830.1966695071638
TXN_007326,2005,2023-10-27,3321.345030648349
TXN_007327,1512,2023-01-15,2058.4826935580177
TXN_007328,1632,2022-02-06,3685.9340414141416
TXN_007329,1600,2024-01-09,2088.997906467466
TXN_007330,2023,2022-09-09,1977.8692579287942
TXN_007331,2296,2022-05-15,4529.36051089285
TXN_007332,2200,2022-01-11,2523.2788946561045
TXN_007333,2429,2022-07-21,3724.8151378950147
TXN_007334,1113,2022-11-30,3284.5940273524698
TXN_007335,1928,2023-02-23,3322.771502232859
TXN_007336,1026,2022-08-26,1810.6763963816618
TXN_007337,2441,2023-02-24,1336.996872534014
TXN_007338,1598,2023-03-30,4438.61447998527
TXN_007339,1591,2022-11-04,220.49037052011454
TXN_007340,2485,2023-08-04,947.3353757369539
TXN_007341,1179,2022-06-19,750.6574749429349
TXN_007342,1566,2023-08-06,4751.996902639112
TXN_007343,1246,2024-02-22,124.62922653391487
TXN_007344,1316,2022-05-29,139.30927002338225
TXN_007345,2457,2023-05-16,1210.968366457536
TXN_007346,2256,2023-08-17,1467.5284999665307
TXN_007347,1958,2023-05-28,2843.140792295439
TXN_007348,1781,2023-03-28,4810.023452002186
TXN_007349,1985,2023-06-06,2378.7082386903217
TXN_007350,1889,2023-03-16,1515.0195866387949
TXN_007351,2392,2022-05-27,4103.301552168459
TXN_007352,2191,2022-10-25,1990.3323978602032
TXN_007353,2091,2023-08-29,794.5595497637513
TXN_007354,1776,2023-01-05,3993.438134785327
TXN_007355,1746,2024-03-19,111.83050410946142
TXN_007356,1344,2022-08-21,1105.0627493943157
TXN_007357,1051,2023-10-22,3212.152358218683
TXN_007358,2468,2022-05-04,602.0657469559328
TXN_007359,1804,2023-02-15,1353.5094447274953
TXN_007360,1591,2024-02-19,2027.1913347832146
TXN_007361,1692,2022-09-05,2042.4514381932247
TXN_007362,2163,2023-04-07,4866.734574697019
TXN_007363,1408,2023-01-17,3410.1739127029878
TXN_007364,1334,2022-04-08,281.4049514865985
TXN_007365,2304,2022-04-16,1184.6161861303915
TXN_007366,1404,2023-11-09,3120.5120979336343
TXN_007367,1121,2023-03-26,3595.7718593819436
TXN_007368,1646,2022-04-23,1964.9216265039777
TXN_007369,2483,2023-07-24,4297.201353727706
TXN_007370,1688,2023-04-25,4722.797152119078
TXN_007371,2062,2023-04-14,3108.905327407815
TXN_007372,1074,2023-01-01,2855.709314216787
TXN_007373,1864,2024-01-28,3778.946720132818
TXN_007374,1216,2024-02-18,3932.0145619605487
TXN_007375,2269,2022-12-05,1155.6313439706705
TXN_007376,1742,2022-06-25,2469.4922615902747
TXN_007377,1417,2022-10-23,2292.4200367090134
TXN_007378,2226,2023-09-18,4713.1872618735515
TXN_007379,1655,2022-04-04,647.6531093662846
TXN_007380,1863,2024-02-01,4723.005306413385
TXN_007381,1807,2022-12-21,2905.7132731653123
TXN_007382,1295,2022-03-09,1511.4594212039292
TXN_007383,1449,2022-05-29,4359.78297777684
TXN_007384,2251,2022-01-05,347.08193648539054
TXN_007385,1102,2022-09-03,1662.8069050150254
TXN_007386,2115,2023-11-07,3787.429409378641
TXN_007387,1789,2024-02-01,4155.689519969523
TXN_007388,2380,2023-10-09,920.7396471359133
TXN_007389,1900,2023-03-20,4714.670048815217
TXN_007390,1145,2022-07-03,363.2403279694885
TXN_007391,2290,2022-10-14,2224.4188509000414
TXN_007392,1118,2022-07-31,577.4924286228332
TXN_007393,1263,2023-06-21,578.7189739388225
TXN_007394,2299,2023-11-27,4578.103255452472
TXN_007395,2082,2022-08-05,4529.428712680834
TXN_007396,2370,2023-04-30,3114.7659324114647
TXN_007397,1988,2022-12-01,4834.814746589584
TXN_007398,1664,2023-11-05,2506.1610873761347
TXN_007399,1185,2022-06-21,3935.991996143986
TXN_007400,2138,2023-06-03,576.6199395218888
TXN_007401,1786,2023-09-07,2038.5257049088084
TXN_007402,1892,2022-11-03,2623.950428574191
TXN_007403,1361,2022-06-02,3912.9329414515446
TXN_007404,1998,2023-05-02,1738.9588456798697
TXN_007405,1235,2024-01-20,4903.648083877137
TXN_007406,2465,2023-11-13,3700.667310439984
TXN_007407,2286,2023-02-15,2711.54274976218
TXN_007408,2074,2023-02-25,1720.7481619933299
TXN_007409,1350,2022-11-07,3246.0384174142146
TXN_007410,1416,2023-05-02,3398.008881303851
TXN_007411,1842,2024-03-16,3427.9918962049046
TXN_007412,1743,2023-05-15,2972.376264852749
TXN_007413,2005,2023-07-22,2062.3725418616764
TXN_007414,1012,2022-04-02,4101.610254104353
TXN_007415,2417,2023-11-05,1365.5420166665854
TXN_007416,1880,2023-10-31,3164.3948880127873
TXN_007417,1805,2023-05-08,2411.1917784837065
TXN_007418,1212,2023-11-19,4474.904843741502
TXN_007419,1269,2022-03-13,2993.7189685675203
TXN_007420,1983,2022-03-18,4292.787499940895
TXN_007421,2063,2022-02-15,4771.250113565634
TXN_007422,1773,2024-03-15,722.4182430188872
TXN_007423,1180,2024-01-29,2820.442992873168
TXN_007424,2288,2023-05-30,4431.481356896822
TXN_007425,2016,2022-11-30,4373.161123345834
TXN_007426,1105,2024-01-06,1059.9556619645941
TXN_007427,1832,2024-01-31,2458.6982730828886
TXN_007428,1486,2022-08-03,1193.1729487561088
TXN_007429,1403,2022-03-18,4494.406586879829
TXN_007430,1389,2023-05-04,115.82378066697589
TXN_007431,1607,2022-08-19,1170.1598799978256
TXN_007432,1999,2022-02-19,2104.2665075370055
TXN_007433,1122,2023-10-23,1183.5692797913164
TXN_007434,1788,2022-04-17,4870.548494888512
TXN_007435,1036,2023-03-08,1295.7303130524674
TXN_007436,1709,2023-11-29,1875.3431951462944
TXN_007437,1766,2024-03-09,952.9510726081726
TXN_007438,1502,2023-05-13,4640.680102323631
TXN_007439,1916,2022-01-07,2115.2548873677706
TXN_007440,1596,2022-10-19,1383.0554023432605
TXN_007441,1091,2022-12-08,1305.982644580109
TXN_007442,1099,2022-10-07,2969.5183919865362
TXN_007443,1976,2023-06-20,4890.462242262511
TXN_007444,1685,2022-11-08,4873.44323248993
TXN_007445,2478,2023-12-26,4910.235757366238
TXN_007446,1393,2023-12-02,1994.551524619924
TXN_007447,1593,2023-05-06,4580.653983781242
TXN_007448,1833,2022-03-18,2277.513607223135
TXN_007449,1885,2022-05-04,2601.778352327116
TXN_007450,2004,2022-10-11,2647.5099588931826
TXN_007451,1504,2023-11-03,411.6004083133832
TXN_007452,2140,2023-04-27,967.6323667650246
TXN_007453,1789,2022-08-12,4441.859922672259
TXN_007454,1490,2024-01-28,4492.146692614844
TXN_007455,1341,2022-03-19,1089.767976259604
TXN_007456,2449,2023-08-31,1582.924422726611
TXN_007457,1469,2023-07-11,4166.064047954142
TXN_007458,1133,2022-03-10,1100.4236828876813
TXN_007459,1877,2022-04-09,4416.040656630075
TXN_007460,2203,2022-03-09,4133.636146580988
TXN_007461,1676,2022-03-19,4056.9960989572296
TXN_007462,1211,2022-05-26,4469.554709453445
TXN_007463,1584,2022-03-16,4445.911522747208
TXN_007464,2436,2023-05-29,4594.318731133377
TXN_007465,1356,2023-10-31,4409.7568739401195
TXN_007466,1452,2022-03-28,3073.919345360998
TXN_007467,2458,2024-02-01,872.8533024501103
TXN_007468,2100,2022-02-17,3084.788823448146
TXN_007469,2306,2024-02-05,4716.837141063851
TXN_007470,1536,2023-07-31,4841.607517657256
TXN_007471,1420,2022-02-11,3669.471464604207
TXN_007472,1150,2022-05-14,3499.793924878089
TXN_007473,1502,2023-08-16,4698.331694099388
TXN_007474,1887,2022-01-19,1527.2585397993337
TXN_007475,1947,2023-11-23,839.8094661915413
TXN_007476,1742,2022-04-30,1521.0036580990086
TXN_007477,1514,2022-12-01,4749.847791916695
TXN_007478,1334,2023-06-15,1140.3071082342265
TXN_007479,1583,2022-03-11,1201.2157604713868
TXN_007480,2435,2023-03-10,1045.4505803053203
TXN_007481,2278,2022-07-08,2475.5184014697397
TXN_007482,2241,2023-02-07,4002.303368253839
TXN_007483,1207,2023-08-29,1971.075439940193
TXN_007484,2313,2023-10-24,590.5928146623123
TXN_007485,1851,2023-01-22,3726.9904047872596
TXN_007486,1576,2023-09-28,3088.1636527846968
TXN_007487,2308,2022-05-13,2447.834986940888
TXN_007488,1707,2022-08-10,4824.083610781072
TXN_007489,1677,2022-03-08,2405.079512090777
TXN_007490,1231,2024-03-17,3689.3926459302547
TXN_007491,1988,2022-08-19,876.6513042715899
TXN_007492,1880,2023-10-30,2141.025425066782
TXN_007493,1603,2022-05-30,1140.1089215298457
TXN_007494,1331,2022-04-19,1805.8823304906934
TXN_007495,1811,2023-03-05,2450.612649196838
TXN_007496,1206,2023-05-10,955.0339923625659
TXN_007497,1360,2024-03-29,4034.9220635822044
TXN_007498,2374,2023-09-07,1942.4541468746854
TXN_007499,1372,2022-03-22,4493.277658200291
TXN_007500,2124,2023-09-10,3405.8175512943317
TXN_007501,1543,2024-03-29,965.3690444878214
TXN_007502,2493,2023-06-24,3245.6597162686785
TXN_007503,1130,2024-02-01,213.91340911441233
TXN_007504,1528,2024-03-08,4056.1467118245355
TXN_007505,2271,2023-05-03,4873.698902595282
TXN_007506,2398,2022-01-08,3421.011654813079
TXN_007507,2419,2023-04-20,4639.820068089897
TXN_007508,1077,2022-09-11,1544.5155643896733
TXN_007509,1040,2023-07-07,2175.5849924535196
TXN_007510,1257,2023-05-08,2180.527237338252
TXN_007511,2204,2023-10-27,648.9444022851961
TXN_007512,1289,2023-07-25,4002.5712092323915
TXN_007513,2148,2022-07-24,2525.8256652438467
TXN_007514,1623,2024-03-12,2503.0965425135337
TXN_007515,2491,2022-06-16,3375.49695908573
TXN_007516,2258,2022-11-23,937.8376169776112
TXN_007517,1713,2023-12-27,4069.764915056641
TXN_007518,1551,2022-08-13,1892.7712876683863
TXN_007519,1710,2023-03-06,490.2406018745752
TXN_007520,1960,2024-03-16,1032.5935925770375
TXN_007521,1822,2023-04-24,1338.9770442959998
TXN_007522,1073,2022-04-19,971.932522991652
TXN_007523,1004,2023-02-21,1286.9070035550997
TXN_007524,1823,2023-01-08,4979.674454924205
TXN_007525,1117,2024-01-26,2734.8613653555767
TXN_007526,1743,2022-10-05,3054.33940407318
TXN_007527,1660,2023-02-15,913.5309142322733
TXN_007528,2337,2022-07-10,315.701224944635
TXN_007529,2224,2023-10-29,1620.7182206153827
TXN_007530,1748,2022-01-21,3872.0939796078856
TXN_007531,1429,2023-11-06,2838.030935810189
TXN_007532,1666,2022-09-07,152.83779133909064
TXN_007533,1158,2023-07-13,3964.9698006886
TXN_007534,1680,2023-07-16,609.5982299144382
TXN_007535,2324,2023-01-10,2257.866463756511
TXN_007536,2443,2023-10-12,4997.420792158506
TXN_007537,2281,2023-09-15,694.6982216085024
TXN_007538,2085,2022-10-11,4093.6292321094606
TXN_007539,2015,2024-01-14,4016.119403906137
TXN_007540,1660,2024-03-15,2280.700812514764
TXN_007541,2185,2023-11-12,4942.4994302834075
TXN_007542,2109,2023-12-02,1609.0448141545542
TXN_007543,2036,2023-07-17,1647.3328609030966
TXN_007544,2298,2023-06-04,846.7337223815329
TXN_007545,1416,2024-01-11,1911.7965377054672
TXN_007546,2147,2023-03-18,1552.4283899971792
TXN_007547,1869,2024-01-15,3061.99648414959
TXN_007548,2018,2023-03-21,299.5903602702871
TXN_007549,1615,2023-02-21,1620.2672150601195
TXN_007550,2072,2023-06-15,123.06235286979789
TXN_007551,2026,2023-06-26,130.92045954024317
TXN_007552,1933,2023-04-07,4119.468125119254
TXN_007553,2022,2022-05-22,3774.097871129027
TXN_007554,1761,2024-03-14,3746.2899861652563
TXN_007555,1582,2022-04-26,1832.8108098584264
TXN_007556,1270,2022-04-17,3526.293248202242
TXN_007557,2176,2023-06-30,1357.0235963714313
TXN_007558,2340,2022-06-27,1616.066384036986
TXN_007559,1726,2022-02-01,2856.1734948411186
TXN_007560,1433,2022-10-25,3528.144283975023
TXN_007561,1521,2022-06-10,1402.061639253979
TXN_007562,1611,2024-02-21,3428.4934268937122
TXN_007563,1868,2023-02-16,4816.216314634638
TXN_007564,1945,2023-09-18,2519.79749317986
TXN_007565,1489,2023-02-27,2094.8254230199027
TXN_007566,1809,2022-04-04,1239.2466806142966
TXN_007567,1745,2023-06-27,1845.1286329680504
TXN_007568,2222,2022-06-01,2691.220480052091
TXN_007569,1435,2024-01-25,4726.12666382949
TXN_007570,1685,2023-04-07,1377.688139023405
TXN_007571,1216,2024-02-16,1234.1700253321483
TXN_007572,1039,2022-12-22,4806.870952655339
TXN_007573,1697,2023-06-20,3068.635169890627
TXN_007574,1791,2022-08-06,3702.823309153788
TXN_007575,2272,2022-12-20,4165.509076096267
TXN_007576,2108,2023-07-31,500.77252509764514
TXN_007577,1679,2023-12-28,2475.585196591255
TXN_007578,1403,2023-02-05,786.5006712238668
TXN_007579,2052,2022-04-10,3159.1377360508236
TXN_007580,1036,2023-02-25,4773.287119696915
TXN_007581,1506,2022-11-02,375.6422093055334
TXN_007582,1259,2022-09-07,1443.1129695499137
TXN_007583,2278,2023-03-05,4998.439520104322
TXN_007584,1959,2022-10-03,126.88872198505054
TXN_007585,2109,2022-11-11,783.8240123976244
TXN_007586,1633,2022-11-11,495.77930353949466
TXN_007587,1411,2022-03-31,3843.910186636227
TXN_007588,2411,2023-01-30,3779.553790555738
TXN_007589,2423,2023-03-15,3910.165591350258
TXN_007590,1421,2022-09-08,3896.7958547723215
TXN_007591,1958,2023-07-31,4192.57937197488
TXN_007592,1662,2022-08-24,3887.108016981517
TXN_007593,2356,2022-03-18,2469.37754893082
TXN_007594,2014,2023-07-24,3752.8735451981374
TXN_007595,2476,2022-04-10,3028.3208146327265
TXN_007596,1594,2024-03-22,1895.9606128096123
TXN_007597,2172,2023-04-06,4199.215739612639
TXN_007598,1169,2023-02-02,3961.3944487820713
TXN_007599,2348,2022-09-02,950.108140591631
TXN_007600,1781,2023-01-16,219.69945444816457
TXN_007601,1227,2022-02-21,1648.2767250454924
TXN_007602,2349,2022-06-11,2078.4607353596416
TXN_007603,1004,2022-07-10,954.3520389142227
TXN_007604,1151,2022-05-02,4290.118736397062
TXN_007605,1220,2023-02-15,264.5448739105975
TXN_007606,1156,2024-02-19,2469.732701718095
TXN_007607,2281,2022-10-21,371.83927863663143
TXN_007608,2029,2022-09-03,2729.5224679489957
TXN_007609,1289,2022-07-03,2371.881278498269
TXN_007610,2227,2023-03-25,3922.745753649562
TXN_007611,1277,2022-12-12,3479.407546315422
TXN_007612,2004,2022-06-17,4235.381278930882
TXN_007613,1880,2023-09-08,2767.2979504281575
TXN_007614,2157,2023-02-09,4129.941872836753
TXN_007615,2470,2023-02-20,3623.7640837492127
TXN_007616,1982,2023-08-24,3919.554275271366
TXN_007617,1994,2023-06-08,3043.317951916539
TXN_007618,1345,2023-08-24,3625.9232318014942
TXN_007619,2139,2023-10-28,2068.4033312749593
TXN_007620,1579,2022-02-05,516.4120746314464
TXN_007621,1612,2022-01-16,2141.2683689973373
TXN_007622,1673,2022-07-25,949.6619682108512
TXN_007623,1312,2023-05-09,3183.9584438566403
TXN_007624,2444,2023-11-05,1389.8875190217125
TXN_007625,1172,2023-12-13,4794.893338047482
TXN_007626,2192,2023-02-27,1428.8489615169372
TXN_007627,2126,2022-07-24,580.8502306307889
TXN_007628,1227,2022-06-06,4415.054868180225
TXN_007629,2156,2023-02-19,2130.6154677134346
TXN_007630,2234,2022-10-26,1843.3544556973218
TXN_007631,2132,2022-01-19,4438.402975173109
TXN_007632,1192,2023-05-14,3301.9282495127277
TXN_007633,2380,2022-05-18,2707.6409340157857
TXN_007634,1520,2023-07-22,1702.931169826946
TXN_007635,1425,2023-12-01,1533.2213277803774
TXN_007636,1941,2022-02-12,2939.605101352578
TXN_007637,1073,2022-10-31,2556.83367197534
TXN_007638,2119,2022-10-23,1452.41358482956
TXN_007639,2152,2022-10-17,1001.8358261981108
TXN_007640,1342,2023-01-01,4108.2466245315845
TXN_007641,1370,2023-09-17,3469.959812669178
TXN_007642,1400,2023-01-04,4967.135816935108
TXN_007643,1883,2022-05-09,2627.420519359481
TXN_007644,1221,2022-10-02,4972.500833341285
TXN_007645,1639,2022-09-14,2358.050026685593
TXN_007646,1858,2023-01-11,2721.2882225631115
TXN_007647,2358,2022-03-29,1124.6245022593937
TXN_007648,1373,2022-08-04,832.5946452722736
TXN_007649,2030,2022-12-25,4707.075523867625
TXN_007650,1736,2023-04-26,4907.956876306094
TXN_007651,2412,2022-10-11,2783.042529384707
TXN_007652,1435,2022-04-17,1434.044347937279
TXN_007653,2139,2024-03-23,4761.873812850764
TXN_007654,2126,2023-04-28,4004.064791418756
TXN_007655,1737,2022-01-24,981.0609952207171
TXN_007656,1564,2022-08-20,1561.869292403679
TXN_007657,2026,2022-02-13,120.61207185258255
TXN_007658,1543,2023-01-21,2951.812065176746
TXN_007659,2103,2023-04-26,2679.3415051211146
TXN_007660,1635,2022-03-19,903.0558392634802
TXN_007661,1848,2022-11-14,1762.7002895979526
TXN_007662,1820,2022-05-23,4702.180779402792
TXN_007663,1395,2023-12-28,3280.0685846510205
TXN_007664,1891,2023-05-31,4328.698020481549
TXN_007665,1388,2022-07-31,4207.7266891106565
TXN_007666,2283,2024-03-09,4611.231331990952
TXN_007667,2335,2023-12-12,303.54940253990526
TXN_007668,2359,2023-05-28,1386.1072444516162
TXN_007669,2233,2022-11-21,2136.3079129769103
TXN_007670,1447,2023-06-10,3236.4785172725824
TXN_007671,1044,2022-08-10,3079.820997589224
TXN_007672,1403,2023-05-01,1305.9202115985324
TXN_007673,1308,2024-03-01,1044.739332723474
TXN_007674,1226,2023-03-31,2243.317694896474
TXN_007675,1348,2022-04-18,1328.0348628274335
TXN_007676,1112,2023-05-02,4829.048070518068
TXN_007677,2053,2023-01-05,4830.7500247050075
TXN_007678,1275,2023-09-22,655.428324401627
TXN_007679,2385,2023-01-28,3554.9596084848085
TXN_007680,1725,2022-04-29,1218.3168862717184
TXN_007681,1086,2023-05-24,3615.4174740608178
TXN_007682,2459,2024-01-20,3858.8225751291816
TXN_007683,1803,2022-12-20,336.0178644580971
TXN_007684,1021,2024-02-05,3507.206809485148
TXN_007685,1384,2023-07-11,4494.305240299027
TXN_007686,2044,2023-09-30,1159.8817777925744
TXN_007687,1490,2023-10-09,666.2815619723598
TXN_007688,2490,2022-11-09,2877.44023700807
TXN_007689,2479,2022-03-05,2635.550330653478
TXN_007690,1772,2022-09-15,4440.272547860581
TXN_007691,2014,2022-01-06,2310.320897874428
TXN_007692,1887,2022-11-13,2126.3926394933414
TXN_007693,1220,2023-02-22,3598.4532996823814
TXN_007694,1590,2022-01-17,479.39711203402845
TXN_007695,1812,2022-10-09,379.5123625187742
TXN_007696,2182,2023-02-08,2574.0972157771794
TXN_007697,1142,2023-07-07,536.2547174907079
TXN_007698,1044,2023-03-18,4701.744007009724
TXN_007699,1450,2023-01-01,3305.7821130816656
TXN_007700,2259,2022-12-21,3792.8777633844734
TXN_007701,2003,2022-12-21,1221.4765429768554
TXN_007702,1681,2022-11-06,2520.729023584796
TXN_007703,2248,2023-02-17,755.8463616033492
TXN_007704,2431,2024-03-26,1095.2079813036557
TXN_007705,2317,2022-08-20,2884.223291340014
TXN_007706,2303,2023-04-06,1471.571418242688
TXN_007707,2440,2022-03-31,4593.928064776654
TXN_007708,1146,2022-05-30,4976.6905312816525
TXN_007709,1792,2023-08-07,119.24076199448743
TXN_007710,1992,2023-03-31,3819.584214826905
TXN_007711,1984,2023-01-24,665.1455485581562
TXN_007712,2494,2022-11-04,2915.6524288024634
TXN_007713,2072,2022-09-14,1219.5693851512303
TXN_007714,1016,2023-07-11,4827.88225399897
TXN_007715,1148,2023-01-09,4391.454245371571
TXN_007716,2235,2023-07-06,3017.449801509434
TXN_007717,2015,2022-07-11,962.4813379695407
TXN_007718,1716,2023-06-07,3935.1382436445906
TXN_007719,1849,2023-01-17,2649.4602968038016
TXN_007720,1917,2023-03-12,3096.659449253453
TXN_007721,2086,2022-05-15,3617.9217858119473
TXN_007722,1479,2022-06-28,2140.0268106628014
TXN_007723,1043,2022-08-09,137.9210220479631
TXN_007724,2479,2022-08-10,1884.4410406930256
TXN_007725,1874,2023-07-05,2126.768244911433
TXN_007726,1354,2023-07-10,1897.9346276992649
TXN_007727,2035,2022-11-09,4172.16904226081
TXN_007728,1355,2024-03-19,1728.5258620981206
TXN_007729,1894,2022-10-22,2140.052887935765
TXN_007730,2160,2023-10-22,401.8563625652375
TXN_007731,1473,2023-06-18,3612.6034203098297
TXN_007732,1052,2022-06-06,1155.5519409103863
TXN_007733,1112,2024-03-24,1251.5565792830978
TXN_007734,2358,2023-03-28,2975.5854063802526
TXN_007735,1814,2022-01-03,4919.411960285688
TXN_007736,2440,2022-07-20,2109.7089279922466
TXN_007737,2090,2023-01-24,1703.0719041402792
TXN_007738,1319,2022-11-19,277.41072208276057
TXN_007739,1633,2022-12-11,3958.131962891057
TXN_007740,2277,2023-02-20,1380.3085762005626
TXN_007741,1400,2022-04-07,3867.315893728995
TXN_007742,2323,2023-09-13,1483.1007248776853
TXN_007743,1004,2024-01-10,246.45590629039097
TXN_007744,2469,2024-01-24,2541.2368877099525
TXN_007745,2258,2024-03-19,4539.684387907533
TXN_007746,1446,2023-06-25,1131.8960373706348
TXN_007747,1038,2022-12-25,854.208650652493
TXN_007748,1199,2022-04-19,1005.4447370833991
TXN_007749,1020,2023-03-26,3482.355102044445
TXN_007750,2097,2023-06-07,1900.245511693037
TXN_007751,1795,2022-04-05,1354.6980635288178
TXN_007752,1148,2022-05-12,1754.7179618092991
TXN_007753,1624,2023-08-28,1614.569855777499
TXN_007754,2307,2023-07-20,2764.5077101940283
TXN_007755,1085,2022-08-30,753.3343424315552
TXN_007756,2125,2023-01-12,2592.734784391675
TXN_007757,1530,2022-07-14,1627.5666127529396
TXN_007758,1062,2022-09-15,4669.894277316211
TXN_007759,1691,2022-10-31,2166.900697162441
TXN_007760,1549,2023-05-16,590.0464746349678
TXN_007761,1813,2023-08-03,4674.683585909264
TXN_007762,1407,2024-03-22,4693.750667047813
TXN_007763,2196,2022-07-09,959.9221565896522
TXN_007764,1520,2023-10-02,4100.479942612789
TXN_007765,1532,2022-12-05,4323.510090879069
TXN_007766,1023,2022-01-19,1842.4225316811378
TXN_007767,1094,2023-11-15,881.552532831601
TXN_007768,1295,2023-02-19,4012.39821194105
TXN_007769,1969,2022-03-03,238.6998371052763
TXN_007770,2203,2022-03-08,3135.096647505116
TXN_007771,2154,2023-12-24,1775.6779667635262
TXN_007772,1532,2022-06-24,3020.5310511927246
TXN_007773,2031,2023-01-16,3965.352802359861
TXN_007774,1887,2023-06-03,4160.817253038633
TXN_007775,2224,2022-08-21,4992.489811782553
TXN_007776,1877,2023-12-12,3237.1042053980523
TXN_007777,1384,2023-06-18,1194.9739480540895
TXN_007778,1547,2024-01-11,1452.9014100451604
TXN_007779,2429,2022-12-16,2237.1108913294083
TXN_007780,1372,2022-05-05,4257.5060584301555
TXN_007781,2187,2023-08-08,1897.5896286710113
TXN_007782,1556,2023-11-29,3472.522768745535
TXN_007783,1655,2024-03-05,320.9300002504693
TXN_007784,1522,2022-02-07,2207.2840777392003
TXN_007785,1834,2022-09-05,918.4280145031723
TXN_007786,2377,2023-08-11,4698.370466639703
TXN_007787,2432,2022-05-21,3978.033856291735
TXN_007788,1510,2022-04-07,779.8296593500127
TXN_007789,1857,2023-10-17,2069.071568101789
TXN_007790,1962,2023-08-15,494.8994248478537
TXN_007791,1211,2022-09-13,3758.1375395077353
TXN_007792,1926,2022-12-20,1037.6910948704915
TXN_007793,1624,2023-04-20,4041.2364978370447
TXN_007794,1344,2024-03-26,462.7109949709931
TXN_007795,2034,2023-06-11,2907.491519131832
TXN_007796,1335,2024-03-18,3080.1859210899
TXN_007797,2363,2024-03-08,1738.2402090642972
TXN_007798,2281,2023-01-03,904.6202920163432
TXN_007799,1053,2023-06-19,1686.7630560977175
TXN_007800,1604,2022-09-22,2528.0076033330756
TXN_007801,1295,2023-11-03,4848.627458148474
TXN_007802,2240,2024-03-13,2290.0149887669786
TXN_007803,1700,2022-11-01,1027.9710010744504
TXN_007804,1387,2023-08-31,226.8425210253534
TXN_007805,2130,2023-03-05,140.3242173023786
TXN_007806,2496,2024-02-23,2142.0161285471395
TXN_007807,2031,2022-10-15,1551.915591911601
TXN_007808,2191,2024-03-03,663.9014582833495
TXN_007809,2354,2022-10-20,943.6594815287483
TXN_007810,1036,2022-02-06,1814.5393328326327
TXN_007811,2254,2023-11-06,3464.487759647734
TXN_007812,1182,2022-10-28,3086.9809631249273
TXN_007813,1291,2022-05-16,491.781120480128
TXN_007814,1069,2023-05-03,800.8301129639497
TXN_007815,1236,2022-08-29,4551.1746349191235
TXN_007816,1463,2022-06-24,448.29813783558126
TXN_007817,2141,2024-03-14,1074.4766410824877
TXN_007818,1190,2023-09-22,1657.9166786722808
TXN_007819,1929,2022-12-04,1227.5834320450713
TXN_007820,1400,2022-12-25,1525.107851224296
TXN_007821,1316,2022-09-14,3665.9280777885847
TXN_007822,1717,2023-03-28,565.5643893669428
TXN_007823,1221,2022-08-06,1825.9436657897631
TXN_007824,1657,2022-07-22,3097.473523359339
TXN_007825,2212,2023-10-17,339.3206682411892
TXN_007826,1291,2022-09-12,317.04391929312
TXN_007827,1948,2022-04-06,2542.9806896673335
TXN_007828,1222,2023-12-20,4509.140287500649
TXN_007829,1757,2022-12-14,2279.365400535899
TXN_007830,1758,2023-08-22,2092.558834653274
TXN_007831,2440,2022-05-11,149.77318801004878
TXN_007832,2430,2023-09-19,3690.2857743064706
TXN_007833,1037,2022-10-15,904.0172120671843
TXN_007834,2476,2024-02-06,3522.6188845773804
TXN_007835,2230,2023-10-22,1807.6806746718664
TXN_007836,1925,2022-02-25,320.44375963746114
TXN_007837,1399,2022-11-30,1706.7134829307
TXN_007838,2210,2023-09-03,3331.8456502216477
TXN_007839,2383,2024-03-20,3864.8594072486126
TXN_007840,2029,2023-07-26,3214.1660969111317
TXN_007841,2156,2022-07-03,3584.1978333179845
TXN_007842,1997,2023-11-18,1255.9792034182008
TXN_007843,2496,2023-10-26,4829.716077791075
TXN_007844,1512,2024-03-19,1211.8614361932175
TXN_007845,1781,2022-01-04,933.4854927195718
TXN_007846,1082,2023-08-11,1324.0775424360058
TXN_007847,2400,2023-03-11,4863.070369936265
TXN_007848,1334,2023-05-28,418.27274263608433
TXN_007849,1658,2024-02-21,3889.8819457515638
TXN_007850,1101,2023-01-29,615.9038657110776
TXN_007851,2311,2022-06-13,3889.1280789566067
TXN_007852,1824,2024-03-20,1457.4178408748464
TXN_007853,2054,2023-01-13,3660.4534278479196
TXN_007854,2337,2022-02-17,340.10293427608696
TXN_007855,1996,2023-06-14,1739.5175270818602
TXN_007856,1153,2023-08-24,2376.6599669193083
TXN_007857,1559,2022-11-28,201.30783188734512
TXN_007858,2176,2022-06-05,986.1568965317754
TXN_007859,1942,2023-11-24,927.1108346127664
TXN_007860,1693,2023-05-14,2458.868389990223
TXN_007861,1231,2022-01-09,752.547756469673
TXN_007862,2144,2022-06-01,4888.132912147082
TXN_007863,2208,2023-10-22,4445.956056757552
TXN_007864,2479,2023-04-19,1199.2477709603272
TXN_007865,1387,2022-01-27,1247.629003906245
TXN_007866,1631,2023-09-05,4742.394707192277
TXN_007867,1863,2022-07-18,1567.7667437089783
TXN_007868,2249,2022-03-24,2174.115654262664
TXN_007869,2218,2022-02-23,3537.24892229389
TXN_007870,1808,2023-08-17,1785.7794039110875
TXN_007871,2049,2022-05-23,4522.038241245001
TXN_007872,2217,2022-09-10,2986.2775260691074
TXN_007873,2042,2022-04-07,2879.455621068266
TXN_007874,1854,2023-03-11,2816.047652783678
TXN_007875,1536,2023-03-29,649.0313744450718
TXN_007876,1558,2023-07-06,3973.1651449624164
TXN_007877,1710,2022-08-17,2903.356830019968
TXN_007878,2287,2022-07-16,362.2439597656041
TXN_007879,2494,2023-04-30,4266.766241522659
TXN_007880,1238,2022-06-20,3674.344986155943
TXN_007881,1288,2023-05-29,1515.5569818875144
TXN_007882,1367,2022-10-13,1501.5924268502151
TXN_007883,1411,2023-05-12,2573.108539746773
TXN_007884,2045,2023-04-04,135.43583028619884
TXN_007885,1353,2023-07-18,4067.1412582611124
TXN_007886,1419,2023-09-07,4716.022853830059
TXN_007887,2338,2022-02-02,2288.351384819954
TXN_007888,1781,2024-02-16,2729.2132086244806
TXN_007889,1328,2023-06-07,4067.945326870467
TXN_007890,2493,2023-01-15,1460.2349272003614
TXN_007891,1872,2023-08-11,2509.4793550370287
TXN_007892,1781,2022-02-23,643.8708615257799
TXN_007893,2486,2022-11-27,3539.3479376581186
TXN_007894,2463,2022-04-07,3984.9894027026826
TXN_007895,1737,2023-05-20,427.83762649100004
TXN_007896,2271,2022-05-28,4423.855547905549
TXN_007897,2194,2023-06-01,1935.145401089356
TXN_007898,1748,2023-05-10,4618.812401686145
TXN_007899,1747,2022-10-07,4510.845368636959
TXN_007900,2302,2023-02-20,3975.4084910374986
TXN_007901,1147,2022-10-14,4167.733037561332
TXN_007902,1620,2022-04-16,1517.929668360648
TXN_007903,1142,2023-07-10,1899.7048890501173
TXN_007904,1975,2022-07-25,1276.3008577870437
TXN_007905,1070,2024-03-02,1837.0731384345327
TXN_007906,1310,2022-04-28,2853.335273196268
TXN_007907,1637,2023-04-25,4333.749211136142
TXN_007908,1466,2024-02-19,2781.1986789482517
TXN_007909,1593,2023-11-21,3513.762132380182
TXN_007910,1040,2023-01-06,765.3742258678878
TXN_007911,1898,2022-08-16,4703.883303939641
TXN_007912,1770,2022-10-08,2957.5678350314556
TXN_007913,1355,2023-03-11,3901.467122584457
TXN_007914,2167,2022-04-27,4992.973004448693
TXN_007915,1278,2023-10-16,4312.655428351948
TXN_007916,2494,2023-08-07,2571.4070001266255
TXN_007917,1654,2023-06-25,4353.399374372297
TXN_007918,1968,2022-01-25,3328.735161678273
TXN_007919,1057,2022-03-28,3677.0888765736927
TXN_007920,1167,2022-07-06,3222.744520788597
TXN_007921,2189,2023-09-04,1509.4054980209253
TXN_007922,1372,2022-09-12,1738.9385196948197
TXN_007923,1081,2023-01-31,2835.8608360167323
TXN_007924,1133,2022-06-27,4382.973022639957
TXN_007925,1363,2022-05-20,2317.4603610434083
TXN_007926,2069,2022-03-23,2748.7805451018185
TXN_007927,1261,2023-03-08,1908.573184176357
TXN_007928,1468,2023-06-15,188.86378438379967
TXN_007929,2245,2023-01-03,3253.343248683842
TXN_007930,1091,2024-02-06,2873.0848861227782
TXN_007931,1018,2022-02-22,4893.456215349684
TXN_007932,1269,2023-07-01,2589.03723858117
TXN_007933,1576,2023-01-04,2721.2440977569026
TXN_007934,1863,2023-10-29,1483.0836349086323
TXN_007935,1668,2023-08-02,588.03553344295
TXN_007936,1414,2024-01-12,3567.106464056139
TXN_007937,2270,2022-02-20,4061.236620229235
TXN_007938,2325,2022-12-27,4361.522713446627
TXN_007939,1015,2022-02-12,2080.9316052581594
TXN_007940,1619,2023-07-01,3547.4683873512886
TXN_007941,1502,2023-06-11,1387.1912927734456
TXN_007942,2418,2023-10-18,1338.6767252310017
TXN_007943,1695,2022-03-10,4979.0537664341555
TXN_007944,2001,2023-12-12,4262.252743105893
TXN_007945,1183,2022-03-26,1355.444551858783
TXN_007946,1440,2022-06-18,2223.656570640438
TXN_007947,1580,2023-12-06,2868.345175946624
TXN_007948,2273,2022-01-30,163.5616677044893
TXN_007949,1375,2022-05-27,4800.440712780538
TXN_007950,2481,2022-03-29,632.9802021590198
TXN_007951,2111,2022-10-29,4104.473448139368
TXN_007952,1345,2023-08-14,4882.058081653962
TXN_007953,1728,2024-01-09,3550.722665635794
TXN_007954,1389,2022-01-24,4836.782642666673
TXN_007955,1179,2023-02-24,196.48078107810255
TXN_007956,1636,2022-06-26,1837.2873731390123
TXN_007957,1375,2022-07-06,2434.614823773204
TXN_007958,1182,2024-02-21,3936.4057053124284
TXN_007959,1843,2022-08-02,3307.2062934252303
TXN_007960,1328,2022-10-22,3706.444608355413
TXN_007961,1489,2024-02-15,808.8428725134127
TXN_007962,1199,2023-11-19,4239.350733581149
TXN_007963,1695,2023-08-15,4128.906688068017
TXN_007964,1478,2024-01-20,3867.6711373057888
TXN_007965,1808,2023-08-16,4107.954588272589
TXN_007966,2478,2022-07-16,1146.6147840001024
TXN_007967,1991,2024-03-19,787.3079656110365
TXN_007968,2016,2024-03-13,4485.8016280235015
TXN_007969,2463,2023-03-24,4789.350597891843
TXN_007970,1498,2022-06-30,2178.905574817539
TXN_007971,1629,2022-02-23,2290.299104754798
TXN_007972,2179,2022-06-14,3730.7876292524893
TXN_007973,2482,2023-03-12,2525.4954424100706
TXN_007974,1182,2023-06-14,1636.4217696959713
TXN_007975,1435,2024-02-28,1031.4707206981375
TXN_007976,1045,2022-09-13,210.99102215691124
TXN_007977,1875,2022-10-25,2979.7234242495642
TXN_007978,1243,2022-05-16,796.5542806731089
TXN_007979,1155,2023-04-22,4305.919718255639
TXN_007980,2417,2023-12-25,4916.056399950216
TXN_007981,1961,2024-01-23,2342.926756910178
TXN_007982,1248,2022-04-24,666.2930184470673
TXN_007983,1944,2022-12-23,2956.7854085783156
TXN_007984,2278,2023-02-27,2912.0051568397466
TXN_007985,2385,2022-11-13,753.4333447422785
TXN_007986,1818,2023-12-10,3269.958292803941
TXN_007987,1645,2022-07-06,1648.7079423270036
TXN_007988,1376,2022-09-23,4242.910330649737
TXN_007989,1152,2023-12-04,2980.797882989399
TXN_007990,1771,2024-02-14,2221.4596155802255
TXN_007991,1239,2023-07-01,4820.257840297989
TXN_007992,2483,2022-02-11,2506.998660905567
TXN_007993,2175,2023-12-26,4447.742383634743
TXN_007994,2463,2022-03-29,1395.1196094435327
TXN_007995,1602,2022-10-12,2264.6986845417405
TXN_007996,1239,2022-06-04,511.0521909647071
TXN_007997,2206,2022-10-21,2171.512713505215
TXN_007998,1309,2024-02-09,4483.014824854869
TXN_007999,1258,2023-06-21,4164.364842977118
TXN_008000,2483,2023-12-07,4880.9598120680475
